_step,train/loss,optimizer/learning_rate,optimizer/grad_norm,performance/step_ms,performance/tokens_per_second,performance/data_wait_ms,trainer/tokens_seen,attention_max_logit
0,11.382049560546877,0.0,4.649816036224365,608.4692439762875,861650.782172372,0.0,524288.0,
165,7.563849449157715,0.000165,0.9020849466323853,1439.9588441010565,364099.2950234662,0.181380077265203,87031808.0,
330,6.1054863929748535,0.00033,0.4929654598236084,497.3192099714652,1054228.3295875145,0.1684800954535603,173539328.0,
495,5.284914493560791,0.000495,0.4585711061954498,479.9893220188096,1092290.9655466345,0.1761600142344832,260046848.0,
660,4.65926456451416,0.00066,0.484389990568161,482.0298510603606,1087667.078805764,0.1732910750433802,346554368.0,
825,4.095329761505127,0.000825,0.3892843723297119,478.80033194087446,1095003.417969106,0.1320599112659692,433061888.0,
990,3.817734956741333,0.00099,0.5309523940086365,480.5639019468799,1090984.9821761127,0.1734200632199645,519569408.0,
1155,3.615921974182129,0.001155,0.2469853907823562,479.460239992477,1093496.3032768397,0.1802899641916155,606076928.0,
1320,3.5324859619140625,0.00132,0.3025641441345215,481.12265090458095,1089717.9731909565,0.1901289215311408,692584448.0,
1485,3.457464694976806,0.001485,0.3930583596229553,484.3621409963816,1082429.7681926314,0.2267899690195918,779091968.0,
1650,3.4269943237304688,0.00165,0.2232324033975601,480.0541111035273,1092143.547723797,0.1522200182080268,865599488.0,
1815,3.317295551300049,0.001815,0.3455673456192016,499.7185399988666,1049166.5968630845,0.1994899939745664,952107008.0,
1980,3.293379783630371,0.00198,0.3080361485481262,489.5428710151464,1070974.6398978378,0.1944099785760045,1038614528.0,
2145,3.29010009765625,0.002,0.2858316600322723,479.28888199385256,1093887.256092714,0.1759099541231989,1125122048.0,
2310,3.248871326446533,0.002,0.2326972931623459,497.20446998253465,1054471.614099561,0.1575899077579379,1211629568.0,
2475,3.180198907852173,0.002,0.1467303931713104,480.60436092782766,1090893.139187999,0.1690799836069345,1298137088.0,
2640,3.1287143230438232,0.002,0.1288164407014846,1495.25282997638,350635.01602486987,0.2261899644508958,1384120320.0,
2805,3.1671154499053955,0.002,0.197490781545639,480.49468104727566,1091142.1513704862,0.2080600243061781,1470627840.0,
2970,3.1051762104034424,0.002,0.1445909440517425,482.1819909848273,1087323.893887397,0.1697599655017256,1557135360.0,
3135,3.054929256439209,0.002,0.1912867724895477,507.2621089639142,1033564.28705243,0.1696899998933076,1643642880.0,
3300,3.0234835147857666,0.002,0.1016390770673751,481.738090980798,1088325.8139969215,0.176409026607871,1730150400.0,
3465,3.0047736167907715,0.002,0.1082642674446106,482.4887498980388,1086632.5901086696,0.2144399331882596,1816657920.0,
3630,2.9517462253570557,0.002,0.1155334115028381,480.3232899866998,1091531.4974931104,0.1974600600078702,1903165440.0,
3795,2.9785337448120117,0.002,0.1122551560401916,502.7806089492515,1042776.890492448,0.1859499607235193,1989672960.0,
3960,2.906641721725464,0.002,0.1068642809987068,481.949171051383,1087849.158151375,0.169120030477643,2076180480.0,
4125,2.935952663421631,0.002,0.1032239347696304,487.1123399352655,1076318.4526790574,0.1754299737513065,2162688000.0,
4290,2.9557485580444336,0.002,0.0632013827562332,507.1787489578128,1033734.1638965444,0.1682599540799856,2249195520.0,
4455,2.9498395919799805,0.002,0.0875532552599906,481.062991078943,1089853.1163748652,0.1863499637693166,2335703040.0,
4620,2.916533946990967,0.002,0.08973228931427,1085.675423964858,482914.1273966707,0.2321699867025017,2422210560.0,
4785,2.8827919960021973,0.002,0.0723340064287185,480.1757710520178,1091866.8362865057,0.210819998756051,2508718080.0,
4950,3.0172882080078125,0.002,0.0643798038363456,481.0676210327074,1089842.627268307,0.1695400569587946,2595225600.0,
5115,2.89642333984375,0.002,0.0737204551696777,481.7616899963468,1088272.502539535,0.2861899556592107,2680684544.0,
5280,2.8509843349456787,0.002,0.0735413953661918,484.07152004074305,1083079.6241759318,0.1950100995600223,2767192064.0,
5445,2.9152026176452637,0.002,0.0671346783638,482.062880997546,1087592.5541395687,0.1836089650169015,2853699584.0,
5610,2.806253433227539,0.002,0.0866376981139183,482.3239200050011,1087003.937093901,0.1619200920686125,2940207104.0,
5775,2.840940475463867,0.002,0.0622863136231899,481.9269309518859,1087899.36052016,0.2190090017393231,3026714624.0,
5940,2.905848264694214,0.002,0.0798430070281028,481.4146009739488,1089057.1223625415,0.1758999424055218,3113222144.0,
6105,2.8239054679870605,0.002,0.0590199865400791,482.4271110119298,1086771.427294506,0.2591999946162104,3199729664.0,
6270,2.8460652828216553,0.002,0.0673312321305275,480.65727099310607,1090773.0552306983,0.1764300977811217,3286237184.0,
6435,2.8668723106384277,0.002,0.052060417830944,487.2229699976742,1076074.0611275013,0.1775500131770968,3372744704.0,
6600,2.8098809719085693,0.002,0.0691004619002342,480.7031009113416,1090669.0616433052,0.1613199710845947,3459252224.0,
6765,2.804474115371704,0.002,0.0719672366976738,480.05246196407825,1092147.2995991672,0.1931600272655487,3545759744.0,
6930,2.8436875343322754,0.002,0.0648712888360023,480.1311610499397,1091968.2839445353,0.1559800002723932,3632267264.0,
7095,2.8622395992279053,0.002,0.0641835406422615,479.3434600578621,1093762.7060494632,0.1933699240908026,3718774784.0,
7260,2.757413864135742,0.002,0.0661187171936035,481.4550520386547,1088965.62156732,0.1755800331011414,3805282304.0,
7425,2.792841911315918,0.002,0.0652453154325485,480.065670912154,1092117.2493001237,0.1635299995541572,3891789824.0,
7590,2.780550718307495,0.002,0.0648396238684654,482.6265110168606,1086322.4212349246,0.1551599707454443,3977773056.0,
7755,2.7410335540771484,0.002,0.0548371225595474,482.3289510095492,1086992.5989361152,0.2449600724503398,4064280576.0,
7920,2.784592628479004,0.002,0.068507932126522,480.785179999657,1090482.8638860583,0.1847799867391586,4150788096.0,
8085,2.686729431152344,0.002,0.0577291660010814,478.8235719315708,1094950.2713181518,0.1774500124156475,4237295616.0,
8250,2.715066909790039,0.002,0.0462805852293968,481.3868310302496,1089119.9472115485,0.166799989528954,4323803136.0,
8415,2.8132553100585938,0.002,0.0637676045298576,480.9563709422946,1090094.7189301385,0.203870004042983,4410310656.0,
8580,2.6285223960876465,0.002,0.0472598522901535,479.9432809231803,1092395.7493300496,0.213771010749042,4496818176.0,
8745,2.632063150405884,0.002,0.0522891469299793,480.1482210168615,1091929.4856277066,0.2170699881389737,4583325696.0,
8910,2.78031325340271,0.002,0.0619077607989311,480.1907211076468,1091832.842564377,0.1621999545022845,4669833216.0,
9075,2.772730588912964,0.002,0.0613123513758182,480.6583010358736,1090770.7177221312,0.173080014064908,4756340736.0,
9240,2.728710174560547,0.002,0.0588964708149433,483.4257219918072,1084526.4870057644,0.1567499712109565,4842848256.0,
9405,2.7397382259368896,0.002,0.0422461330890655,480.81418103538454,1090417.089760121,0.1644699368625879,4929355776.0,
9570,2.7079429626464844,0.002,0.047788631170988,497.5858200341463,1053663.4664629735,0.1746299676597118,5015863296.0,
9735,2.7525815963745117,0.002,0.0537047237157821,479.2389110662043,1094001.31728363,0.1976300263777375,5102370816.0,
9900,2.7064208984375,0.002,0.0574059747159481,498.2647099532187,1052227.840998863,0.1627799356356263,5188878336.0,
10065,2.6769447326660156,0.002,0.0536120980978012,480.2897919435054,1091607.6268838749,0.1861309865489602,5274337280.0,
10230,2.8463573455810547,0.002,0.0562798343598842,479.9577909288928,1092362.7241997928,0.3956899745389819,5360844800.0,
10395,2.6675665378570557,0.002,0.0720730572938919,480.7063719490543,1090661.6400241195,0.181750045157969,5447352320.0,
10560,2.7208311557769775,0.002,0.0549350939691066,482.3234520154074,1087004.991793872,0.2099989214912057,5533859840.0,
10725,2.7094504833221436,0.002,0.0604110732674598,479.9359019380063,1092412.5448479634,0.1741909654811024,5620367360.0,
10890,2.761359691619873,0.002,0.0475282669067382,479.6928619034588,1092966.023967053,0.1492600422352552,5706874880.0,
11055,2.7513680458068848,0.002,0.0620501153171062,480.96086096484214,1090084.5423227174,0.2194290282204747,5793382400.0,
11220,2.764906883239746,0.002,0.0650088563561439,481.082281912677,1089809.4145466064,0.1956999767571687,5879889920.0,
11385,2.6693568229675293,0.002,0.0516275130212307,484.0538220014423,1083119.2238751454,0.1554989721626043,5966397440.0,
11550,2.7487828731536865,0.002,0.0593327768146991,480.0120120635256,1092239.3332328,0.1866399543359875,6052904960.0,
11715,2.7697272300720215,0.002,0.0622994601726532,480.8190820040181,1090405.9751846923,0.2385999541729688,6139412480.0,
11880,2.7029333114624023,0.002,0.0544910207390785,481.2391410814598,1089454.1928193937,0.1927800476551056,6225920000.0,
12045,2.6737725734710693,0.002,0.0612340681254863,479.40559196285903,1093620.952257516,0.1980899833142757,6312427520.0,
12210,2.7112417221069336,0.002,0.0601761899888515,480.2959320368245,1091593.671794419,0.1989100128412246,6398935040.0,
12375,2.7017831802368164,0.002,0.0496421493589878,482.31740097980946,1087018.629091401,0.1977899810299277,6485442560.0,
12540,2.6766600608825684,0.002,0.063132956624031,481.9318410009146,1087888.2767138125,0.1704000169411301,6571425792.0,
12705,2.700406551361084,0.002,0.0598353408277034,481.03126196656376,1089925.0037442327,0.2060399856418371,6657933312.0,
12870,2.721540927886963,0.002,0.0549214668571949,480.9425009880215,1090126.1562929703,0.185710028745234,6744440832.0,
13035,2.7573513984680176,0.002,0.0547469407320022,481.6528520314023,1088518.4169236852,0.1613310305401682,6830948352.0,
13200,2.601652145385742,0.002,0.0656315684318542,479.23439100850374,1094011.635718975,0.1885700039565563,6917455872.0,
13365,2.7391724586486816,0.002,0.0633191689848899,480.99315993022174,1090011.342523164,0.1695399405434727,7003963392.0,
13530,2.702866554260254,0.002,0.052858829498291,482.278160052374,1087107.0751847106,0.1971699530258774,7090470912.0,
13695,2.6891613006591797,0.002,0.0597086772322654,480.9483400313184,1090112.9214124316,0.2803299576044082,7176978432.0,
13860,2.682992696762085,0.002,0.0540873184800148,498.46357898786664,1051808.0399466096,0.2240400062873959,7263485952.0,
14025,2.7513177394866943,0.002,0.0609132908284664,480.7023199973628,1090670.8334648276,0.1866000238806009,7349993472.0,
14190,2.756516456604004,0.002,0.0578672625124454,481.5320399357006,1088791.516489762,0.2361100632697343,7436500992.0,
14355,2.7294609546661377,0.002,0.06090834364295,482.84411104395986,1085832.855797773,0.173910055309534,7523008512.0,
14520,2.639475107192993,0.002,0.0644598677754402,479.67389109544456,1093009.2501025414,0.170320039615035,7609516032.0,
14685,2.697693347930908,0.002,0.0628743395209312,479.0889610303566,1094343.728714675,0.1966600539162755,7696023552.0,
14850,2.612424373626709,0.002,0.0663016438484191,480.8877609902993,1090250.2465862844,0.1771600218489766,7782531072.0,
15015,2.6773722171783447,0.002,0.0617505423724651,481.6308210138231,1088568.2085220052,0.1780499005690217,7867990016.0,
15180,2.692143440246582,0.002,0.0698927119374275,479.81463104952127,1092688.6469743534,0.1871399581432342,7954497536.0,
15345,2.719250202178955,0.002,0.061435516923666,479.63366110343486,1093100.9278911625,0.2074199728667736,8041005056.0,
15510,2.7948598861694336,0.002,0.0689811632037162,482.69137006718665,1086176.452516695,0.1798899611458182,8127512576.0,
15675,2.65844988822937,0.002,0.0667414516210556,479.834761004895,1092642.806665379,0.1893709413707256,8214020096.0,
15840,2.6675214767456055,0.002,0.0603209063410759,479.9119409872219,1092467.0866107072,0.21875009406358,8300527616.0,
16005,2.6629717350006104,0.002,0.0562582798302173,480.5519499350339,1091012.1165274198,0.2195800188928842,8387035136.0,
16170,2.6956896781921387,0.002,0.0597118102014064,484.1649099253118,1082870.7104793647,0.2224500058218836,8473542656.0,
16335,2.702056884765625,0.002,0.059632807970047,480.1797199761495,1091857.8569416497,0.2163400640711188,8560050176.0,
16500,2.6672892570495605,0.002,0.0541852563619613,481.5006400458514,1088862.5193729214,0.3012599190697074,8646557696.0,
16665,2.7409236431121826,0.002,0.0623794496059417,481.2888400629163,1089341.6932988986,0.1820600591599941,8733065216.0,
16830,2.713106632232666,0.002,0.0649374574422836,481.71571106649935,1088376.3762640154,0.1863900106400251,8819572736.0,
16995,2.717247009277344,0.002,0.0651243105530738,479.8318799585104,1092649.367201974,0.2032499760389328,8906080256.0,
17160,2.717705249786377,0.002,0.0630392283201217,480.7782699353993,1090498.537029236,0.2052700147032737,8992587776.0,
17325,2.697437524795532,0.002,0.0638309121131897,481.5961599815637,1088646.5540341325,0.1791799440979957,9079095296.0,
17490,2.677288293838501,0.002,0.0538662299513816,480.88686098344624,1090252.2870510446,0.228760065510869,9165602816.0,
17655,2.665031909942627,0.002,0.0659978911280632,479.9138200469315,1092462.809153379,0.1682100119069218,9251586048.0,
17820,2.694694995880127,0.002,0.0696103647351265,480.8817309094593,1090263.9179252023,0.2425200073048472,9338093568.0,
17985,2.7063417434692383,0.002,0.0681968629360199,484.92401000112295,1081175.5846009478,0.1761799212545156,9424601088.0,
18150,2.637775421142578,0.002,0.0654120966792106,479.23295106738806,1094014.9228726062,0.1670500496402382,9511108608.0,
18315,2.661130666732788,0.002,0.0635863617062568,479.315250995569,1093827.0770876156,0.1765290508046746,9597616128.0,
18480,2.672826051712036,0.002,0.0565752387046813,481.0426910407841,1089899.1082592905,0.1663700677454471,9684123648.0,
18645,2.682274341583252,0.002,0.0658620819449424,1064.6847839234397,492434.95156187087,0.2312799915671348,9770631168.0,
18810,2.6847481727600098,0.002,0.0581578165292739,479.8808710183948,1092537.818578526,0.2233899431303143,9857138688.0,
18975,2.522711753845215,0.002,0.0581947453320026,479.3911910383031,1093653.8046609825,0.1761598978191614,9943646208.0,
19140,2.6888694763183594,0.002,0.05530945956707,480.4183500818908,1091315.5168003703,0.1958900829777121,10030153728.0,
19305,2.7091686725616455,0.002,0.063192069530487,479.0377509780228,1094460.716153565,0.1898399787023663,10116661248.0,
19470,2.6699068546295166,0.002,0.0647592097520828,479.1684610536322,1094162.1634428017,0.1863709185272455,10203168768.0,
19635,2.566999912261963,0.002,0.0676880702376365,481.6817099926993,1088453.202858681,0.1486699329689145,10289676288.0,
19800,2.6351757049560547,0.002,0.0596224777400493,481.52893991209567,1088798.5259945334,0.1781700411811471,10376183808.0,
19965,2.616708517074585,0.002,0.0591746605932712,478.60730008687824,1095445.054650921,0.1395900035277009,10462691328.0,
20130,2.703019142150879,0.002,0.1100939363241195,481.82955000083894,1088119.232203768,0.1668001059442758,10547625984.0,
20295,2.540618658065796,0.002,0.0580309890210628,481.6309899324551,1088567.8267370777,0.1887199468910694,10634133504.0,
20460,2.6250786781311035,0.002,0.0594664327800273,480.493739945814,1091144.288496089,0.1788999652490019,10720641024.0,
20625,2.68691349029541,0.002,0.0594991818070411,480.55418103467673,1091007.051215662,0.1386399380862712,10807148544.0,
20790,2.6353325843811035,0.002,0.0598432086408138,490.3408900136128,1069231.652260216,0.2107600448653102,10893656064.0,
20955,2.7357685565948486,0.002,0.0608015023171901,479.2177400086075,1094049.64847625,0.190339982509613,10980163584.0,
21120,2.5931825637817383,0.002,0.056077416986227,478.66928996518254,1095303.1894695724,0.1699290005490183,11066671104.0,
21285,2.6701135635375977,0.002,0.0634068250656127,478.9231199538335,1094722.6770980267,0.1545299310237169,11153178624.0,
21450,2.862043857574463,0.002,0.0720999166369438,480.6494200602174,1090790.8719297226,0.1862399512901902,11239686144.0,
21615,2.669222116470337,0.002,0.0662228465080261,480.6415600469336,1090808.709818611,0.1613399945199489,11326193664.0,
21780,2.604795455932617,0.002,0.0595783814787864,481.0233400203288,1089942.9536575975,0.1721599837765097,11412701184.0,
21945,2.6800546646118164,0.002,0.0605947338044643,479.5281700789928,1093341.3983033237,0.1659600529819727,11499208704.0,
22110,2.6552646160125732,0.002,0.0634681060910224,480.33126001246274,1091513.385962839,0.1692399382591247,11585716224.0,
22275,2.6271750926971436,0.002,0.0786563828587532,482.30273998342454,1087051.6721883405,0.159428920596838,11672223744.0,
22440,2.659398317337036,0.002,0.0587912090122699,478.3411710523069,1096054.514493524,0.1804799539968371,11758731264.0,
22605,2.6224348545074463,0.002,0.0640172362327575,481.3567899400368,1089187.9183117189,0.1630400074645877,11844714496.0,
22770,2.701103687286377,0.002,0.0627290606498718,480.61263107229024,1090874.3676383744,0.3131399862468242,11931222016.0,
22935,2.587366819381714,0.002,0.0699516683816909,480.7775899535045,1090500.079362483,0.1948799472302198,12017729536.0,
23100,2.649381160736084,0.002,0.0738381445407867,490.0218200637027,1069927.8655220754,0.1617399975657463,12104237056.0,
23265,2.6221203804016113,0.002,0.0524410791695117,479.4828399317339,1093444.7624333026,0.2002000110223889,12190744576.0,
23430,2.7534241676330566,0.002,0.0909763723611831,479.7133510001004,1092919.3421591686,0.1846699742600321,12277252096.0,
23595,2.583363771438598,0.002,0.0596322901546955,478.6112100118771,1095436.105616894,0.1568399602547288,12363759616.0,
23760,2.617792844772339,0.002,0.0515604242682457,480.68236000835896,1090716.1227861217,0.2804100513458252,12450267136.0,
23925,2.6758391857147217,0.002,0.0625510066747665,478.84952009189874,1094890.937552534,0.1342099858447909,12536774656.0,
24090,2.6747117042541504,0.002,0.0594439096748828,495.0647989753634,1059029.0424306474,0.1742399763315916,12623282176.0,
24255,2.6316890716552734,0.002,0.0682809203863143,481.516971020028,1088825.5898631515,0.1798300072550773,12709789696.0,
24420,2.6785106658935547,0.002,0.0576318465173244,480.2016500616446,1091807.9934392062,0.1990499440580606,12796297216.0,
24585,2.6352057456970215,0.002,0.0600075311958789,478.95751998294145,1094644.0511439785,0.1798899611458182,12882804736.0,
24750,2.703831195831299,0.002,0.0612275712192058,481.335680000484,1089235.6868276892,0.174528919160366,12969312256.0,
24915,2.718580484390259,0.002,0.0756928250193595,478.38270000647753,1095959.3647364357,0.1521889353170991,13055819776.0,
25080,2.639904260635376,0.002,0.0684795454144477,500.7542790845037,1046996.5448094052,0.179730006493628,13141278720.0,
25245,2.640783309936523,0.002,0.0719740763306617,479.499590001069,1093406.5657883694,0.1660799607634544,13227786240.0,
25410,2.6316699981689453,0.002,0.0657496824860572,478.5089099314064,1095670.2981249732,0.171659979969263,13314293760.0,
25575,2.5926079750061035,0.002,0.0558101385831832,480.699609965086,1090676.9823218286,0.1601700205355882,13400801280.0,
25740,2.645087242126465,0.002,0.0664434731006622,479.67547993175685,1093005.6297115502,0.1984699629247188,13487308800.0,
25905,2.6637988090515137,0.002,0.0607510469853878,482.08175995387137,1087549.9625834571,0.2196710556745529,13573816320.0,
26070,2.6482038497924805,0.002,0.0566126592457294,480.037302011624,1092181.7904628264,0.1632199855521321,13660323840.0,
26235,2.6519968509674072,0.002,0.0651172325015068,480.3635610733181,1091439.9893874915,0.2241800539195537,13746831360.0,
26400,2.6491129398345947,0.002,0.0661903619766235,479.25934090744704,1093954.6822546937,0.1794489799067378,13833338880.0,
26565,2.6503162384033203,0.002,0.0611745007336139,478.326249984093,1096088.7051827817,0.1649999758228659,13919846400.0,
26730,2.614104747772217,0.002,0.0602452605962753,480.0386499846354,1092178.723560657,0.1748900394886732,14006353920.0,
26895,2.6027402877807617,0.002,0.0568878725171089,480.7802509749308,1090494.043665154,0.1643899595364928,14092861440.0,
27060,2.64913558959961,0.002,0.0579768642783165,480.0559099530801,1092139.4552797882,0.1934800529852509,14179368960.0,
27225,2.680672407150269,0.002,0.0661084577441215,1077.7280849870294,486475.2132782267,0.1556200440973043,14265876480.0,
27390,2.582712173461914,0.002,0.0657230764627456,481.0371599160135,1089911.6402806342,0.1663200091570615,14352384000.0,
27555,2.7183241844177246,0.002,0.058141641318798,480.2113219629973,1091786.00341372,0.1841289922595024,14438367232.0,
27720,2.6311511993408203,0.002,0.0705760717391967,483.93950099125504,1083375.08908882,0.2401500241830945,14524874752.0,
27885,2.6311638355255127,0.002,0.0560896508395671,478.3394109690562,1096058.5475026148,0.1873200526461005,14611382272.0,
28050,2.655055284500122,0.002,0.0673162639141082,480.81581096630543,1090413.3933248315,0.1586599973961711,14697889792.0,
28215,2.6379337310791016,0.002,0.0637473911046981,480.4280400276184,1091293.5056202386,0.2171199303120374,14784397312.0,
28380,2.6378252506256104,0.002,0.0646294355392456,480.6191798998043,1090859.5035872257,0.1660400303080678,14870904832.0,
28545,2.683665990829468,0.002,0.0605167411267757,480.473421048373,1091190.4322533084,0.17531996127218,14957412352.0,
28710,2.681675434112549,0.002,0.0588818974792957,479.2463819030672,1093984.2632052314,0.273150042630732,15043919872.0,
28875,2.5885839462280273,0.002,0.0709823668003082,481.29012098070234,1089338.7940971714,0.2127399202436208,15130427392.0,
29040,2.627004623413086,0.002,0.0588185749948024,484.5250700600445,1082065.7844082825,0.1723599852994084,15216934912.0,
29205,2.5119924545288086,0.002,0.0630344972014427,480.39366002194583,1091371.6054788253,0.1726200571283698,15303442432.0,
29370,2.6667184829711914,0.002,0.0674365013837814,485.8843400143087,1079038.68641776,0.2014000201597809,15389949952.0,
29535,2.610678195953369,0.002,0.0634732395410537,481.5193400718272,1088820.232894058,0.1756689744070172,15476457472.0,
29700,2.6140007972717285,0.002,0.0662717819213867,484.0766800334677,1083068.0791393467,0.245230970904231,15562964992.0,
29865,2.6328413486480713,0.002,0.0553483664989471,481.3685709377751,1089161.261564318,0.1916199689731001,15649472512.0,
30030,2.6575896739959717,0.002,0.0646644830703735,479.46832003071904,1093477.875590215,0.2005299320444464,15734931456.0,
30195,2.623160600662231,0.002,0.0714625641703605,480.00068101100624,1092265.1169904866,0.1737100537866354,15821438976.0,
30360,2.653373956680298,0.002,0.0630413219332695,478.9840199518949,1094583.489554944,0.1875099260360002,15907946496.0,
30525,2.631471633911133,0.002,0.0661738067865371,479.8943710047752,1092507.0842199628,0.1799800666049122,15994454016.0,
30690,2.660761594772339,0.002,0.0628222450613975,487.9375100135803,1074498.2487314984,0.1664899755269289,16080961536.0,
30855,2.633477687835694,0.002,0.0576692521572113,480.59403093066067,1090916.5870927004,0.207369914278388,16167469056.0,
31020,2.634978771209717,0.002,0.0689754113554954,480.4992700228467,1091131.7304916428,0.1980910310521721,16253976576.0,
31185,2.5975520610809326,0.002,0.0620088502764701,479.91137101780623,1092468.384085334,0.180330011062324,16340484096.0,
31350,2.7019691467285156,0.002,0.0694969370961189,481.1109909787774,1089744.38296116,0.1862799981608986,16426991616.0,
31515,2.604248046875,0.002,0.06077266857028,479.7378509538248,1092863.5273568672,0.2392299938946962,16513499136.0,
31680,2.5891544818878174,0.002,0.0646505430340766,480.5556709179655,1091003.668728945,0.319630024023354,16600006656.0,
31845,2.6477982997894287,0.002,0.0649743154644966,479.7537709819153,1092827.2620493136,0.2046400913968682,16686514176.0,
32010,2.7570838928222656,0.002,0.0749817043542862,494.1922699799761,1060898.8279424997,0.2304300433024764,16773021696.0,
32175,2.6706974506378174,0.002,0.0849622189998626,480.0800810335204,1092084.4682231108,0.1705100294202566,16859529216.0,
32340,2.6160335540771484,0.002,0.0687291175127029,479.6909800497815,1092970.31173192,0.1812500413507223,16946036736.0,
32505,2.658757209777832,0.002,0.0665270909667015,479.930151021108,1092425.635031505,0.2104300074279308,17032544256.0,
32670,2.6232309341430664,0.002,0.0671972185373306,481.06393101625144,1089850.9869414598,0.1958300126716494,17118527488.0,
32835,2.5763306617736816,0.002,0.0767822414636612,481.03461996652186,1089917.3952105327,0.2261600457131862,17205035008.0,
33000,2.6447110176086426,0.002,0.0620456598699092,482.0792099926621,1087555.7151862667,0.196020002476871,17291542528.0,
33165,2.654445171356201,0.002,0.0623827949166297,480.84048205055296,1090357.4461205187,0.2266800729557871,17378050048.0,
33330,2.634798049926758,0.002,0.0636550039052963,478.02752105053514,1096773.6728793369,0.1833700807765126,17464557568.0,
33495,2.664370059967041,0.002,0.0657977163791656,478.40158094186336,1095916.1108284737,0.1512600574642419,17551065088.0,
33660,2.6273202896118164,0.002,0.0534082353115081,481.237189960666,1089458.6098860165,0.1558701042085886,17637572608.0,
33825,2.607274055480957,0.002,0.0651056915521621,478.3701510168612,1095988.114821822,0.1667100004851818,17724080128.0,
33990,2.6386806964874268,0.002,0.0586631447076797,479.006311041303,1094532.5518994937,0.2015699865296483,17810587648.0,
34155,2.643588066101074,0.002,0.0669672265648841,479.6765010105446,1093003.303050017,0.1653290819376707,17897095168.0,
34320,2.7331056594848633,0.002,0.065503679215908,480.56550102774054,1090981.351925501,0.175400055013597,17983602688.0,
34485,2.578657627105713,0.002,0.0608978420495986,479.1775509947911,1094141.407316678,0.1897999318316579,18070110208.0,
34650,2.5836732387542725,0.002,0.0619646422564983,479.9968210281804,1092273.9006415613,0.2089899498969316,18156617728.0,
34815,2.6058473587036133,0.002,0.0640362650156021,513.062758021988,1021878.8867492328,0.1785999629646539,18243125248.0,
34980,2.675967216491699,0.002,0.0696274787187576,480.4615899920464,1091217.3021129102,0.1689699711278081,18329632768.0,
35145,2.677457809448242,0.002,0.0716594085097312,480.2773409755901,1091635.9263066854,0.2170900115743279,18415091712.0,
35310,2.744558095932007,0.002,0.0575224421918392,477.9886509058997,1096862.862761181,0.1800199970602989,18501599232.0,
35475,2.6891374588012695,0.002,0.0716621056199073,480.20296008326113,1091805.0149234713,0.2316100290045142,18588106752.0,
35640,2.7155134677886963,0.002,0.0630209818482399,478.7328600650653,1095157.7460731298,0.1652099890634417,18674614272.0,
35805,2.5906753540039062,0.002,0.0596737898886203,478.50936104077846,1095669.2651939995,0.1806099899113178,18761121792.0,
35970,2.61307430267334,0.002,0.0657093897461891,479.949580039829,1092381.4121401908,0.1648800680413842,18847629312.0,
36135,2.599642276763916,0.002,0.0644085705280304,479.2034609708935,1094082.248358062,0.2032399643212556,18934136832.0,
36300,2.5694990158081055,0.002,0.0584748722612857,479.9331499962136,1092418.8087531282,0.1974300248548388,19020644352.0,
36465,2.631953001022339,0.002,0.0765132158994674,479.7167310025543,1092911.6416354645,0.1698500709608197,19107151872.0,
36630,2.65683650970459,0.002,0.0723253265023231,480.2310410887003,1091741.172772633,0.171659979969263,19193659392.0,
36795,2.6015257835388184,0.002,0.0624918192625045,479.9894100287929,1092290.765266154,0.1724000321701169,19280166912.0,
36960,2.638833284378052,0.002,0.0569371171295642,484.61349098943174,1081868.3543653833,0.1940599177032709,19366674432.0,
37125,2.583543300628662,0.002,0.083622932434082,479.9171700142324,1092455.1834318654,0.1874500885605812,19453181952.0,
37290,2.6204545497894287,0.002,0.063819795846939,478.8156809518114,1094968.316321213,0.2000990789383649,19539689472.0,
37455,2.638607978820801,0.002,0.0583985559642314,480.0780600635335,1092089.0655378331,0.1566100399941206,19626196992.0,
37620,2.611844539642334,0.002,0.0702546462416648,479.37457996886224,1093691.701454122,0.1718599814921617,19712180224.0,
37785,2.6273272037506104,0.002,0.0706460177898407,480.0626109354198,1092124.210586626,0.2203199546784162,19798687744.0,
37950,2.64422869682312,0.002,0.0598318800330162,481.6849100170657,1088445.9718313054,0.1733710523694753,19885195264.0,
38115,2.604137420654297,0.002,0.0728271827101707,478.96054992452264,1094637.1263408237,0.1581399701535701,19971702784.0,
38280,2.5724267959594727,0.002,0.0619775094091892,500.54561893921345,1047433.0014337212,0.1795499119907617,20058210304.0,
38445,2.6534523963928223,0.002,0.0619804784655571,482.38165001384914,1086873.8476783845,0.2033800119534135,20144717824.0,
38610,2.563287258148194,0.002,0.0620079413056373,481.9396700477227,1087870.6041112652,0.1652899663895368,20231225344.0,
38775,2.606856346130371,0.002,0.0706177949905395,479.2062899796292,1094075.7894106256,0.1913700252771377,20317732864.0,
38940,2.8342881202697754,0.002,0.8677266240119934,481.84178001247346,1088091.6137791695,0.1620399998500943,20404240384.0,
39105,2.6286532878875732,0.002,0.0600782483816146,480.23594997357577,1091730.0131921573,0.1827999949455261,20490747904.0,
39270,2.5642876625061035,0.002,0.0655658990144729,481.7490399582311,1088301.0790129588,0.1908399863168597,20577255424.0,
39435,2.611215591430664,0.002,0.0746753215789794,483.2464610226453,1084928.7936646298,0.1362300245091319,20663762944.0,
39600,2.6359095573425293,0.002,0.0562358014285564,478.81778108421713,1094963.5137041523,0.2139500575140118,20750270464.0,
39765,2.6422839164733887,0.002,0.0673697590827941,478.6170900333673,1095422.6477024644,0.2015799982473254,20836777984.0,
39930,2.4636306762695312,0.002,0.0963382199406623,478.92648994456977,1094714.974025931,0.2037000376731157,20923285504.0,
40095,2.5947105884552,0.002,0.0720557048916816,480.2260500146076,1091752.519431322,0.1831400441005826,21008220160.0,
40260,2.617498874664306,0.002,0.0676795989274978,480.75374006293714,1090554.1783853073,0.1690199133008718,21094727680.0,
40425,2.6147289276123047,0.002,0.0578092522919178,480.0401700194925,1092175.2652048073,0.1908299745991826,21181235200.0,
40590,2.64385986328125,0.002,0.0610430240631103,479.86284201033413,1092578.866501835,0.2051200717687606,21267742720.0,
40755,2.583850383758545,0.002,0.0615069046616554,480.06339999847114,1092122.4155010977,0.1630599144846201,21354250240.0,
40920,2.557269334793091,0.002,0.0817724987864494,479.99007999897,1092289.2406466503,0.1916600158438086,21440757760.0,
41085,2.5719809532165527,0.002,0.069089688360691,479.6578410314396,1093045.8238159711,0.1879699993878603,21527265280.0,
41250,2.5758819580078125,0.002,0.068944863975048,479.1279799537733,1094254.6082376232,0.2187299542129039,21613772800.0,
41415,2.6702723503112793,0.002,0.074720598757267,488.1939410697669,1073933.852704401,0.1980100059881806,21700280320.0,
41580,2.665125846862793,0.002,0.0660492554306984,480.2287908969447,1091746.2883072128,0.1972099998965859,21786787840.0,
41745,2.6742799282073975,0.002,0.0628028586506843,478.1034600455314,1096599.468136186,0.1405690563842654,21873295360.0,
41910,2.62223219871521,0.002,0.0712385401129722,487.40103002637625,1075680.9438248982,0.163209973834455,21959802880.0,
42075,2.6348843574523926,0.002,0.0594839192926883,479.0290310047567,1094480.6390967856,0.1785199856385588,22046310400.0,
42240,2.561183214187622,0.002,0.0585716962814331,480.616319924593,1090865.9949005872,0.1567300641909241,22132817920.0,
42405,2.6466219425201416,0.002,0.0630877614021301,480.53983005229384,1091039.6333701315,1.8320800736546516,22219325440.0,
42570,2.554091691970825,0.002,0.0682112872600555,480.5187110323459,1091087.5850674373,0.1787900691851973,22305308672.0,
42735,2.624476432800293,0.002,0.0670623183250427,479.94832100812346,1092384.2777462828,0.1673700753599405,22391816192.0,
42900,2.6255645751953125,0.002,0.0618581660091877,480.4399099666625,1091266.5436898863,0.1798400189727544,22478323712.0,
43065,2.6367180347442627,0.002,0.0702290385961532,479.42049091216177,1093586.9658021329,0.1613200874999165,22564831232.0,
43230,2.6586802005767822,0.002,0.0616470724344253,478.8830099860206,1094814.368159156,0.1905499957501888,22651338752.0,
43395,2.6258530616760254,0.002,0.0757673308253288,480.9471309417859,1090115.661930126,0.1797600416466593,22737846272.0,
43560,2.6822144985198975,0.002,0.1187713369727134,483.2078500185162,1085015.485530522,0.195339904166758,22824353792.0,
43725,2.610185146331787,0.002,0.0685357302427291,481.1170100001618,1089730.749698132,0.1795300049707293,22910861312.0,
43890,2.5873074531555176,0.002,0.0648721754550933,479.4336810009554,1093556.879244275,0.200579990632832,22997368832.0,
44055,2.540351629257202,0.002,0.0756290033459663,478.8578109582886,1094871.9807886116,0.1707710325717926,23083876352.0,
44220,2.5909180641174316,0.002,0.0597781054675579,479.0366399101913,1094463.2546234718,0.1342500327154994,23170383872.0,
44385,2.6409764289855957,0.002,0.0590687841176986,486.414710059762,1077862.1393575552,0.2120799617841839,23256891392.0,
44550,2.6101231575012207,0.002,0.057164691388607,482.7949299942702,1085943.4667348769,0.2085600281134247,23343398912.0,
44715,2.602308750152588,0.002,0.061692077666521,479.7266209498048,1092889.1103895146,0.1870699925348162,23429906432.0,
44880,2.612639904022217,0.002,0.070408709347248,480.5998000083491,1090903.491826031,0.1980200177058577,23516413952.0,
45045,2.479498863220215,0.002,0.1131367906928062,479.8793600639328,1092541.258557465,0.1491899602115154,23601872896.0,
45210,2.6183114051818848,0.002,0.0674153789877891,479.6705299522728,1093016.9090274666,0.1388000091537833,23688380416.0,
45375,2.6471850872039795,0.002,0.0715003833174705,480.9770700521767,1090047.8061108503,0.1584800193086266,23774887936.0,
45540,2.547386884689331,0.002,0.0619177557528018,480.87351000867784,1090282.55682152,0.1897700130939483,23861395456.0,
45705,2.639237880706787,0.002,0.0649698078632354,482.2026010369882,1087277.4200564371,0.165149918757379,23947902976.0,
45870,2.6065611839294434,0.002,0.0792611986398696,481.3514309935272,1089200.0443789067,0.3763899439945817,24034410496.0,
46035,2.615583896636963,0.002,0.0658879876136779,480.0784999970346,1092088.064771154,0.1761600142344832,24120918016.0,
46200,2.5783796310424805,0.002,0.0536597482860088,479.6732100658119,1093010.8019333973,0.1662999857217073,24207425536.0,
46365,2.6180548667907715,0.002,0.0690506696701049,480.8919609058648,1090240.7247823176,0.1901000505313277,24293933056.0,
46530,2.610468626022339,0.002,0.0646778345108032,481.1958799837157,1089552.1383469503,0.1485300017520785,24380440576.0,
46695,2.686642646789551,0.002,0.0754675790667533,481.78711999207735,1088215.060644671,0.147711019963026,24466948096.0,
46860,2.6086905002593994,0.002,0.0634596049785614,480.0979499705136,1092043.8215414176,0.1500300131738186,24553455616.0,
47025,2.615185260772705,0.002,0.0702857971191406,478.78504102118313,1095038.3890059832,0.1735698897391557,24639963136.0,
47190,2.6647937297821045,0.002,0.0855695530772209,480.4149999981746,1091323.1268840318,0.1730399671941995,24726470656.0,
47355,2.6443042755126953,0.002,0.0642465129494667,478.35327102802694,1096026.7897264608,0.1429800176993012,24812978176.0,
47520,2.611556053161621,0.002,0.0701063796877861,480.7839799905196,1090485.5856685122,0.1692399382591247,24899485696.0,
47685,2.562166213989258,0.002,0.0571617968380451,482.1417409693822,1087414.665541879,0.4008900141343474,24985468928.0,
47850,2.6527066230773926,0.002,0.0744631141424179,479.04196102172136,1094451.0975234318,0.1900099450722336,25071976448.0,
48015,2.6301350593566895,0.002,0.0582315698266029,481.94461106322706,1087859.450992425,0.1834899885579943,25158483968.0,
48180,2.625155448913574,0.002,0.0582433007657527,479.8191599547863,1092678.3333316743,0.1603099517524242,25244991488.0,
48345,2.650512218475342,0.002,0.0708078145980835,490.1568799978122,1069633.0529979302,0.1470099668949842,25331499008.0,
48510,2.637516736984253,0.002,0.0557236708700656,479.24124996643513,1093995.9780939554,0.1974999904632568,25418006528.0,
48675,2.5697712898254395,0.002,0.0645524933934211,483.0772599671036,1085308.7972629943,0.137140043079853,25504514048.0,
48840,2.6744418144226074,0.002,0.0659954324364662,480.9924199944362,1090013.0193445971,0.1595399808138609,25591021568.0,
49005,2.6305947303771973,0.002,0.0667531564831733,499.2616390809417,1050126.7450972756,0.1868000254034996,25677529088.0,
49170,2.4094700813293457,0.002,0.0667404681444168,478.80565095692873,1094991.253658288,0.148789957165718,25764036608.0,
49335,2.545684814453125,0.002,0.0699213221669197,480.2692199591547,1091654.3851063135,0.2029499737545848,25850544128.0,
49500,2.5608959197998047,0.002,0.0701415091753006,480.5935899494216,1090917.5880917946,0.1879800111055374,25937051648.0,
49665,2.666011333465576,0.002,0.0629251897335052,481.1347600771114,1089690.5472304109,0.2941900165751576,26023559168.0,
49830,2.5629281997680664,0.002,0.0686883330345153,480.3491709753871,1091472.686286502,0.1863200450316071,26110066688.0,
49995,2.6645278930664062,0.002,0.0693935379385948,479.1179309831932,1094277.559022084,0.2074800431728363,26196574208.0,
50160,2.611433744430542,0.002,0.0672389194369316,480.36621999926865,1091433.9480423878,0.1699089771136641,26282033152.0,
50325,2.6327428817749023,0.002,0.0615342631936073,479.9444699892774,1092393.042911221,0.1988300355151295,26368540672.0,
50490,2.5554370880126953,0.002,0.0721801668405532,480.5682799778878,1090975.0431803858,0.2020889660343527,26455048192.0,
50655,2.6279501914978027,0.002,0.0688576102256774,484.9182100733742,1081188.516143101,0.1892090076580643,26541555712.0,
50820,2.612199068069458,0.002,0.0648234412074089,487.9547900054604,1074460.1974173326,0.2033200580626726,26628063232.0,
50985,2.601048469543457,0.002,0.0748185962438583,483.76246995758265,1083771.5460770875,0.2148599596694111,26714570752.0,
51150,2.6341543197631836,0.002,0.0732118040323257,480.1046410575509,1092028.6020254337,0.2105300081893801,26801078272.0,
51315,2.660699367523194,0.002,0.0623321048915386,502.52888910472393,1043299.223919327,0.177779933437705,26887585792.0,
51480,2.622079372406006,0.002,0.0690622702240943,480.89516104664654,1090233.4697211569,0.213210005313158,26974093312.0,
51645,2.5530142784118652,0.002,0.0716029107570648,479.9473410239443,1092386.5082395435,0.2880999818444252,27060600832.0,
51810,2.5651116371154785,0.002,0.0618514567613601,481.64688993711025,1088531.8912127877,0.1861710334196686,27147108352.0,
51975,2.618802547454834,0.002,0.0623987577855587,479.8521000193432,1092603.3250221591,0.1953999744728207,27233615872.0,
52140,2.615931272506714,0.002,0.066544272005558,480.7282399851829,1090612.0264874802,0.2300200285390019,27320123392.0,
52305,2.6256895065307617,0.002,0.0639908537268638,479.91262993309647,1092465.5183029666,0.2056200755760073,27406630912.0,
52470,2.6063413619995117,0.002,0.0658169388771057,481.8853810429573,1087993.16315691,0.1651099883019924,27493138432.0,
52635,2.657115936279297,0.002,0.0609540715813636,479.29069004021585,1093883.1295805236,0.1443600049242377,27579121664.0,
52800,2.6805241107940674,0.002,0.0665671229362487,481.5550800412894,1088739.4230272614,0.1896200701594352,27665629184.0,
52965,2.588657855987549,0.002,0.0611834600567817,495.59362896252424,1057898.9909485814,0.1656899694353342,27752136704.0,
53130,2.579739570617676,0.002,0.0687116384506225,480.0131599185988,1092236.7213617838,0.1722800079733133,27838644224.0,
53295,2.582545042037964,0.002,0.0641980394721031,481.5702500054613,1088705.1266020986,0.1659499248489737,27925151744.0,
53460,2.6233606338500977,0.002,0.0576958730816841,481.9927900098264,1087750.710937629,0.1878299517557025,28011659264.0,
53625,2.6364688873291016,0.002,0.0724884420633316,480.80429004039615,1090439.5215690576,0.1842000056058168,28098166784.0,
53790,2.6252551078796387,0.002,0.0653815865516662,480.6334699969739,1090827.0703729829,0.1803499180823564,28184674304.0,
53955,2.6630666255950928,0.002,0.0659438297152519,481.04795999825,1089887.1705056338,0.1953800674527883,28271181824.0,
54120,2.667715549468994,0.002,0.0723145231604576,482.0276399841532,1087672.0679694552,0.1637599198147654,28357689344.0,
54285,2.581836938858032,0.002,0.0693289786577224,479.65376102365553,1093055.1214298585,0.1436910824850201,28444196864.0,
54450,2.67795467376709,0.002,0.0707015842199325,480.68071994930506,1090719.8442560667,0.200579990632832,28530704384.0,
54615,2.660828113555908,0.002,0.0552197657525539,481.6623609513045,1088496.9275251403,0.173310050740838,28617211904.0,
54780,2.6402699947357178,0.002,0.0692490860819816,482.6614200137555,1086243.8518186477,0.1537600765004754,28703719424.0,
54945,2.6186776161193848,0.002,0.062324933707714,485.46817002352327,1079963.6976706334,0.1988899894058704,28790226944.0,
55110,2.619291067123413,0.002,0.0601353719830513,480.09936104062945,1092040.6118924848,0.1505400286987424,28875685888.0,
55275,2.653984785079956,0.002,0.0591864474117755,479.68879097606987,1092975.299533641,0.1679200213402509,28962193408.0,
55440,2.5827114582061768,0.002,0.0658737123012542,481.458569993265,1088957.6646383803,0.1699000131338834,29048700928.0,
55605,2.5915400981903076,0.002,0.0720589160919189,481.1516599729657,1089652.273109601,0.2144000027328729,29135208448.0,
55770,2.6498472690582275,0.002,0.0577156692743301,480.834890040569,1090370.126751336,0.2017500810325145,29221715968.0,
55935,2.642665386199951,0.002,0.0710197612643241,478.8111200323328,1094978.7464514112,0.1794110285118222,29308223488.0,
56100,2.6117606163024902,0.002,0.062977597117424,480.3344999672845,1091506.0234809474,0.1620500115677714,29394731008.0,
56265,2.630101203918457,0.002,0.0630951821804046,478.71139098424464,1095206.8613242074,0.1600310206413269,29481238528.0,
56430,2.617837905883789,0.002,0.0622894540429115,479.7208399977535,1092902.2804230377,0.168300000950694,29567746048.0,
56595,2.624382972717285,0.002,0.0549313575029373,1072.3373549990356,488920.76505203114,0.1791899558156728,29654253568.0,
56760,2.589576244354248,0.002,0.1409753710031509,481.083309976384,1089807.0856495455,0.1737700076773762,29740761088.0,
56925,2.6263537406921387,0.002,0.0714257359504699,480.4037599824369,1091348.660591598,0.1991509925574064,29827268608.0,
57090,2.334310531616211,0.002,0.0657858997583389,479.34558091219515,1093757.866719621,0.1616199733689427,29913776128.0,
57255,2.573690414428711,0.002,0.065196007490158,479.5202709501609,1093359.4088965887,0.179130001924932,30000283648.0,
57420,2.605780124664306,0.002,0.0620031654834747,482.27773094549775,1087108.0424388284,0.1671300269663334,30086791168.0,
57585,2.613292694091797,0.002,0.0602668672800064,478.2687800470739,1096220.413861002,0.1821100013330578,30172774400.0,
57750,2.610165596008301,0.002,0.0713048130273819,483.53087110444903,1084290.644778184,0.1582899130880832,30259281920.0,
57915,2.606079578399658,0.002,0.0659872889518737,483.0738210584968,1085316.5233653025,0.1802699407562613,30345789440.0,
58080,2.589533805847168,0.002,0.0636202991008758,480.2006609970704,1091810.242225382,0.2053300850093364,30432296960.0,
58245,2.6372814178466797,0.002,0.0735050737857818,480.6989310309291,1090678.5227826235,0.1630900660529732,30518804480.0,
58410,2.613956928253174,0.002,0.0619294829666614,478.6765710450709,1095286.528971635,0.145580037496984,30605312000.0,
58575,2.5609793663024902,0.002,0.0717283561825752,478.7824699888006,1095044.2692947043,0.2027999144047498,30691819520.0,
58740,2.607706069946289,0.002,0.0635395646095275,485.0250299787149,1080950.3996587726,0.1840899931266904,30778327040.0,
58905,2.560840368270874,0.002,0.054011158645153,479.9669999629259,1092341.7652473974,0.1662499271333217,30864834560.0,
59070,2.6619298458099365,0.002,0.0693408697843551,479.4827409787103,1093444.9880924474,0.1612399937584996,30951342080.0,
59235,2.5550179481506348,0.002,0.0541313327848911,479.8379110870883,1092635.6335876184,0.1764290500432253,31037849600.0,
59400,2.6207871437072754,0.002,0.0685243010520935,480.9416909702122,1090127.992319286,0.1576599897816777,31124357120.0,
59565,2.5581321716308594,0.002,0.0615793876349926,480.39529100060463,1091367.900188972,0.1611999468877911,31210864640.0,
59730,2.6122705936431885,0.002,0.0593997649848461,480.0961499568075,1092047.9159167768,0.1710199285298586,31297372160.0,
59895,2.6126790046691895,0.002,0.0717546120285987,479.9738510046154,1092326.173400139,0.1708000199869275,31383879680.0,
60060,2.6252264976501465,0.002,0.0653921216726303,481.7424109205603,1088316.0546279063,0.1655700616538524,31468814336.0,
60225,2.6093521118164062,0.002,0.067676655948162,477.9638109030202,1096919.8672373523,0.1788999652490019,31555321856.0,
60390,2.577908515930176,0.002,0.0701887309551239,479.7551210504025,1092824.1867478031,0.1837500603869557,31641829376.0,
60555,2.6295738220214844,0.002,0.0661368146538734,478.6374199902639,1095376.1200088884,0.1636799424886703,31728336896.0,
60720,2.592740058898926,0.002,0.0622318461537361,479.7700810013339,1092790.110850081,0.1752800308167934,31814844416.0,
60885,2.5482337474823,0.002,0.065449945628643,479.0978110395372,1094323.513735974,0.1569800078868866,31901351936.0,
61050,2.682899475097656,0.002,0.0592280887067317,481.61003994755447,1088615.179320375,0.2236099680885672,31987859456.0,
61215,2.55868148803711,0.002,0.0608601011335849,478.6001710454002,1095461.371973195,0.1705199247226119,32074366976.0,
61380,2.5913586616516113,0.002,0.0722183138132095,480.9255799045786,1090164.5117401013,0.1533998874947428,32160874496.0,
61545,2.626786708831787,0.002,0.0728634372353553,480.08245998062193,1092079.0566294848,0.1579800155013799,32247382016.0,
61710,2.5382893085479736,0.002,0.0657730028033256,479.2341709835455,1094012.137999236,0.1771199749782681,32333889536.0,
61875,2.6424880027770996,0.002,0.0700953304767608,478.3376910490915,1096062.4885112653,0.1530000008642673,32420397056.0,
62040,2.5999534130096436,0.002,0.0706051588058471,479.116020957008,1094281.9214284746,0.1441299682483077,32506904576.0,
62205,2.6092519760131836,0.002,0.0602505579590797,503.0803389381618,1042155.6149592344,0.1524700783193111,32593412096.0,
62370,2.6016337871551514,0.002,0.0583889707922935,481.08282999601215,1089808.1729592094,0.1716100377961993,32679919616.0,
62535,2.6364407539367676,0.002,0.0633837655186653,479.0534400381148,1094424.8724281914,0.1531000016257167,32766427136.0,
62700,2.633469820022583,0.002,0.07518021017313,481.7399310413748,1088321.6570124242,0.2230899408459663,32852410368.0,
62865,2.5459344387054443,0.002,0.0718303844332695,479.48477999307215,1093440.3382054695,0.1525100087746977,32938917888.0,
63030,2.5936801433563232,0.002,0.0655203014612197,480.1937099546194,1091826.0467209113,0.2009599702432751,33025425408.0,
63195,2.61498498916626,0.002,0.0544345565140247,482.5558699667454,1086481.4472905083,0.1811700640246272,33111932928.0,
63360,2.646669864654541,0.002,0.0666451007127761,479.6847800025717,1092984.438649876,0.1469489652663469,33198440448.0,
63525,2.6897101402282715,0.002,0.0667812973260879,478.9899700554088,1094569.8924329276,0.1928400015458464,33284947968.0,
63690,2.581996440887451,0.002,0.074419654905796,479.0854009333998,1094351.8608134002,0.1564800040796399,33371455488.0,
63855,2.6225030422210693,0.002,0.0635706409811973,478.237510076724,1096292.0911742956,0.1541400561109185,33457963008.0,
64020,2.6035618782043457,0.002,0.0568536482751369,508.5272890282795,1030992.8519309886,0.1740099396556615,33544470528.0,
64185,2.6504464149475098,0.002,0.0699018388986587,481.2631600070745,1089399.8202403295,0.1745290355756878,33630978048.0,
64350,2.648881673812866,0.002,0.0718237608671188,479.6010700520128,1093175.2090193229,0.1831490080803632,33717485568.0,
64515,2.6403322219848633,0.002,0.0681226179003715,481.9210099522024,1087912.7267184297,0.3638400230556726,33803993088.0,
64680,2.6186323165893555,0.002,0.0546088404953479,506.388298003003,1035347.7796931454,0.2275999868288636,33890500608.0,
64845,2.5748610496520996,0.002,0.0643727406859397,479.6648310730234,1093029.8951189592,0.1777700381353497,33977008128.0,
65010,2.6512110233306885,0.002,0.0591839104890823,494.5966290542856,1060031.4866732657,0.2029499737545848,34063515648.0,
65175,2.601886749267578,0.002,0.0677380338311195,481.63596994709224,1088556.5711746842,0.2114400267601013,34148974592.0,
65340,2.675452709197998,0.002,0.0736520960927009,485.4376900475472,1080031.507130498,0.1615199726074934,34235482112.0,
65505,2.597565174102783,0.002,0.0744806230068206,480.0608300138265,1092128.2621306549,0.1823599450290203,34321989632.0,
65670,2.667386054992676,0.002,0.0674835816025734,480.3987300256267,1091360.0874257763,0.20776002202183,34408497152.0,
65835,2.600710868835449,0.002,0.0754082947969436,478.7907699355856,1095025.286453487,0.1896600006148219,34495004672.0,
66000,2.652513027191162,0.002,0.0677550435066223,479.99628097750247,1092275.1295745424,0.1825499348342418,34581512192.0,
66165,2.5959322452545166,0.002,0.0584100671112537,481.46067990455776,1088952.8924852847,0.2021100372076034,34668019712.0,
66330,2.553040027618408,0.002,0.0631075575947761,481.0180709464475,1089954.89289709,0.1871599815785884,34754527232.0,
66495,2.632166862487793,0.002,0.0690830871462822,1786.332880030386,293499.60797400854,0.2891899785026908,34841034752.0,
66660,2.656630516052246,0.002,0.0587890073657035,481.0641399817541,1089850.5135300362,0.1800700556486845,34927542272.0,
66825,2.645810604095459,0.002,0.0682592540979385,480.98670097533613,1090025.9797970678,0.1840699696913361,35014049792.0,
66990,2.674259662628174,0.002,0.0554579123854637,478.0358310090378,1096754.607062264,0.1582599943503737,35100557312.0,
67155,2.6429800987243652,0.002,0.0709887444972992,478.2792000332847,1096196.531154843,0.1649599289521575,35187064832.0,
67320,2.651777982711792,0.002,0.0560535714030265,480.3696700837463,1091426.1092058478,0.1956199994310736,35273572352.0,
67485,2.5558619499206543,0.002,0.0626728907227516,481.3992400886491,1089091.872898372,0.1601399853825569,35360079872.0,
67650,2.6597156524658203,0.002,0.0669052451848983,478.8255109451711,1094945.837294861,0.1603099517524242,35446063104.0,
67815,2.5673112869262695,0.002,0.0674324929714202,482.227691099979,1087220.8495619153,0.165760051459074,35532570624.0,
67980,2.6023964881896973,0.002,0.063197873532772,479.48590002488345,1093437.784036593,0.1625799341127276,35619078144.0,
68145,2.581998586654663,0.002,0.0696093514561653,479.3186809401959,1093819.249797641,0.2163300523534417,35705585664.0,
68310,2.626579523086548,0.002,0.0756675079464912,478.9139700587839,1094743.5923317224,0.1635999651625752,35792093184.0,
68475,2.584239959716797,0.002,0.0769421905279159,481.5542600117624,1088741.277020774,0.1693799858912825,35878600704.0,
68640,2.5170326232910156,0.002,0.0682653859257698,480.3457600064576,1091480.4369105948,0.1835200237110257,35965108224.0,
68805,2.5849640369415283,0.002,0.0691608190536499,480.07240099832416,1092101.9390194651,0.3170000854879617,36051615744.0,
68970,2.59553599357605,0.002,0.0700806304812431,478.9387510390952,1094686.9487225998,0.1609489554539322,36138123264.0,
69135,2.616758108139038,0.002,0.0551456436514854,482.76737006381154,1086005.46041606,0.1753589604049921,36224630784.0,
69300,2.635775089263916,0.002,0.067014105618,478.55465102475137,1095565.5720351222,0.1798199955374002,36311138304.0,
69465,2.5835840702056885,0.002,0.0755929797887802,480.24320998229086,1091713.509118293,0.1566499704495072,36397645824.0,
69630,2.6157617568969727,0.002,0.0674444809556007,480.3339409409091,1091507.2938068688,0.2094400115311145,36484153344.0,
69795,2.578498601913452,0.002,0.0594704784452915,1147.356909001246,456952.8416893253,0.253109959885478,36570660864.0,
69960,2.5508499145507812,0.002,0.0625810697674751,480.7161400094628,1090639.47798732,0.2099400153383612,36657168384.0,
70125,2.5698509216308594,0.002,0.0684753730893135,480.07678007707,1092091.9772787855,0.1742501044645905,36742627328.0,
70290,2.61887788772583,0.002,0.0647260248661041,480.9498209506273,1090109.564785183,0.2075799275189638,36829134848.0,
70455,2.670029640197754,0.002,0.0661306977272033,481.2620609300211,1089402.3081454476,0.2488200552761554,36915642368.0,
70620,2.5332441329956055,0.002,0.068977415561676,479.7998309368268,1092722.3525200258,0.1713699894025921,37002149888.0,
70785,2.619171619415283,0.002,0.0698830336332321,479.6885109972209,1092975.9374683823,0.1885199453681707,37088657408.0,
70950,2.573336601257324,0.002,0.0682397410273552,481.864049914293,1088041.3263725585,0.1946300035342574,37175164928.0,
71115,2.6191258430480957,0.002,0.0566081292927265,479.0980010293424,1094323.0797740065,0.1659699482843279,37261672448.0,
71280,2.5538361072540283,0.002,0.064354732632637,478.7565500009805,1095103.5552389335,0.1920999493449926,37348179968.0,
71445,2.5702528953552246,0.002,0.0623142272233963,485.4228410404175,1080064.545121696,0.1731000375002622,37434687488.0,
71610,2.5588183403015137,0.002,0.0636144950985908,481.19829106144607,1089546.679069672,0.1591700129210949,37521195008.0,
71775,2.601501941680908,0.002,0.0737531557679176,480.0312709994614,1092195.5124056663,0.2441699616611004,37607702528.0,
71940,2.6015238761901855,0.002,0.0579888820648193,481.4784509362653,1088912.6999982842,0.1726499758660793,37694210048.0,
72105,2.533519983291626,0.002,0.0784269496798515,478.7062000250444,1095218.737448086,0.1638999674469232,37780717568.0,
72270,2.568664312362671,0.002,0.0701015293598175,479.8799200216308,1092539.9837033553,0.2438999945297837,37867225088.0,
72435,2.5906789302825928,0.002,0.0620275624096393,479.3332109693438,1093786.0928512448,0.2223700284957885,37953732608.0,
72600,2.571941375732422,0.002,0.082804650068283,1069.3280340638012,490296.69409071014,0.1699799904599785,38039715840.0,
72765,2.4918313026428223,0.002,0.0658991113305091,480.3780510555953,1091407.067512589,0.1317099668085575,38126223360.0,
72930,2.6103146076202393,0.002,0.0633828192949295,480.2848299732432,1091618.9046179291,0.1689599594101309,38212730880.0,
73095,2.602172374725342,0.002,0.080081820487976,478.6892510019243,1095257.5160245085,0.1656999811530113,38299238400.0,
73260,2.587981700897217,0.002,0.0687108933925628,479.5636809431016,1093260.4382570095,0.1774890115484595,38385745920.0,
73425,2.689418077468872,0.002,0.0623037554323673,480.0260199699551,1092207.4599889717,0.188809004612267,38472253440.0,
73590,2.6080434322357178,0.002,0.0674460604786872,480.0070700002834,1092250.578725206,0.1844100188463926,38558760960.0,
73755,2.591367721557617,0.002,0.0778437480330467,479.02235097717494,1094495.9017684374,0.1815400319173932,38645268480.0,
73920,2.5769567489624023,0.002,0.0743395835161209,478.4172399668023,1095880.2405121953,0.2656399738043546,38731776000.0,
74085,2.5349338054656982,0.002,0.068010427057743,479.703210061416,1092942.446503278,0.1695799874141812,38818283520.0,
74250,2.5504093170166016,0.002,0.0653564408421516,478.6491009872407,1095349.388348639,0.1777600264176726,38904791040.0,
74415,2.5841636657714844,0.002,0.0652356520295143,506.3557690009475,1035414.2918810488,0.170868937857449,38991298560.0,
74580,2.5641167163848877,0.002,0.0619397014379501,480.7084510102868,1090656.9229189204,0.1725299516692757,39077806080.0,
74745,2.593564510345459,0.002,0.0662355870008468,480.2629799814895,1091668.5687916386,0.1840299228206277,39164313600.0,
74910,2.69083023071289,0.002,0.0660454481840133,480.7945810025558,1090461.5416146154,0.1907399855554103,39250821120.0,
75075,2.6003661155700684,0.002,0.0647335574030876,480.08902999572456,1092064.1115350395,0.2329800045117736,39336280064.0,
75240,2.562523365020752,0.002,0.0734516903758049,1450.269061955623,361510.84909238905,0.1968200085684657,39422787584.0,
75405,2.574901342391968,0.002,0.0603739209473133,480.1801509456709,1091856.8769814053,0.1900299685075879,39509295104.0,
75570,2.5573856830596924,0.002,0.0590795837342739,481.99424997437745,1087747.416131771,0.1917800400406122,39595802624.0,
75735,2.628593921661377,0.002,0.0713024660944938,481.90981103107333,1087938.008313747,0.2196290297433734,39682310144.0,
75900,2.5507144927978516,0.002,0.0658533871173858,480.2122700493783,1091783.847893119,0.1577999209985137,39768817664.0,
76065,2.592925548553467,0.002,0.0712040066719055,481.4599000383169,1088954.6563655138,0.1943999668583274,39855325184.0,
76230,2.532770872116089,0.002,0.0585845038294792,480.5838110623881,1090939.786009434,0.2058489480987191,39941832704.0,
76395,2.63123083114624,0.002,0.0676803365349769,480.2117010112852,1091785.14162794,0.2064399886876344,40028340224.0,
76560,2.5758743286132812,0.002,0.0536526255309581,481.6774509381503,1088462.827103196,0.164409982971847,40114847744.0,
76725,2.5651113986968994,0.002,0.0647693127393722,482.5527999782935,1086488.3594574188,0.2836199710145592,40201355264.0,
76890,2.622814178466797,0.002,0.0821925923228263,479.4597600121051,1093497.3979604945,0.1489300047978758,40287862784.0,
77055,2.557441234588623,0.002,0.0657487884163856,479.09767099190503,1094323.833623601,0.1878689508885145,40374370304.0,
77220,2.643078565597534,0.002,0.0695359036326408,480.6276089511812,1090840.372537262,0.2044800203293562,40460877824.0,
77385,2.6068437099456787,0.002,0.0647468566894531,481.2443290138617,1089442.4482348517,0.1870199339464306,40547385344.0,
77550,2.571597099304199,0.002,0.0667723938822746,480.4829090135172,1091168.8848130298,0.2325699897482991,40633368576.0,
77715,2.5378355979919434,0.002,0.0743682980537414,481.1180001124739,1089728.5070968743,0.186010031029582,40719876096.0,
77880,2.537212371826172,0.002,0.064042292535305,483.42790897004306,1084521.580719265,0.1724900212138891,40806383616.0,
78045,2.5387539863586426,0.002,0.0642429962754249,479.419689043425,1093588.7949159946,0.1742999302223324,40892891136.0,
78210,2.5905632972717285,0.002,0.0620565302670002,483.6606489261612,1083999.7034367814,0.1873099245131015,40979398656.0,
78375,2.626521110534668,0.002,0.0734419450163841,480.1645600236952,1091892.329525793,0.1784899504855275,41065906176.0,
78540,2.6194491386413574,0.002,0.065891221165657,482.61049995198846,1086358.4610201349,0.2088600303977728,41152413696.0,
78705,2.580829620361328,0.002,0.0574306286871433,480.78423005063087,1090485.0184973576,0.1911600120365619,41238921216.0,
78870,2.458378314971924,0.002,0.0611081272363662,481.70689900871366,1088396.286370223,0.1821599435061216,41325428736.0,
79035,2.5897328853607178,0.002,0.0715335309505462,480.06125993561,1092127.2840685418,0.1770899398252368,41411936256.0,
79200,2.544065475463867,0.002,0.0699520260095596,479.0360989281908,1094464.4906157537,0.2026599831879139,41498443776.0,
79365,2.588486433029175,0.002,0.0737696811556816,480.0467600580305,1092160.2719214717,0.1839399337768554,41584951296.0,
79530,2.477452516555786,0.002,0.069219172000885,479.7649499960244,1092801.7980562034,0.2160799922421574,41671458816.0,
79695,2.585684061050415,0.002,0.0644268095493316,485.4776399442926,1079942.631467354,0.2403099788352847,41757966336.0,
79860,2.554414749145508,0.002,0.0803932920098304,503.3717789920047,1041552.232129262,0.175539986230433,41844473856.0,
80025,2.6772844791412354,0.002,0.069010429084301,481.1744599137455,1089600.6410938413,0.4339090082794428,41930981376.0,
80190,2.5917067527770996,0.002,0.0672479718923568,480.8841999620199,1090258.3200725,0.1544299302622676,42015916032.0,
80355,2.5190935134887695,0.002,0.0698082968592643,478.9860799210146,1094578.7820941596,0.1647110329940915,42102423552.0,
80520,2.5507216453552246,0.002,0.0672870278358459,479.1313000023365,1094247.0258099255,0.1762799220159649,42188931072.0,
80685,2.587279796600342,0.002,0.0658246204257011,479.6750609530136,1093006.5844122684,0.2169499639421701,42275438592.0,
80850,2.6056199073791504,0.002,0.0729200169444084,479.4550100341439,1093508.231278391,0.1702799927443266,42361946112.0,
81015,2.570054292678833,0.002,0.0643306896090507,481.10128997359425,1089766.356745325,0.1501200022175908,42448453632.0,
81180,2.573204517364502,0.002,0.0608136355876922,481.9617399480194,1087820.7885475424,0.1691000070422887,42534961152.0,
81345,2.583945035934448,0.002,0.0747268721461296,480.9507899917662,1090107.3683837294,0.2023099223151803,42621468672.0,
81510,2.5860562324523926,0.002,0.0661045238375663,480.25261994916946,1091692.1183178371,0.1816700678318739,42707976192.0,
81675,2.552783727645874,0.002,0.063419409096241,480.2358499728143,1091730.2405259404,0.2203899202868342,42794483712.0,
81840,2.544867753982544,0.002,0.0679087042808532,480.4739010287449,1091189.342183716,0.1808799570426345,42880991232.0,
82005,2.5625624656677246,0.002,0.0713036209344863,481.698640040122,1088414.9474790518,0.1783600309863686,42967498752.0,
82170,2.532992124557495,0.002,0.0735784098505973,483.1695300526917,1085101.5376379883,0.1611900515854358,43054006272.0,
82335,2.551335573196411,0.002,0.0624554529786109,479.3674499960616,1093707.9687081538,0.2277500461786985,43140513792.0,
82500,2.5024242401123047,0.002,0.0677926614880561,490.5256599886343,1068828.8967638267,0.18584995996207,43227021312.0,
82665,2.5758228302001953,0.002,0.0665526613593101,480.0949499476701,1092050.6455174063,0.197450048290193,43313004544.0,
82830,2.5655088424682617,0.002,0.0702853724360466,480.0424810964614,1092170.007126198,0.2130999928340315,43399512064.0,
82995,2.6000618934631348,0.002,0.07003765553236,481.0732499463484,1089829.8753016742,0.1889700070023536,43486019584.0,
83160,2.6898512840270996,0.002,0.0739566162228584,481.1311310622841,1089698.7664099603,0.2135599497705698,43572527104.0,
83325,2.615576982498169,0.002,0.0653770342469215,479.31812098249793,1093820.5276389793,0.1760500017553568,43659034624.0,
83490,2.58579683303833,0.002,0.0742562785744667,482.0460210321471,1087630.593604746,0.1683100126683712,43745542144.0,
83655,2.556391477584839,0.002,0.0641961172223091,481.18819994851947,1089569.5282138914,0.2041899133473634,43832049664.0,
83820,2.606945276260376,0.002,0.0647104158997535,480.522139929235,1091079.7993141592,0.1652400242164731,43918557184.0,
83985,2.5731964111328125,0.002,0.0695352628827095,480.73650000151247,1090593.287587588,0.1831499394029379,44005064704.0,
84150,2.559969425201416,0.002,0.062307134270668,480.2767699584365,1091637.2241892363,0.2150300424546003,44091572224.0,
84315,2.404508113861084,0.002,0.0750248953700065,479.1935000102967,1094104.99096656,0.2018599770963192,44178079744.0,
84480,2.6083152294158936,0.002,0.0643761977553367,480.6220910977572,1090852.896092455,0.1810899702832102,44264587264.0,
84645,2.648498296737671,0.002,0.0699501410126686,479.5280509861186,1093341.6698394087,0.1958999782800674,44351094784.0,
84810,2.5753278732299805,0.002,0.074490912258625,479.0116799995303,1094520.2839323543,0.1997200306504964,44437602304.0,
84975,2.61869215965271,0.002,0.0695665925741195,479.5046409126371,1093395.0482775872,0.1530400477349758,44524109824.0,
85140,2.5504488945007324,0.002,0.0640001222491264,479.4737909687683,1093465.398683597,0.2213199622929096,44609568768.0,
85305,2.6072239875793457,0.002,0.0663349330425262,480.25956004858017,1091676.3425739326,0.1929799327626824,44696076288.0,
85470,2.635720729827881,0.002,0.0619762800633907,481.70406999997795,1088402.6784328893,0.2157100243493914,44782583808.0,
85635,2.568258285522461,0.002,0.0719491466879844,1092.5350320758298,479882.09495108493,0.1755600096657872,44869091328.0,
85800,2.546738862991333,0.002,0.059824738651514,480.54627096280456,1091025.0098279945,0.2045900328084826,44955598848.0,
85965,2.582634449005127,0.002,0.0707751587033271,479.15244090836495,1094198.746031781,0.213810009881854,45042106368.0,
86130,2.645806312561035,0.002,0.0745538994669914,479.4410209869966,1093540.1374723415,0.2316999016329646,45128613888.0,
86295,2.61879825592041,0.002,0.0655589327216148,479.5736300293356,1093237.7578140174,0.2207199577242136,45215121408.0,
86460,2.5970325469970703,0.002,0.0675882548093795,480.5818409658968,1090944.2582063866,0.2498000394552946,45301628928.0,
86625,2.6118600368499756,0.002,0.0675433203577995,480.0693809520453,1092108.809273074,0.1547200372442603,45388136448.0,
86790,2.584575653076172,0.002,0.0668283477425575,480.236220988445,1091729.3970889691,0.162459909915924,45474643968.0,
86955,2.507716417312622,0.002,0.099280759692192,480.7915600249544,1090468.3933569633,0.1913600135594606,45561151488.0,
87120,2.6026501655578613,0.002,0.0664294213056564,481.2904300633818,1089338.0945284031,0.1615199726074934,45647659008.0,
87285,2.533904552459717,0.002,0.0738288611173629,486.48307006806135,1077710.679482946,0.1953509636223316,45734166528.0,
87450,2.6243996620178223,0.002,0.0779076367616653,480.9516409877688,1090105.4395473688,0.2077299868687987,45820674048.0,
87615,2.587110996246338,0.002,0.0710840374231338,480.8579109376296,1090317.9256793044,0.1827799715101719,45906657280.0,
87780,2.731172561645508,0.002,0.073799043893814,480.2866900572553,1091614.6769286888,0.2197199501097202,45993164800.0,
87945,2.566148519515991,0.002,0.0730256736278534,480.7116410229355,1090649.6852964405,0.141990021802485,46079672320.0,
88110,2.637506008148194,0.002,0.0656329169869422,480.06997001357377,1092107.4692199056,0.1967600546777248,46166179840.0,
88275,2.5282139778137207,0.002,0.0715891197323799,480.6147410999983,1090869.578407115,0.2557199914008379,46252687360.0,
88440,2.565858840942383,0.002,0.0647670626640319,480.29835999477655,1091588.1536753569,0.1907800324261188,46339194880.0,
88605,2.630577564239502,0.002,0.0729124695062637,482.42752999067307,1086770.483455072,0.2009399468079209,46425702400.0,
88770,2.6340882778167725,0.002,0.0716854333877563,479.8562000505626,1092593.989500929,0.1752899261191487,46512209920.0,
88935,2.598275899887085,0.002,0.0763533562421798,478.6983400117606,1095236.7204513794,0.1759900478646159,46598717440.0,
89100,2.583649158477783,0.002,0.0694251134991645,478.27280103228986,1096211.1976018546,0.2138899872079491,46685224960.0,
89265,2.5894134044647217,0.002,0.0747900903224945,479.3492810567841,1093749.4238942906,0.1848600804805755,46771732480.0,
89430,2.6167802810668945,0.002,0.0706682205200195,479.55507098231465,1093280.0667211276,0.1719200517982244,46858240000.0,
89595,2.568082571029663,0.002,0.0683538988232612,479.89390103612095,1092508.154131631,0.1758598955348134,46944747520.0,
89760,2.57452130317688,0.002,0.063308872282505,479.2974500451237,1093867.7014673052,0.1875399611890316,47031255040.0,
89925,2.6590254306793213,0.002,0.0709409192204475,481.249849894084,1089429.9501919595,0.1957500353455543,47117762560.0,
90090,2.549272060394287,0.002,0.0722619965672493,479.84932106919587,1092609.6526130042,0.2068000612780451,47203221504.0,
90255,2.536224842071533,0.002,0.0721341371536254,478.2819109968841,1096190.3177714276,0.1725099282339215,47289729024.0,
90420,2.6357455253601074,0.002,0.0769484862685203,481.0414001112804,1089902.0331279496,0.2073299838230013,47376236544.0,
90585,2.582817554473877,0.002,0.0609493553638458,481.2404710100964,1089451.182066108,0.175759894773364,47462744064.0,
90750,2.4928689002990723,0.002,0.0793056488037109,481.64810007438064,1088529.156284504,0.1549900043755769,47549251584.0,
90915,2.6247448921203613,0.002,0.0679395124316215,480.01838102936745,1092224.841214829,0.1626700395718217,47635759104.0,
91080,2.5627217292785645,0.002,0.0785140767693519,484.06708100810647,1083089.5563237444,0.1703699817880988,47722266624.0,
91245,2.5910162925720215,0.002,0.0600355714559555,481.0270599555224,1089934.5247821975,0.2089199842885136,47808774144.0,
91410,2.6369199752807617,0.002,0.0671004056930542,480.14418000821024,1091938.6755683157,0.1716900151222944,47895281664.0,
91575,2.678250312805176,0.002,0.083278477191925,480.19506002310663,1091822.9770518085,0.2427900908514857,47981789184.0,
91740,2.532710552215576,0.002,0.0664684101939201,481.0016698902473,1089992.0578646422,0.1646899618208408,48068296704.0,
91905,2.5903477668762207,0.002,0.0653776228427887,480.44799000490457,1091248.191078181,0.2046900335699319,48154804224.0,
92070,2.547821044921875,0.002,0.1543703526258468,479.7365400008857,1092866.5137723968,0.2085099695250392,48241311744.0,
92235,2.561297655105591,0.002,0.0854491963982582,480.5771410465241,1090954.9273573218,0.1989399315789342,48327819264.0,
92400,2.472264289855957,0.002,0.075741559267044,483.047570916824,1085375.5024684248,0.195280066691339,48414326784.0,
92565,2.647791862487793,0.002,0.0691778510808944,483.05974004324526,1085348.1599461462,0.220760004594922,48500310016.0,
92730,2.605633497238159,0.002,0.0710093080997467,481.5309509867802,1088793.9787164244,0.2054800279438495,48586817536.0,
92895,2.5828726291656494,0.002,0.0689590349793434,509.14689898490906,1029738.1778132753,0.2306400565430522,48673325056.0,
93060,2.5652260780334473,0.002,0.0688434168696403,478.9567899424583,1094645.719633681,0.1799699384719133,48759832576.0,
93225,2.52921199798584,0.002,0.0593785047531127,497.6068800315261,1053618.8727269678,0.2130509819835424,48846340096.0,
93390,2.6201252937316895,0.002,0.07073425501585,482.7648299979046,1086011.1744309866,0.208580051548779,48932847616.0,
93555,2.6509408950805664,0.002,0.092492826282978,480.67233990877867,1090738.8598634542,0.1797499135136604,49019355136.0,
93720,2.519500494003296,0.002,0.0628919452428817,480.1573599688709,1091908.702667788,0.2057800302281975,49105862656.0,
93885,2.569303512573242,0.002,0.0714135020971298,480.2256700349972,1091753.383282888,0.1958599314093589,49192370176.0,
94050,2.6468067169189453,0.002,0.062386967241764,478.5372200421989,1095605.4786162018,0.1782689942047,49278877696.0,
94215,2.600498676300049,0.002,0.0640692859888076,482.0442100754008,1087634.6796448224,0.1912999432533979,49365385216.0,
94380,2.6169893741607666,0.002,0.0685805901885032,481.8578000413254,1088055.4386689097,0.1878699986264109,49451892736.0,
94545,2.622133255004883,0.002,0.0675724819302558,481.7091299919411,1088391.245581688,0.1970699522644281,49538400256.0,
94710,2.636908054351806,0.002,0.0776606574654579,480.98284006118774,1090034.7295826671,0.1709199277684092,49624907776.0,
94875,2.5605969429016113,0.002,0.0642948672175407,479.2792400112376,1093909.2625578924,0.1737099373713135,49711415296.0,
95040,2.562985897064209,0.002,0.0666745230555534,481.9451509974897,1087858.2322384045,0.3266399726271629,49797922816.0,
95205,2.5478978157043457,0.002,0.0834811255335807,483.7015309603885,1083908.0847212272,0.183320022188127,49883381760.0,
95370,2.5987091064453125,0.002,0.0721970349550247,482.5287699932233,1086542.4666955366,0.2057000529021024,49969889280.0,
95535,2.6298184394836426,0.002,0.067060112953186,479.9655299866572,1092345.1107302955,0.2031299518421292,50056396800.0,
95700,2.604071140289306,0.002,0.0717546939849853,498.43866005539894,1051860.624016861,0.1913299784064293,50142904320.0,
95865,2.6380810737609863,0.002,0.0810787007212638,480.2470300346613,1091704.8252482896,0.2198199508711695,50229411840.0,
96030,2.5655808448791504,0.002,0.0702260136604309,480.7942099869251,1090462.38309371,0.2350200666114688,50315919360.0,
96195,2.586423397064209,0.002,0.061268787831068,480.73311091866344,1090600.9760761117,0.2250900724902749,50402426880.0,
96360,2.497953414916992,0.002,0.0720836669206619,482.82773001119494,1085869.695155752,0.1701200380921363,50488934400.0,
96525,2.579497814178467,0.002,0.0659202188253402,481.5880000824109,1088664.999772175,0.3843799931928515,50575441920.0,
96690,2.539076566696167,0.002,0.0673031210899353,479.26174104213715,1093949.2037481542,0.1708399504423141,50661949440.0,
96855,2.5703036785125732,0.002,0.067085213959217,480.29410000890493,1091597.8355559218,0.1867510145530104,50748456960.0,
97020,2.568681240081787,0.002,0.0676862150430679,479.7709899721667,1092788.040457419,0.1958690118044614,50834964480.0,
97185,2.552741050720215,0.002,0.0753075927495956,480.61609105207026,1090866.514378101,0.1843499485403299,50921472000.0,
97350,2.562415599822998,0.002,0.0616691298782825,488.37978998199105,1073525.1760097055,0.1988708972930908,51007979520.0,
97515,2.5695886611938477,0.002,0.0612513311207294,480.32572108786553,1091525.9728597638,0.2075399970635771,51094487040.0,
97680,2.467413902282715,0.002,0.0881673321127891,480.360190034844,1091447.6488194612,0.1669999910518527,51180470272.0,
97845,2.6437320709228516,0.002,0.0680281594395637,478.97857101634145,1094595.9417088677,0.2085099695250392,51266977792.0,
98010,2.6900558471679688,0.002,0.0723657608032226,479.715890949592,1092913.5554842222,0.1915500033646822,51353485312.0,
98175,2.475520133972168,0.002,0.0711905509233474,480.0642600748688,1092120.45886989,0.1803289633244276,51439992832.0,
98340,2.7129125595092773,0.002,0.0851811319589614,480.86967994458973,1090291.2407794422,0.2072599017992615,51526500352.0,
98505,2.56161117553711,0.002,0.0724797621369361,480.0386000424623,1092178.8371885584,0.1695099053904414,51613007872.0,
98670,2.50037145614624,0.002,0.0626436322927475,481.70143098104745,1088408.6412868225,0.1829799730330705,51699515392.0,
98835,2.5762434005737305,0.002,0.0762459859251976,480.1374700618908,1091953.935468561,0.2200290327891707,51786022912.0,
99000,2.6004207134246826,0.002,0.0718754082918167,481.9594599539414,1087825.934675302,0.1756299752742052,51872530432.0,
99165,2.548966646194458,0.002,0.0721627101302146,481.65437090210617,1088514.984340418,0.1917399931699037,51959037952.0,
99330,2.64773941040039,0.002,0.0589191392064094,480.19173997454345,1091830.525922404,0.1777899451553821,52045545472.0,
99495,2.537230968475342,0.002,0.064050480723381,480.6622210890054,1090761.821913431,0.1710699871182441,52132052992.0,
99660,2.5141611099243164,0.002,0.0873425677418708,480.0990700023249,1092041.273892618,0.1649399055168032,52218560512.0,
99825,2.5644307136535645,0.002,0.0639078691601753,480.13245000038296,1091965.3524763463,0.1736399717628955,52305068032.0,
99990,2.5837574005126953,0.002,0.0690743327140808,484.8994300700724,1081230.3902362508,0.1529399305582046,52391575552.0,
100155,2.601501941680908,0.002,0.0646446794271469,480.1278100349009,1091975.9052529973,0.1532599562779069,52476510208.0,
100320,2.5869171619415283,0.002,0.0732735395431518,480.2166799781844,1091773.8218168884,0.1758401049301028,52563017728.0,
100485,2.6095776557922363,0.002,0.0660809054970741,480.888260062784,1090249.1151095056,0.1587800215929746,52649525248.0,
100650,2.5929579734802246,0.002,0.064478650689125,480.4607999976725,1091219.096339472,0.1689400523900985,52736032768.0,
100815,2.570645809173584,0.002,0.0668071582913398,480.87842005770653,1090271.4244009624,0.2241709735244512,52822540288.0,
100980,2.330775260925293,0.002,0.1307799816131591,479.64016103651375,1093086.114530112,0.1796999713405966,52909047808.0,
101145,2.566768169403076,0.002,0.0697057843208313,481.0600610217079,1089859.7544898689,0.1597510417923331,52995555328.0,
101310,2.636162757873535,0.002,0.0754911303520202,479.45842100307345,1093500.4518288337,0.1548710279166698,53082062848.0,
101475,2.5792832374572754,0.002,0.0589617639780044,483.7394199566915,1083823.1873824522,0.1674500526860356,53168570368.0,
101640,2.5610179901123047,0.002,0.0623380988836288,480.0820300588384,1092080.0346052188,0.1222899882122874,53255077888.0,
101805,2.522984027862549,0.002,0.0609708614647388,479.7047609463334,1092938.913021658,0.1414499711245298,53341585408.0,
101970,2.623992443084717,0.002,0.0665881857275962,480.7583299698308,1090543.7666215806,0.17278001178056,53428092928.0,
102135,2.554319381713867,0.002,0.0606721863150596,479.3466699775309,1093755.3817252466,0.1619799295440316,53514600448.0,
102300,2.664027452468872,0.002,0.0686190575361251,480.7181509677321,1090634.9155831907,0.1838200259953737,53601107968.0,
102465,2.560858726501465,0.002,0.0795234143733978,481.0897799907252,1089792.4292012765,0.1596499932929873,53687615488.0,
102630,2.5557775497436523,0.002,0.0670517310500145,477.9775409260765,1096888.3579429225,0.1538500655442476,53773598720.0,
102795,2.576427459716797,0.002,0.0754753202199935,505.647239042446,1036865.1492943072,0.1702900044620037,53860106240.0,
102960,2.608318567276001,0.002,0.0632950961589813,480.7170999702066,1090637.300051306,0.2499399706721305,53946613760.0,
103125,2.508758068084717,0.002,0.0766064673662185,502.72914906963706,1042883.6302216816,0.1698000123724341,54033121280.0,
103290,2.593733787536621,0.002,0.0601892918348312,512.0858979644254,1023828.2328884252,0.2152699744328856,54119628800.0,
103455,2.590254306793213,0.002,0.0725608840584755,479.59454101510346,1093190.0911346884,0.2123999875038862,54206136320.0,
103620,2.623190402984619,0.002,0.0604225173592567,480.0887400051579,1092064.77118036,0.1689200289547443,54292643840.0,
103785,2.6731371879577637,0.002,0.06753471493721,482.33184998389333,1086986.0657501838,0.1574200578033924,54379151360.0,
103950,2.5418848991394043,0.002,0.0655908808112144,479.10235705785453,1094313.1301203116,0.1778799341991543,54465658880.0,
104115,2.627748489379883,0.002,0.0765791311860084,480.0105270696804,1092242.7122601252,0.1809500390663743,54552166400.0,
104280,2.592832565307617,0.002,0.069956324994564,482.02870693057775,1087669.6604617543,0.1593889901414513,54638673920.0,
104445,2.6050806045532227,0.002,0.0796785950660705,478.3293670043349,1096081.5625507028,0.1689200289547443,54725181440.0,
104610,2.607232570648194,0.002,0.077181652188301,481.505399919115,1088851.7555318626,0.1661600545048713,54811688960.0,
104775,2.620960235595703,0.002,0.0732876732945442,481.38446104712784,1089125.309237333,0.1843299251049757,54898196480.0,
104940,2.527338981628418,0.002,0.0719243809580802,477.9372200137004,1096980.896329796,0.1729700015857815,54984704000.0,
105105,2.376100540161133,0.002,0.0730292424559593,487.36162995919585,1075767.9057415656,0.1912590814754367,55070162944.0,
105270,2.5385894775390625,0.002,0.0742877349257469,481.0263509862125,1089936.1312017343,0.2049399772658944,55156670464.0,
105435,2.5702900886535645,0.002,0.0627111196517944,479.1073499945924,1094301.7259199168,0.2032510237768292,55243177984.0,
105600,2.5977084636688232,0.002,0.0723737850785255,482.2787310695276,1087105.7880518811,0.2178300637751817,55329685504.0,
105765,2.6361498832702637,0.002,0.0920642241835594,479.4256299501285,1093575.2434731915,0.2363700186833739,55416193024.0,
105930,2.623663902282715,0.002,0.0735354274511337,489.1900100046769,1071747.1519808583,0.186871038749814,55502700544.0,
106095,2.5795207023620605,0.002,0.0778868794441223,480.992249911651,1090013.4047820969,0.19283895380795,55589208064.0,
106260,2.6527256965637207,0.002,0.0685626342892646,479.6432100702077,1093079.1659143,0.152460066601634,55675715584.0,
106425,2.586413860321045,0.002,0.0643477365374565,480.0152099924162,1092232.0565806306,0.1975800842046737,55762223104.0,
106590,2.5447237491607666,0.002,0.0660414472222328,477.88653091993183,1097097.2523346606,0.1732200616970658,55848730624.0,
106755,2.5114030838012695,0.002,0.0646978095173835,480.6142110610381,1090870.7814580526,0.2273699501529336,55935238144.0,
106920,2.591945171356201,0.002,0.0835158079862594,480.0043300492689,1092256.8134878818,0.2017299411818385,56021745664.0,
107085,2.672469139099121,0.002,0.0714654475450515,479.990620049648,1092288.011681916,0.1696799881756305,56108253184.0,
107250,2.513383388519287,0.002,0.0800729021430015,480.63603008631617,1090821.2601245155,0.1708508934825658,56194760704.0,
107415,2.571895122528076,0.002,0.0696981996297836,493.9704400021583,1061375.2515185105,0.1922310329973697,56281268224.0,
107580,2.537511110305786,0.002,0.0783382803201675,481.3136199954897,1089285.6096715338,0.1512089511379599,56367251456.0,
107745,2.5208802223205566,0.002,0.1529764533042907,480.9259100584313,1090163.7633462092,0.1565400743857026,56453758976.0,
107910,2.6341757774353027,0.002,0.0797354057431221,478.95269002765417,1094655.0899833725,0.1987199066206812,56540266496.0,
108075,2.5931625366210938,0.002,0.0636659935116767,478.4451499581337,1095816.312582284,0.1645500306040048,56626774016.0,
108240,2.537625551223755,0.002,0.0705775171518325,481.8317589815706,1088114.2436691336,0.1705799950286746,56713281536.0,
108405,2.649871826171875,0.002,0.0877642184495925,480.81908095628023,1090405.977560762,0.1808099914342165,56799789056.0,
108570,2.5569324493408203,0.002,0.0704241618514061,482.9507899703458,1085593.0063437568,0.1565100392326712,56886296576.0,
108735,2.62792444229126,0.002,0.072593867778778,480.719791026786,1090631.1946927651,0.1766498899087309,56972804096.0,
108900,2.6284258365631104,0.002,0.0660964921116828,494.8340599657968,1059522.8631518192,0.168150058016181,57059311616.0,
109065,2.550238609313965,0.002,0.0677327588200569,481.3945699715987,1089102.4384237071,0.1772900577634573,57145819136.0,
109230,2.5491769313812256,0.002,0.0650475546717643,479.3693809770048,1093703.563067475,0.1734099350869655,57232326656.0,
109395,2.5744404792785645,0.002,0.0649200975894928,482.1423100074753,1087413.3821441045,0.1754200784489512,57318834176.0,
109560,2.4816925525665283,0.002,0.0739028006792068,480.95154005568475,1090105.6683159757,0.3751099575310945,57405341696.0,
109725,2.4886388778686523,0.002,0.0799480527639389,482.9451399855316,1085605.706717966,0.1740900333970785,57491849216.0,
109890,2.5643701553344727,0.002,0.0719108805060386,481.61857097875327,1088595.8964051846,0.1890399726107716,57578356736.0,
110055,2.5951075553894043,0.002,0.0622180104255676,479.3110290775075,1093836.711850875,0.1840600743889808,57664864256.0,
110220,2.585137844085694,0.002,0.062153797596693,481.05977999512106,1089860.3911665976,0.2014599740505218,57750323200.0,
110385,2.578387975692749,0.002,0.0687930136919021,478.7544900318608,1095108.2672145988,0.1762999454513192,57836830720.0,
110550,2.613626718521118,0.002,0.0822033807635307,480.9066200396046,1090207.4917513565,0.1884710509330034,57923338240.0,
110715,2.544224977493286,0.002,0.0721153542399406,481.3151899725199,1089282.0565873552,0.1805899664759636,58009845760.0,
110880,2.4969162940979004,0.002,0.0914561599493026,481.2885099090636,1089342.440564519,0.221199938096106,58096353280.0,
111045,2.676842212677002,0.002,0.0716937035322189,479.3559010140598,1093734.319095453,0.1801910111680627,58182860800.0,
111210,2.5768532752990723,0.002,0.0685763657093048,482.06753097474575,1087582.0633260324,0.1741909654811024,58269368320.0,
111375,2.538605213165283,0.002,0.0760253965854644,479.4150600209832,1093599.3541317887,0.1805999781936407,58355875840.0,
111540,2.643267869949341,0.002,0.066762164235115,479.67671090736985,1093002.824773882,0.2256199950352311,58442383360.0,
111705,2.559741497039795,0.002,0.0605572164058685,480.123600922525,1091985.4783072865,0.1797900767996907,58528890880.0,
111870,2.5871376991271973,0.002,0.0749085247516632,481.9436089601368,1087861.7129734897,0.2047399757429957,58615398400.0,
112035,2.589604377746582,0.002,0.0715656206011772,482.3492509312928,1086946.852281276,0.187649973668158,58701905920.0,
112200,2.6053807735443115,0.002,0.0693043693900108,479.6464409446344,1093071.8029877315,0.1725000329315662,58788413440.0,
112365,2.5850515365600586,0.002,0.0696426555514335,479.2634699260816,1093945.2574611262,0.3065300406888127,58874920960.0,
112530,2.5811352729797363,0.002,0.0743142291903495,479.8911199904978,1092514.4853907304,0.1773699186742305,58961428480.0,
112695,2.5380802154541016,0.002,0.0591030046343803,480.69395998027176,1090689.8019303535,0.3410689532756805,59047411712.0,
112860,2.6266560554504395,0.002,0.0772824808955192,479.26054999697953,1093951.922400674,0.1674200175330042,59133919232.0,
113025,2.6004576683044434,0.002,0.0709209069609642,481.1419100733474,1089674.353913745,0.1947600394487381,59220426752.0,
113190,2.551192283630371,0.002,0.0651175454258918,480.8653499931097,1090301.0583056412,0.175350927747786,59306934272.0,
113355,2.602546453475952,0.002,0.0693515166640281,480.0752700539306,1092095.4123321176,0.1876909518614411,59393441792.0,
113520,2.625886917114258,0.002,0.0647798925638198,480.7144509395585,1090643.3101299054,0.2205600030720234,59479949312.0,
113685,2.5787501335144043,0.002,0.0699326694011688,479.63187005370855,1093105.0097677847,0.1618399983271956,59566456832.0,
113850,2.498288631439209,0.002,0.0725720897316932,479.9856599420309,1092299.2992401472,0.1706600887700915,59652964352.0,
114015,2.5378403663635254,0.002,0.0761848762631416,478.4836710896343,1095728.092049739,0.1992200268432498,59739471872.0,
114180,2.578322172164917,0.002,0.0597264543175697,479.0031909942627,1094539.6812738136,0.1599000534042716,59825979392.0,
114345,2.5967581272125244,0.002,0.0844609662890434,480.20225996151567,1091806.6067452857,0.1645500306040048,59912486912.0,
114510,2.584508895874023,0.002,0.0715505331754684,1111.9552010204643,471501.0096799314,0.1764299813657999,59998994432.0,
114675,2.582517147064209,0.002,0.0675005689263343,481.1383510241285,1089682.4143908403,0.1680799759924411,60085501952.0,
114840,2.6944665908813477,0.002,0.0777119174599647,481.99085996020585,1087755.0666485382,0.1769900554791093,60172009472.0,
115005,2.61887788772583,0.002,0.0667224302887916,488.6001489358023,1073041.0155255331,0.1686400501057505,60258516992.0,
115170,2.564481019973755,0.002,0.0690314993262291,479.4402309926227,1093541.939345652,0.2111800713464617,60343975936.0,
115335,2.520381450653076,0.002,0.0786021277308464,478.54520101100206,1095587.206584371,0.1634000800549984,60430483456.0,
115500,2.610457181930542,0.002,0.0696104764938354,478.7981199333444,1095008.4767939115,0.1934500178322196,60516990976.0,
115665,2.525857448577881,0.002,0.0669841095805168,480.44556891545653,1091253.690159974,0.2028599847108125,60603498496.0,
115830,2.53676176071167,0.002,0.0776571556925773,480.33548006787896,1091503.796317336,0.1624400028958916,60690006016.0,
115995,2.6606616973876953,0.002,0.070229522883892,485.8529600314796,1079108.378728474,0.1762999454513192,60776513536.0,
116160,2.5057780742645264,0.002,0.0717236176133155,484.9254400469363,1081172.396212609,0.1661089481785893,60863021056.0,
116325,2.5837998390197754,0.002,0.0764440074563026,479.4893399812281,1093429.9394862996,0.1667499309405684,60949528576.0,
116490,2.562748670578003,0.002,0.0690925344824791,478.9960299385712,1094556.044790679,0.1899199560284614,61036036096.0,
116655,2.602649211883545,0.002,0.0780889689922332,478.7866111146286,1095034.798027127,0.1999499509111046,61122543616.0,
116820,2.630825996398926,0.002,0.0827194899320602,480.2711399970576,1091650.0208678208,0.182420015335083,61209051136.0,
116985,2.610077381134033,0.002,0.0789822861552238,479.78390008211136,1092758.6355237684,0.5018799565732479,61295558656.0,
117150,2.63814926147461,0.002,0.0832813829183578,483.62392000854015,1084082.0280161945,0.1886900281533599,61382066176.0,
117315,2.55000638961792,0.002,0.093235358595848,481.2840899685398,1089352.4446949228,0.1603199634701013,61468573696.0,
117480,2.5887815952301025,0.002,0.0785176455974578,481.56037100125104,1088727.4609202384,0.1817799638956785,61555081216.0,
117645,2.5450897216796875,0.002,0.0749659314751625,480.7774900691584,1090500.3059202768,0.1612299820408225,61641064448.0,
117810,2.5621819496154785,0.002,0.0796829089522361,479.2105499655008,1094066.063524153,0.1672309590503573,61727571968.0,
117975,2.503535747528076,0.002,0.0816125720739364,480.6507109897211,1090787.9422885366,0.1427700044587254,61814079488.0,
118140,2.6163859367370605,0.002,0.0968438312411308,481.0059600276873,1089982.336122865,0.1559000229462981,61900587008.0,
118305,2.628746509552002,0.002,0.0753981992602348,479.7197600128129,1092904.7408553625,0.7614099886268377,61987094528.0,
118470,2.5877113342285156,0.002,0.0782439783215522,505.9969479916617,1036148.5421620364,0.1798999728634953,62073602048.0,
118635,2.5361976623535156,0.002,0.1009541526436805,480.8131200261414,1090419.495981089,0.1617800444364547,62160109568.0,
118800,2.606461524963379,0.002,0.0861252099275589,481.1078399652615,1089751.5202368274,0.159180024638772,62246617088.0,
118965,2.6407907009124756,0.002,0.0945876613259315,478.87897095642984,1094823.602199274,0.1810200046747923,62333124608.0,
119130,2.5468080043792725,0.002,0.0751479864120483,499.3027999298647,1050040.1761689398,0.1484700478613376,62419632128.0,
119295,2.623307466506958,0.002,0.0818081721663475,481.36562993749976,1089167.91601443,0.147519982419908,62506139648.0,
119460,2.6153810024261475,0.002,0.0739170014858245,478.3761010039598,1095974.483047305,0.1638199901208281,62592647168.0,
119625,2.5388894081115723,0.002,0.0854861289262771,479.963370016776,1092350.026589893,0.1678300322964787,62679154688.0,
119790,2.579047203063965,0.002,0.0788341090083122,478.03489002399147,1096756.7659626,0.1646900782361626,62765662208.0,
119955,2.5453734397888184,0.002,0.0705920755863189,481.0805100714788,1089813.428363792,0.2018100349232554,62852169728.0,
120120,2.5605807304382324,0.002,0.0726443082094192,480.7067299261689,1090660.8278201653,0.1692200312390923,62937104384.0,
120285,2.599121332168579,0.002,0.0870429277420044,479.1663910727948,1094166.890182309,0.2139400457963347,63023611904.0,
120450,2.574831008911133,0.002,0.0764552876353263,480.0554590765387,1092140.4810363983,0.1596099464222788,63110119424.0,
120615,2.5710558891296387,0.002,0.0985302925109863,479.35580008197576,1093734.5493897025,0.1676490064710378,63196626944.0,
120780,2.622184038162231,0.002,0.0731840580701828,481.6090000094846,1088617.529966581,0.1610890030860901,63283134464.0,
120945,2.5778393745422363,0.002,0.0812976062297821,480.2883790107444,1091610.838221575,0.1604199642315507,63369641984.0,
121110,2.60339617729187,0.002,0.0819147825241088,479.74669898394495,1092843.3715341638,0.1544599654152989,63456149504.0,
121275,2.7051632404327393,0.002,0.0834588408470153,479.3115389766171,1093835.548210278,0.174609012901783,63542657024.0,
121440,2.5614757537841797,0.002,0.0879656299948692,479.1059390408918,1094304.948608145,0.2089599147439003,63629164544.0,
121605,2.564058303833008,0.002,0.0715868473052978,485.92127801384777,1078956.6617518216,0.1714309910312295,63715672064.0,
121770,2.570621967315674,0.002,0.0726661905646324,481.6685499390587,1088482.941363586,0.1613100757822394,63802179584.0,
121935,2.5908379554748535,0.002,0.0741532891988754,479.8597500193864,1092585.906567114,0.1598800299689173,63888687104.0,
122100,2.6311793327331543,0.002,0.0926138311624527,479.8040699679405,1092712.6984042297,0.2040999243035912,63975194624.0,
122265,2.5600428581237793,0.002,0.0748513787984848,479.677508934401,1093001.0063734294,0.1794500276446342,64061702144.0,
122430,2.9857330322265625,0.002,0.0772089138627052,480.0028610043228,1092260.15633119,0.1595099456608295,64148209664.0,
122595,2.6048367023468018,0.002,0.0687109008431434,495.8077899646014,1057442.0382492014,0.1575399655848741,64234192896.0,
122760,2.5935049057006836,0.002,0.092782087624073,478.7030299194157,1095225.9902935186,0.1517599448561668,64320700416.0,
122925,2.6381421089172363,0.002,0.0793796777725219,481.3347100280225,1089237.88182547,0.15935895498842,64407207936.0,
123090,2.539872646331787,0.002,0.0648830011487007,477.8410500148311,1097201.674037271,0.166199984960258,64493715456.0,
123255,2.5698628425598145,0.002,0.0751816257834434,481.6324299899861,1088564.571972242,0.1712500816211104,64580222976.0,
123420,2.650656223297119,0.002,0.0990925282239914,478.8597701117397,1094867.5013515125,0.1568900188431143,64666730496.0,
123585,2.5796027183532715,0.002,0.0771497189998626,479.8837100388482,1092531.3550600773,0.1390899997204542,64753238016.0,
123750,2.5716941356658936,0.002,0.0827581733465194,481.3326810253784,1089242.4733826804,0.1633599167689681,64839745536.0,
123915,2.580350399017334,0.002,0.0788036659359932,481.6721599781886,1088474.7833957046,0.1702900044620037,64926253056.0,
124080,2.6024889945983887,0.002,0.0708208605647087,501.39217905234545,1045664.4955869252,0.16098003834486,65012760576.0,
124245,2.484443187713623,0.002,0.078909233212471,481.7227500025183,1088360.4729011848,0.1499999780207872,65099268096.0,
124410,2.5403363704681396,0.002,0.0684158578515052,479.9339600140229,1092416.9650021873,0.1851499546319246,65185775616.0,
124575,2.594607353210449,0.002,0.0751330554485321,480.35811202134937,1091452.3703863216,0.1660889247432351,65272283136.0,
124740,2.584012508392334,0.002,0.0751765221357345,481.19881097227335,1089545.5018699318,0.1632299972698092,65358790656.0,
124905,2.59175443649292,0.002,0.0782726630568504,481.84732091613114,1088079.1014945917,0.1556199276819825,65445298176.0,
125070,2.503848075866699,0.002,0.097669132053852,502.6981090195477,1042948.025053368,0.1690699718892574,65531805696.0,
125235,2.609289169311523,0.002,0.096960425376892,479.687571991235,1092978.0770087992,0.259989988990128,65617264640.0,
125400,2.6144495010375977,0.002,0.0831427499651908,478.639121982269,1095372.2249628855,0.1591889886185526,65703772160.0,
125565,2.581813335418701,0.002,0.066253438591957,481.4704629825428,1088930.765871321,0.2049090107902884,65790279680.0,
125730,2.5653247833251953,0.002,0.071682408452034,479.4472110224888,1093526.0190207008,0.1832599518820643,65876787200.0,
125895,2.5455074310302734,0.002,0.0875259712338447,480.5739800212905,1090962.1032265893,0.1692799851298332,65963294720.0,
126060,2.570026159286499,0.002,0.0801896899938583,483.3169800695032,1084770.495596089,0.1796310534700751,66049802240.0,
126225,2.6281707286834717,0.002,0.0893157050013542,480.7175400201231,1090636.3016794706,0.1933398889377713,66136309760.0,
126390,2.540898084640503,0.002,0.0791000500321388,482.3826790088788,1086871.5292124946,0.415579997934401,66222817280.0,
126555,2.5085272789001465,0.002,0.0609598495066165,482.4393499875441,1086743.857053817,0.1915600150823593,66309324800.0,
126720,2.54158353805542,0.002,0.0767114907503128,479.92923005949706,1092427.731344898,0.1433199504390359,66395832320.0,
126885,2.458108425140381,0.002,0.0727659091353416,479.463090072386,1093489.8031897442,0.1784999622032046,66482339840.0,
127050,2.59459924697876,0.002,0.0683356896042823,478.6499890033156,1095347.3562001237,0.1494900789111852,66568847360.0,
127215,2.5871164798736572,0.002,0.0800249129533767,508.011927944608,1032038.759643389,0.1881690695881843,66655354880.0,
127380,2.533966064453125,0.002,0.078044518828392,479.83003105036914,1092653.5774601486,0.1433499855920672,66741862400.0,
127545,2.5651350021362305,0.002,0.0696660652756691,487.18783899676055,1076151.6565759068,0.1821799669414758,66828369920.0,
127710,2.61893367767334,0.002,0.077750414609909,483.2993899472058,1084809.9768081058,0.2039700048044324,66914353152.0,
127875,2.6361234188079834,0.002,0.0764563083648681,478.6624299595133,1095318.8869332108,0.1612700289115309,67000860672.0,
128040,2.587503671646118,0.002,0.0812547579407692,480.702591012232,1090670.2185565273,0.1481099752709269,67087368192.0,
128205,2.580986976623535,0.002,0.0592725537717342,479.6004509553313,1093176.6201546602,0.1991499448195099,67173875712.0,
128370,2.541098356246948,0.002,0.0698019042611122,492.4730389611795,1064602.4422086757,0.1821400364860892,67260383232.0,
128535,2.5227105617523193,0.002,0.0781465023756027,481.35516000911593,1089191.6064430908,0.175700057297945,67346890752.0,
128700,2.607449531555176,0.002,0.0745485052466392,479.9040099605918,1092485.141024458,0.1573089975863695,67433398272.0,
128865,2.541809558868408,0.002,0.073302648961544,480.7636289624498,1090531.746612117,0.16763003077358,67519905792.0,
129030,2.5479636192321777,0.002,0.0635922402143478,478.55147905647755,1095572.8337392197,0.1824300270527601,67606413312.0,
129195,2.5983548164367676,0.002,0.136599913239479,478.8268109550699,1094942.8645281014,0.1809400273486971,67692920832.0,
129360,2.6238064765930176,0.002,0.0768049955368042,481.6495010163635,1088525.9901518882,0.1670910278335213,67779428352.0,
129525,2.587472677230835,0.002,0.0795185193419456,481.0805999441072,1089813.2247713015,0.2033999189734459,67865935872.0,
129690,2.560837745666504,0.002,0.0709543526172638,480.2090600132942,1091791.1461010033,0.2307399408891797,67952443392.0,
129855,2.5382254123687744,0.002,0.0767020061612129,479.0780199691653,1094368.721056634,0.1536799827590584,68038950912.0,
130020,2.609349250793457,0.002,0.074468120932579,481.3410911010578,1089223.4419477922,0.1844500657171011,68125458432.0,
130185,2.57760238647461,0.002,0.0670602321624755,493.7880190555006,1061767.3571805947,0.2144710160791874,68210917376.0,
130350,2.5997610092163086,0.002,0.0609519854187965,478.99843903724104,1094550.5397758463,0.1476099714636802,68297424896.0,
130515,2.541954040527344,0.002,0.0690497681498527,485.6572500430047,1079543.237444874,0.1561499666422605,68383932416.0,
130680,2.609543800354004,0.002,0.0721822679042816,489.6603689994663,1070717.6508306954,0.1693200320005417,68470439936.0,
130845,2.5852551460266113,0.002,0.0903005078434944,478.3687189919874,1095991.3957266544,0.1514999894425273,68556947456.0,
131010,2.5659048557281494,0.002,0.0737317278981208,478.80054998677224,1095002.9193042582,0.161859905347228,68643454976.0,
131175,2.6105635166168213,0.002,0.0730291232466697,478.24269894044846,1096280.196564559,0.1733399694785475,68729962496.0,
131340,2.61430025100708,0.002,0.0774092599749565,480.27247900608927,1091646.977326287,0.1608110032975673,68816470016.0,
131505,2.637263298034668,0.002,0.0708822384476661,480.0387100549415,1092178.586889366,0.1723399618640542,68902977536.0,
131670,2.60080623626709,0.002,0.0727575346827507,480.44962901622057,1091244.4683817197,0.1523289829492569,68989485056.0,
131835,2.5559256076812744,0.002,0.0736769661307334,482.3618700029329,1086918.4166584564,0.1670899800956249,69075992576.0,
132000,2.5707292556762695,0.002,0.0696133598685264,477.59635001420975,1097763.8333802195,0.1491400180384516,69162500096.0,
132165,2.54050612449646,0.002,0.0764839351177215,478.33507996983826,1096068.471568214,0.1936699263751506,69249007616.0,
132330,2.5938282012939453,0.002,0.0799730196595192,1136.4063379587606,461356.10343544744,0.1553400652483105,69335515136.0,
132495,2.5230462551116943,0.002,0.0780157893896102,482.16857900843024,1087354.138832911,0.1673399237915873,69422022656.0,
132660,2.627779483795166,0.002,0.0906153544783592,481.6829690244049,1088450.3578399022,0.1668100012466311,69508005888.0,
132825,2.6175270080566406,0.002,0.0694668591022491,480.1250299206003,1091982.2282264747,0.1721699954941868,69594513408.0,
132990,2.59744644165039,0.002,0.0818744897842407,499.2844790685922,1050078.706588379,0.1523200189694762,69681020928.0,
133155,2.5252609252929688,0.002,0.0620105601847171,478.726560017094,1095172.158363804,0.1539599616080522,69767528448.0,
133320,2.649641275405884,0.002,0.0726353600621223,480.2396990125999,1091721.490493114,0.1540499506518244,69854035968.0,
133485,2.611893892288208,0.002,0.0764883905649185,478.5833089845255,1095499.968673066,0.1980799715965986,69940543488.0,
133650,2.5590615272521973,0.002,0.0873992070555687,478.0564699321985,1096707.257354677,0.1611600164324045,70027051008.0,
133815,2.5909528732299805,0.002,0.0701369270682334,482.8204590594396,1085886.047623875,0.2329499693587422,70113558528.0,
133980,2.5839414596557617,0.002,0.0734745785593986,482.40950889885426,1086811.0813087772,0.1708500785753131,70200066048.0,
134145,2.587369441986084,0.002,0.069031037390232,479.3695290572942,1093703.2252155044,0.1818200107663869,70286573568.0,
134310,2.508453607559204,0.002,0.0895486697554588,480.3849200252443,1091391.461606348,0.1940999645739793,70373081088.0,
134475,2.622476816177368,0.002,0.0826573148369789,480.0194500712678,1092222.408742312,0.1912900479510426,70459588608.0,
134640,2.55454158782959,0.002,0.0648126751184463,480.1369690103456,1091955.0749875773,0.2024599816650152,70546096128.0,
134805,2.549838066101074,0.002,0.0676851496100425,480.4799490375444,1091175.606911814,0.1767800422385335,70632603648.0,
134970,2.5323550701141357,0.002,0.0756127387285232,481.15510994102806,1089644.4601082143,0.1895999303087592,70719111168.0,
135135,2.5987250804901123,0.002,0.0749299079179763,480.48217000905424,1091170.5630827472,0.2187299542129039,70804570112.0,
135300,2.6390578746795654,0.002,0.0782517567276954,480.2124410634861,1091783.4590851157,0.1948700519278645,70891077632.0,
135465,2.563506603240967,0.002,0.0685689523816108,482.1399500360712,1087418.7047988358,0.1864599762484431,70977585152.0,
135630,2.5590949058532715,0.002,0.0761445984244346,481.2185099581257,1089500.9006316531,0.1829100074246525,71064092672.0,
135795,2.60276460647583,0.002,0.0765126273036003,480.29703099746257,1091591.1741348444,0.2278599422425031,71150600192.0,
135960,2.5226969718933105,0.002,0.0728877410292625,488.56835009064525,1073110.8552216445,0.1931800507009029,71237107712.0,
136125,2.556734561920166,0.002,0.0821819603443145,1052.884375094436,497954.013186847,0.1598800299689173,71323615232.0,
136290,2.6243481636047363,0.002,0.0683375298976898,480.5654310621321,1090981.510761674,0.2323699882254004,71410122752.0,
136455,2.598463773727417,0.002,0.0686457604169845,479.6551010804251,1093052.067660782,0.1722100423648953,71496630272.0,
136620,2.674482583999634,0.002,0.0796325132250785,479.0206409525126,1094499.8089382434,0.1759500009939074,71583137792.0,
136785,2.573054313659668,0.002,0.083200454711914,483.2004900090397,1085032.0122609804,0.3702701069414615,71669645312.0,
136950,2.6330251693725586,0.002,0.0660636574029922,484.0508389752358,1083125.8987381335,0.2010309835895896,71756152832.0,
137115,2.6360714435577393,0.002,0.0655352771282196,480.2545299753546,1091687.7765357154,0.2076600212603807,71842660352.0,
137280,2.6429288387298584,0.002,0.0699871703982353,479.5921000186354,1093195.6551820347,0.1919890055432915,71929167872.0,
137445,2.611367464065552,0.002,0.0737325474619865,479.0992710040882,1094320.1789917275,0.1764700282365083,72015675392.0,
137610,2.607550621032715,0.002,0.0779221132397651,479.159030946903,1094183.6971410394,0.1807999797165393,72101658624.0,
137775,2.6349987983703613,0.002,0.0823261812329292,479.2742100544274,1093920.7430762043,0.2597400452941656,72188166144.0,
137940,2.7442514896392822,0.002,0.0739144012331962,482.0498509798199,1087621.9522406787,0.2173100365325808,72274673664.0,
138105,2.529217481613159,0.002,0.0734371095895767,479.9484009854495,1092384.0957142697,0.1723300665616989,72361181184.0,
138270,2.5712928771972656,0.002,0.0712146088480949,479.83268089592457,1092647.543350049,0.1957399072125554,72447688704.0,
138435,2.5769100189208984,0.002,0.0608997903764247,481.31408996414393,1089284.5460623384,0.2503599971532821,72534196224.0,
138600,2.635265350341797,0.002,0.069626934826374,479.9808009993285,1092310.3568068205,0.204620067961514,72620703744.0,
138765,2.5739235877990723,0.002,0.0837546214461326,480.66636093426496,1090752.4274861843,0.2306000096723437,72707211264.0,
138930,2.602173328399658,0.002,0.0668747276067733,488.85218903888017,1072487.782106058,0.2538199769333005,72793718784.0,
139095,2.592661619186402,0.002,0.0908650159835815,481.27225099597126,1089379.242029869,0.2151599619537592,72880226304.0,
139260,2.564094066619873,0.002,0.0784534588456153,480.0279010087252,1092203.180061549,0.2156500704586506,72966733824.0,
139425,2.569589614868164,0.002,0.0724441111087799,481.1025409726426,1089763.523052798,0.178760034032166,73053241344.0,
139590,2.5803678035736084,0.002,0.0792959183454513,480.7958110468462,1090458.751831588,0.1947800628840923,73139748864.0,
139755,2.588632345199585,0.002,0.0923249498009681,479.6730310190469,1093011.209919745,0.2261800691485405,73226256384.0,
139920,2.5681116580963135,0.002,0.0743218064308166,483.5712509229779,1084200.1028789598,0.206929980777204,73312763904.0,
140085,2.601687431335449,0.002,0.0789077579975128,481.0142709175125,1089963.5035774405,0.204239971935749,73399271424.0,
140250,2.504209280014038,0.002,0.0734248980879783,480.6562910089269,1090775.2791490308,0.2055800287052989,73484206080.0,
140415,2.4707672595977783,0.002,0.0735660418868064,480.872671934776,1090284.4569863863,0.2138599520549178,73570713600.0,
140580,2.5423173904418945,0.002,0.1250889152288437,481.2543209409341,1089419.8289480866,0.215530046261847,73657221120.0,
140745,2.5833935737609863,0.002,0.0574372038245201,481.9728509755805,1087795.7107724382,0.1917099580168724,73743728640.0,
140910,2.587418794631958,0.002,0.067164234817028,482.6450810069218,1086280.624483317,0.1695000100880861,73830236160.0,
141075,2.5605225563049316,0.002,0.0620407611131668,480.5360810132697,1091048.1454264035,0.1444090157747268,73916743680.0,
141240,2.6064605712890625,0.002,0.0879855975508689,480.6696510640904,1090744.9614082118,0.1849699765443802,74003251200.0,
141405,2.629840612411499,0.002,0.0670191124081611,480.8489009737968,1090338.3556419322,0.2268999814987182,74089758720.0,
141570,2.56166410446167,0.002,0.0837784856557846,479.73592090420425,1092867.924110882,0.1585000427439808,74176266240.0,
141735,2.5851340293884277,0.002,0.0673251003026962,480.9356109471992,1090141.773796743,0.1796099822968244,74262773760.0,
141900,2.603338718414306,0.002,0.0758332163095474,482.5029119383544,1086600.696136284,0.1676901010796427,74349281280.0,
142065,2.5815494060516357,0.002,0.0632983669638633,483.24291000608355,1084936.7660529148,0.1721300650388002,74435788800.0,
142230,2.594386100769043,0.002,0.0560587756335735,479.39635103102773,1093642.0330952138,0.1912699081003666,74522296320.0,
142395,2.586613178253174,0.002,0.0812950059771537,478.51438098587096,1095657.770869546,0.2036290243268013,74608803840.0,
142560,2.5854077339172363,0.002,0.0812686681747436,479.11661106627434,1094280.5736440583,0.1584890997037291,74695311360.0,
142725,2.6018199920654297,0.002,0.0797795578837394,482.2006209287792,1087281.884851486,0.1895909663289785,74781294592.0,
142890,2.641232967376709,0.002,0.0814505144953727,480.8446610113606,1090347.9699603298,0.1891000429168343,74867802112.0,
143055,2.5621225833892822,0.002,0.078169010579586,477.8556319652125,1097168.1925016376,0.1459199702367186,74954309632.0,
143220,2.613394260406494,0.002,0.07352314889431,481.4944009995088,1088876.6284959042,0.1825700746849179,75040817152.0,
143385,2.5871453285217285,0.002,0.0747964158654213,480.09876091964543,1092041.976937638,0.153430039063096,75127324672.0,
143550,2.561962366104126,0.002,0.0774272456765174,480.4364809533581,1091274.3323729804,0.1708199270069599,75213832192.0,
143715,2.614380359649658,0.002,0.0756158381700515,481.0873210662976,1089797.999327754,0.184589996933937,75300339712.0,
143880,2.5290749073028564,0.002,0.0686584711074829,480.0875310320407,1092067.5212558466,0.1695799874141812,75386847232.0,
144045,2.584256649017334,0.002,0.0692575722932815,479.60315097589046,1093170.4659012046,0.2131699584424495,75473354752.0,
144210,2.573383331298828,0.002,0.0668869242072105,493.0934510193765,1063262.955360966,0.1944499090313911,75559862272.0,
144375,2.5663599967956543,0.002,0.0622284114360809,478.86561194900423,1094854.1447069556,0.1488500274717807,75646369792.0,
144540,2.595298767089844,0.002,0.070527546107769,480.28500110376626,1091618.5156628008,0.1623090356588363,75732877312.0,
144705,2.556586742401123,0.002,0.0629502162337303,480.8329310035333,1090374.5691996862,0.1825200160965323,75819384832.0,
144870,2.6080777645111084,0.002,0.0729117393493652,500.26209000498056,1048026.6453825838,0.1706599723547697,75905892352.0,
145035,2.5962677001953125,0.002,0.0809835493564605,480.3058519028127,1091571.1268620703,0.1931400038301944,75992399872.0,
145200,2.528775215148926,0.002,0.0933897420763969,481.63900105282664,1088549.7205457736,0.1875699963420629,76077858816.0,
145365,2.5616540908813477,0.002,0.0722235664725303,481.2347020488232,1089464.2422250106,0.1456600148230791,76164366336.0,
145530,2.30194091796875,0.002,0.080105148255825,479.9079920630902,1092476.0759789045,0.1500400248914957,76250873856.0,
145695,2.5468626022338867,0.002,0.0701483786106109,478.8500720169395,1094889.6755756426,0.1589399762451648,76337381376.0,
145860,2.572088718414306,0.002,0.0823312550783157,480.6235410505906,1090849.6051898825,0.181230017915368,76423888896.0,
146025,2.537974119186402,0.002,0.0661312788724899,479.4129519723356,1093604.1628475944,0.1709000207483768,76510396416.0,
146190,2.626026391983032,0.002,0.070947989821434,482.38307202700526,1086870.6436917605,0.1542200334370136,76596903936.0,
146355,2.5343446731567383,0.002,0.0768428146839141,481.76375997718424,1088267.8265895916,0.192290055565536,76683411456.0,
146520,2.6020357608795166,0.002,0.073396161198616,481.50561994407326,1088851.2579788703,0.173449981957674,76769918976.0,
146685,2.589365243911743,0.002,0.0702286437153816,479.3764699716121,1093687.3894353795,0.1523509854450822,76856426496.0,
146850,2.54700231552124,0.002,0.0678356662392616,480.60441005509347,1090893.027677168,0.1763399923220276,76942934016.0,
147015,2.5850095748901367,0.002,0.0733328312635421,480.2398700267077,1091721.1017295225,0.1615299843251705,77029441536.0,
147180,2.5528440475463867,0.002,0.0984245762228965,488.2640589494258,1073779.6288510056,0.1638900721445679,77115949056.0,
147345,2.5686464309692383,0.002,0.0637915581464767,479.8830080544576,1092532.953241185,0.1951900776475668,77202456576.0,
147510,2.587886333465576,0.002,0.0627337992191314,481.4320469740778,1089017.6574145462,0.2441400429233908,77288964096.0,
147675,2.5791015625,0.002,0.0737618654966354,479.92557706311345,1092436.046456121,0.1807300141081214,77374947328.0,
147840,2.577796936035156,0.002,0.074686124920845,480.0157389836386,1092230.852909326,0.1713910605758428,77461454848.0,
148005,2.557499408721924,0.002,0.0788871794939041,480.31308909412473,1091554.6794463012,0.1650400226935744,77547962368.0,
148170,2.516353130340576,0.002,0.0753768235445022,481.0604100348428,1089858.963787991,0.1990699674934148,77634469888.0,
148335,2.61520004272461,0.002,0.0834348648786544,479.700478957966,1092948.669008815,0.209550024010241,77720977408.0,
148500,2.576333522796631,0.002,0.0730942711234092,481.09287896659225,1089785.409266902,0.1895399764180183,77807484928.0,
148665,2.6080079078674316,0.002,0.0692098438739776,479.0265890769661,1094486.2184169106,0.1888499828055501,77893992448.0,
148830,2.559279441833496,0.002,0.0659712478518486,479.10780005622655,1094300.6979608163,0.2162399468943476,77980499968.0,
148995,2.559323310852051,0.002,0.0730807185173034,480.0985989859328,1092042.3452753338,0.1956300111487507,78067007488.0,
149160,2.5700252056121826,0.002,0.0693472847342491,482.4181089643389,1086791.7067324603,0.234799925237894,78153515008.0,
149325,2.6512539386749268,0.002,0.0717209130525589,480.8865790255368,1090252.926297946,0.2260990440845489,78240022528.0,
149490,2.5707449913024902,0.002,0.0810983553528785,479.5411970699206,1093311.69710442,0.1391100231558084,78326530048.0,
149655,2.562788486480713,0.002,0.0688296556472778,480.39572697598487,1091366.9097356673,0.2042199485003948,78413037568.0,
149820,2.5138025283813477,0.002,0.0759205594658851,480.9400470694527,1090131.7184848352,0.2125200117006898,78499545088.0,
149985,2.5647165775299072,0.002,0.0748681426048278,479.7718570334837,1092786.0655307455,0.1790489768609404,78586052608.0,
150150,2.4364466667175293,0.002,0.0599340870976448,480.0421969266608,1092170.6536563053,0.2085500163957476,78671511552.0,
150315,2.5770559310913086,0.002,0.0661271587014198,480.87088600732386,1090288.5062416005,0.1912700245156884,78758019072.0,
150480,2.550103187561035,0.002,0.0692906007170677,482.7841059304774,1085967.813686682,0.2353499876335263,78844526592.0,
150645,2.585963726043701,0.002,0.0803199186921119,481.0266069835052,1089935.5511492076,0.1740599982440471,78931034112.0,
150810,2.5779294967651367,0.002,0.0750170275568962,481.3558660680428,1089190.0088029434,0.2114900853484869,79017541632.0,
150975,2.6458160877227783,0.002,0.0731266811490058,483.05345594417304,1085362.279367674,0.276649952866137,79104049152.0,
151140,2.586106538772583,0.002,0.0647282525897026,481.6871960647404,1088440.806156562,0.2431090688332915,79190556672.0,
151305,2.615985870361328,0.002,0.0675765350461006,481.3126469962299,1089287.8117206565,0.2383500104770064,79277064192.0,
151470,2.5633366107940674,0.002,0.0700930804014206,481.54817894101143,1088755.0258272788,0.1886900281533599,79363571712.0,
151635,2.5566067695617676,0.002,0.0725423023104667,486.4598090061918,1077762.2124037112,0.2090599155053496,79450079232.0,
151800,2.540471076965332,0.002,0.0693289414048194,479.1421489790082,1094222.249320357,0.2040400868281722,79536586752.0,
151965,2.5367183685302734,0.002,0.0685057714581489,523.9976460579783,1000554.1130655948,0.1765399938449263,79623094272.0,
152130,2.667935371398926,0.002,0.0752258673310279,483.054829062894,1085359.1941459246,0.1729999203234911,79709601792.0,
152295,2.5230324268341064,0.002,0.0778978466987609,482.6534689636901,1086261.746187599,0.1856599701568484,79796109312.0,
152460,2.572296619415283,0.002,0.0813718438148498,480.4851789958775,1091163.7297443014,0.2301599597558379,79882616832.0,
152625,2.565617561340332,0.002,0.0618662014603614,479.99987902585417,1092266.9419501256,0.1718000276014208,79968600064.0,
152790,2.6027398109436035,0.002,0.0677923411130905,479.2886880459264,1093887.6987427704,0.2211300889030099,80055107584.0,
152955,2.553238868713379,0.002,0.0692056119441986,481.9179989863187,1087919.5238667235,0.1860500779002905,80141615104.0,
153120,2.4503164291381836,0.002,0.0640013739466667,481.4543400425464,1088967.2319781526,0.2080200938507914,80228122624.0,
153285,2.5165047645568848,0.002,0.0757197141647338,480.7408399647102,1090583.4420859406,0.2242911141365766,80314630144.0,
153450,2.574084758758545,0.002,0.0766535699367523,492.6664480008185,1064184.5048054275,0.192360021173954,80401137664.0,
153615,2.652120351791382,0.002,0.087570734322071,479.355221032165,1093735.8705952636,0.1900899223983287,80487645184.0,
153780,2.616030693054199,0.002,0.0723596960306167,481.461470015347,1088951.1054400424,0.2134999958798289,80574152704.0,
153945,2.6174612045288086,0.002,0.0674696266651153,479.0927110007033,1094335.1630311704,0.1611500047147274,80660660224.0,
154110,2.464858055114746,0.002,0.06197065487504,481.58934991806746,1088661.9483782123,0.1995890634134411,80747167744.0,
154275,2.547744035720825,0.002,0.082814946770668,481.4218410756439,1089040.7440355842,0.2164699835702777,80833675264.0,
154440,2.5178940296173096,0.002,0.0898965969681739,480.4153110599146,1091322.4202686036,0.1886601094156503,80920182784.0,
154605,2.615734338760376,0.002,0.0737417414784431,482.7777009923011,1085982.221056148,0.2327000256627798,81006690304.0,
154770,2.567509651184082,0.002,0.0778775513172149,481.2486310256645,1089432.7094138586,0.1886599930003285,81093197824.0,
154935,2.5567827224731445,0.002,0.0785823985934257,480.640531051904,1090811.045112179,0.1958600478246808,81179705344.0,
155100,2.541381597518921,0.002,0.0776610448956489,480.13647098559886,1091956.2076252387,0.1784099731594324,81265164288.0,
155265,2.4965598583221436,0.002,0.0758199468255043,487.6353699946776,1075164.0103664394,0.1527901040390133,81351671808.0,
155430,2.5819571018218994,0.002,0.0863908529281616,478.99053106084466,1094568.610445874,0.1645999727770686,81438179328.0,
155595,2.43855357170105,0.002,0.070129208266735,479.6089309966192,1093157.291526116,0.1650000922381878,81524686848.0,
155760,2.481323719024658,0.002,0.0698748528957367,481.45653994288296,1088962.256203225,0.1836300361901521,81611194368.0,
155925,2.705904960632324,0.002,0.086925484240055,481.23063996899873,1089473.4384198294,0.1659500412642955,81697701888.0,
156090,2.5563764572143555,0.002,0.0824323594570159,480.2035299362615,1091803.7192887566,0.1681100111454725,81784209408.0,
156255,2.5970563888549805,0.002,0.0795812085270881,482.1548500331118,1087385.1003759366,0.165379955433309,81870716928.0,
156420,2.5981318950653076,0.002,0.0745338127017021,481.37458006385714,1089147.6652764883,0.1561898970976472,81957224448.0,
156585,2.5705230236053467,0.002,0.0829296186566352,485.1860699709505,1080591.617214795,0.1487800618633628,82043731968.0,
156750,2.5561301708221436,0.002,0.0713861659169197,480.96296004951,1090079.7848259043,0.2002599649131298,82130239488.0,
156915,2.5875754356384277,0.002,0.0660282745957374,479.7714590094984,1092786.972118782,0.1570000313222408,82216747008.0,
157080,2.5407917499542236,0.002,0.0912035331130027,481.0431599617005,1089898.04582554,0.1640900736674666,82303254528.0,
157245,2.574639320373535,0.002,0.0852102786302566,481.12261993810534,1089718.0433284298,0.1749800285324454,82389762048.0,
157410,2.5619406700134277,0.002,0.0801358520984649,481.2007590662688,1089541.0909520146,0.1592999324202537,82476269568.0,
157575,2.5827016830444336,0.002,0.0730097815394401,483.6479690857232,1084028.1227503174,0.235099927522242,82562777088.0,
157740,2.577303886413574,0.002,0.0796748995780944,481.6482389578596,1088528.8424066491,0.1798199955374002,82648760320.0,
157905,2.5632288455963135,0.002,0.0757166594266891,484.13036903366446,1082947.9692556595,0.1673799706622958,82735267840.0,
158070,2.5625228881835938,0.002,0.0650530010461807,481.165259028785,1089621.4765343964,0.1736109843477606,82821775360.0,
158235,2.577033281326294,0.002,0.0829569920897483,481.17173893842846,1089606.802670281,0.2625600900501013,82908282880.0,
158400,2.5962915420532227,0.002,0.0783452838659286,481.1373590491712,1089684.661020927,0.1967499265447259,82994790400.0,
158565,2.591137409210205,0.002,0.0730628296732902,498.36042907554656,1052025.7416355244,0.1914000604301691,83081297920.0,
158730,2.542072296142578,0.002,0.0749428868293762,481.2272189883515,1089481.183342397,0.161419971846044,83167805440.0,
158895,2.594139575958252,0.002,0.0747093111276626,480.93674902338535,1090139.1941136664,0.1700599677860736,83254312960.0,
159060,2.5783119201660156,0.002,0.0769000649452209,479.96255895122886,1092351.8724994448,0.1445499947294592,83340820480.0,
159225,2.5847573280334473,0.002,0.0794311836361885,480.9538099216297,1090100.5235522129,0.1875999150797724,83427328000.0,
159390,2.594452381134033,0.002,0.074230670928955,480.58632004540414,1090934.0905718396,0.1761699095368385,83513835520.0,
159555,2.569364547729492,0.002,0.0651532858610153,483.131289947778,1085187.4240160903,0.1780400052666664,83600343040.0,
159720,2.5811281204223633,0.002,0.0725728645920753,480.61863996554166,1090860.729075321,0.1773200929164886,83686850560.0,
159885,2.6115801334381104,0.002,0.0842913910746574,480.6005109567195,1090901.8780614962,0.1836500596255064,83773358080.0,
160050,2.6034531593322754,0.002,0.0677068978548049,480.2020600764081,1091807.0612120596,0.1619999529793858,83859865600.0,
160215,2.6226556301116943,0.002,0.0789975598454475,478.45015104394406,1095804.8583662082,0.1602090196684003,83944800256.0,
160380,2.573793888092041,0.002,0.066144622862339,478.9534609299153,1094653.32807506,0.1814300194382667,84031307776.0,
160545,2.4857053756713867,0.002,0.0747548192739486,480.2466109395027,1091705.7779425855,0.1608699094504118,84117815296.0,
160710,2.575193405151367,0.002,0.0919828340411186,479.1453609941527,1094214.9140548564,0.2154000103473663,84204322816.0,
160875,2.6058411598205566,0.002,0.0782806947827339,493.1641789153218,1063110.4658759537,0.184959964826703,84290830336.0,
161040,2.537952184677124,0.002,0.0688816085457801,479.8231509048492,1092669.2449318029,0.1680899877101183,84377337856.0,
161205,2.536167860031128,0.002,0.0746962875127792,481.3963499618694,1089098.411405753,0.1636999659240245,84463845376.0,
161370,2.5139546394348145,0.002,0.079776257276535,479.79159094393253,1092741.1190523913,0.1927800476551056,84550352896.0,
161535,2.612302541732788,0.002,0.0711764767765998,481.789801036939,1088209.0049884692,0.1922600204125046,84636860416.0,
161700,2.546087741851806,0.002,0.070058450102806,478.5024629672989,1095685.0603208495,0.141100026667118,84723367936.0,
161865,2.546329975128174,0.002,0.0745464414358139,491.110750939697,1067555.5340558544,0.1815889263525605,84809875456.0,
162030,2.5518643856048584,0.002,0.0799206644296646,482.6517420588061,1086265.632780252,0.1789400121197104,84896382976.0,
162195,2.5861239433288574,0.002,0.0727255567908287,480.4777320241555,1091180.641798488,0.1841599587351083,84982890496.0,
162360,2.5457100868225098,0.002,0.0765850320458412,480.4342220304534,1091279.463365886,0.1743700122460723,85069398016.0,
162525,2.581580400466919,0.002,0.0721501410007476,480.8681829599664,1090294.6349512346,0.1885400852188468,85155905536.0,
162690,2.57022762298584,0.002,0.0657061710953712,489.54169207718223,1070977.2190707296,0.1670799683779478,85241888768.0,
162855,2.55072021484375,0.002,0.0645336881279945,483.270982047543,1084873.7447025569,0.1951500307768583,85328396288.0,
163020,2.573054313659668,0.002,0.0720556825399398,496.420721989125,1056136.4116695465,0.1894800225272774,85414903808.0,
163185,2.5619213581085205,0.002,0.0730013325810432,481.9238310446962,1087906.358279623,0.1769199734553694,85501411328.0,
163350,2.5639431476593018,0.002,0.0704892426729202,481.3014529645443,1089313.1462011654,0.2047900343313813,85587918848.0,
163515,2.577383041381836,0.002,0.0805383324623107,480.93295202124864,1090147.800845295,0.1910499995574355,85674426368.0,
163680,2.5329089164733887,0.002,0.0878502577543258,488.643552060239,1072945.7040607114,0.1959099899977445,85760933888.0,
163845,2.551426887512207,0.002,0.0761036053299903,479.53741310629994,1093320.3242763043,0.2084800507873296,85847441408.0,
164010,2.593849420547486,0.002,0.0672877430915832,480.0143130123615,1092234.0975830408,0.1832100097090006,85933948928.0,
164175,2.5674893856048584,0.002,0.0805593878030777,480.3633029805496,1091440.5758035786,0.1609300961717963,86020456448.0,
164340,2.562513828277588,0.002,0.0776871889829635,481.0911420499906,1089789.343794488,0.1918399939313531,86106963968.0,
164505,2.5860891342163086,0.002,0.0643552094697952,489.76723302621394,1070484.0271989745,0.1807600492611527,86193471488.0,
164670,2.5849757194519043,0.002,0.0713216885924339,481.136712944135,1089686.1243279832,0.2327898982912302,86279979008.0,
164835,2.528806447982788,0.002,0.0693022385239601,479.5615620678291,1093265.2686743997,0.2000400563701987,86366486528.0,
165000,2.539834499359131,0.002,0.0853175520896911,480.56644399184734,1090979.2112095417,0.1671400386840105,86452994048.0,
165165,2.553590774536133,0.002,0.0768791586160659,496.70547200366855,1055530.9525483295,0.1758600119501352,86538452992.0,
165330,2.468928337097168,0.002,0.0864532068371772,478.7811529822648,1095047.28148608,0.1476899487897753,86624960512.0,
165495,2.5055131912231445,0.002,0.0680292323231697,479.9573230557144,1092363.7890595112,0.2424699487164616,86711468032.0,
165660,2.602353096008301,0.002,0.0740690901875495,478.9223929401487,1094724.3389087482,0.1523109385743737,86797975552.0,
165825,2.5231382846832275,0.002,0.069665752351284,479.7759719658643,1092776.692946396,0.1854000147432088,86884483072.0,
165990,2.60835599899292,0.002,0.0622153803706169,478.6957720061764,1095242.5959451245,0.1848400570452213,86970990592.0,
166155,2.5346739292144775,0.002,0.0723314881324768,478.93180197570473,1094702.83208839,0.1635400112718343,87057498112.0,
166320,2.5499398708343506,0.002,0.073967769742012,478.3341819420457,1096070.5293344937,0.1649700570851564,87144005632.0,
166485,2.5744800567626953,0.002,0.0720785558223724,479.35857193078846,1093728.224965796,0.1862599747255444,87230513152.0,
166650,2.577936887741089,0.002,0.0736324191093444,480.8103720424697,1090425.7280741232,0.149170053191483,87317020672.0,
166815,2.5836806297302246,0.002,0.0800377950072288,479.3081519892439,1093843.2776994903,0.1643900759518146,87403528192.0,
166980,2.5238168239593506,0.002,0.0809904038906097,482.3457619640976,1086954.7145290857,0.1630999613553285,87490035712.0,
167145,2.554115056991577,0.002,0.073073111474514,481.1354520497843,1089688.9800291634,0.1742599997669458,87576543232.0,
167310,2.6370339393615723,0.002,0.068970501422882,478.8339830702171,1094926.4641543152,0.1559000229462981,87663050752.0,
167475,2.5410399436950684,0.002,0.0719074606895446,480.528022046201,1091066.443466624,0.2103699371218681,87749558272.0,
167640,2.519223213195801,0.002,0.0826886892318725,481.10556101892143,1089756.6822749327,0.1552400644868612,87835541504.0,
167805,2.5745420455932617,0.002,0.0647741481661796,479.639631928876,1093087.3203525117,0.2082310384139418,87922049024.0,
167970,2.5641279220581055,0.002,0.0719594433903694,480.09173199534416,1092057.9652996075,0.1822899794206023,88008556544.0,
168135,2.5706329345703125,0.002,0.0913139283657074,479.5996320899576,1093178.4866374966,0.17966004088521,88095064064.0,
168300,2.4478650093078613,0.002,0.0884018316864967,480.73219193611294,1090603.0609027229,0.1911399886012077,88181571584.0,
168465,2.5415525436401367,0.002,0.0701023042201995,486.0453919973224,1078681.1450789112,0.221799942664802,88268079104.0,
168630,2.549952507019043,0.002,0.0869985744357109,480.3220219910145,1091534.37901252,0.2292300341650843,88354586624.0,
168795,2.559814691543579,0.002,0.0785354897379875,481.82617290876806,1088126.8587691933,0.2156700938940048,88441094144.0,
168960,2.618022918701172,0.002,0.074527122080326,481.9177819881588,1087920.0137356257,0.2189199440181255,88527601664.0,
169125,2.5682592391967773,0.002,0.0834768787026405,479.71267194952816,1092920.8892258776,0.1818800810724496,88614109184.0,
169290,2.6715517044067383,0.002,0.083870068192482,479.58305303473026,1093216.277519365,0.2043290296569466,88700616704.0,
169455,2.586820602416992,0.002,0.0615952871739864,481.80234199389815,1088180.6797166625,0.1796800643205642,88787124224.0,
169620,2.5597622394561768,0.002,0.0665885880589485,480.3415719652549,1091489.9533990866,0.1775400014594197,88873631744.0,
169785,2.4936861991882324,0.002,0.0697639733552932,479.2664219858125,1093938.51926376,0.1724399626255035,88960139264.0,
169950,2.5489773750305176,0.002,0.0775998532772064,493.62013197969645,1062128.479033681,0.1846499508246779,89046646784.0,
170115,2.532278537750244,0.002,0.0685744509100914,480.9142380254343,1090190.2221748563,0.2459200331941247,89132105728.0,
170280,2.5941028594970703,0.002,0.0702445581555366,481.5744379302487,1088695.6588753532,0.1898600021377205,89218613248.0,
170445,2.5219926834106445,0.002,0.0710970088839531,479.5436880085618,1093306.0180131898,0.2124300226569175,89305120768.0,
170610,2.498997688293457,0.002,0.0688441544771194,479.5565190725029,1093276.765404026,0.2042100531980395,89391628288.0,
170775,2.624216079711914,0.002,0.0838537886738777,479.80232001282275,1092716.6837917506,0.1756099518388509,89478135808.0,
170940,2.609016180038452,0.002,0.0765385702252388,480.87313096039,1090283.4162368414,0.1715499674901366,89564643328.0,
171105,2.580287218093872,0.002,0.0755864456295967,480.229070992209,1091745.651542419,0.2222290495410561,89651150848.0,
171270,2.579141855239868,0.002,0.0616852492094039,482.4308709939942,1086762.957187553,0.1713500823825597,89737658368.0,
171435,2.527385950088501,0.002,0.063615396618843,480.1026609493419,1092033.1059263183,0.184409087523818,89824165888.0,
171600,2.56349515914917,0.002,0.0786719247698783,480.1616499898955,1091898.9469713648,0.1940299989655614,89910673408.0,
171765,2.6376500129699707,0.002,0.0934937819838523,1633.418160956353,320975.9830838624,0.1955099869519472,89997180928.0,
171930,2.654472827911377,0.002,0.0742441937327385,479.9489709548652,1092382.798439846,0.1974100014194846,90083688448.0,
172095,2.514504909515381,0.002,0.0665457546710968,484.0226400410757,1083189.0011498374,0.2226099604740739,90170195968.0,
172260,2.5489954948425293,0.002,0.0728141590952873,480.88079097215086,1090266.0489725466,0.2376299817115068,90256703488.0,
172425,2.583651542663574,0.002,0.0750329196453094,480.0687510287389,1092110.2422861387,0.2253400161862373,90343211008.0,
172590,2.570345640182495,0.002,0.0742526426911354,479.45300093851984,1093512.8135056335,0.2130899811163544,90429718528.0,
172755,2.54678726196289,0.002,0.0868426635861396,480.04038096405566,1092174.7852692783,0.1856900053098797,90515701760.0,
172920,2.578625202178955,0.002,0.0705907568335533,480.1325999433175,1091965.011461199,0.2250800607725978,90602209280.0,
173085,2.586904525756836,0.002,0.0727682411670684,480.2873809821904,1091613.1065692962,0.2176900161430239,90688716800.0,
173250,2.588526725769043,0.002,0.0688440725207328,478.5389610333368,1095601.4926514544,0.1778299920260906,90775224320.0,
173415,2.590836524963379,0.002,0.0611367896199226,480.5402900092304,1091038.5890638416,0.1880099298432469,90861731840.0,
173580,2.5493693351745605,0.002,0.067741259932518,480.1775310188532,1091862.834330361,0.1942899543792009,90948239360.0,
173745,2.610023021697998,0.002,0.0732118114829063,479.0161499986425,1094510.070279438,0.175630091689527,91034746880.0,
173910,2.6104514598846436,0.002,0.0665559843182563,479.66124990489334,1093038.0557194378,0.2378600183874368,91121254400.0,
174075,2.607464551925659,0.002,0.0748675838112831,483.1075510010123,1085240.7479735322,0.1811200054362416,91207761920.0,
174240,2.5820257663726807,0.002,0.0862552300095558,479.48114201426506,1093448.6344916604,0.1766800414770841,91294269440.0,
174405,2.641082286834717,0.002,0.0778678283095359,480.3815119666979,1091399.2044646922,0.2058299724012613,91380776960.0,
174570,2.542149782180786,0.002,0.0869406685233116,479.927631909959,1092431.3691076732,0.1772399991750717,91467284480.0,
174735,2.57114577293396,0.002,0.0740638598799705,479.8751519992947,1092550.8391415323,0.1914899330586195,91553792000.0,
174900,2.568406105041504,0.002,0.0692277029156684,480.3614920238033,1091444.690520738,0.4603799898177385,91640299520.0,
175065,2.4954845905303955,0.002,0.0740641877055168,480.20792298484594,1091793.731226182,0.2028500894084572,91726807040.0,
175230,2.619349718093872,0.002,0.0746039152145385,482.7985019655898,1085935.432412272,0.2327999100089073,91812265984.0,
175395,2.497061014175415,0.002,0.072589173913002,480.8209320763126,1090401.7795897217,0.2219299785792827,91898773504.0,
175560,2.590731143951416,0.002,0.0708864405751228,480.4374929517507,1091272.0337016934,0.2328399568796157,91985281024.0,
175725,2.5845046043395996,0.002,0.0745415762066841,482.1275429567322,1087446.6884524194,0.2113711088895797,92071788544.0,
175890,2.515235185623169,0.002,0.0883425027132034,479.80323201045394,1092714.6067840094,0.2047599991783499,92158296064.0,
176055,2.6230363845825195,0.002,0.0758679509162902,479.6685620676726,1093021.3932303372,0.1992799807339906,92244803584.0,
176220,2.5059337615966797,0.002,0.0809111148118972,482.6983920065686,1086160.6516245976,0.1792199909687042,92331311104.0,
176385,2.5290863513946533,0.002,0.0770569071173667,481.9953340338543,1087744.969670547,0.1734700053930282,92417818624.0,
176550,2.528090715408325,0.002,0.0635400116443634,482.5813829666003,1086424.0074430848,0.2239400055259466,92504326144.0,
176715,2.547122001647949,0.002,0.0643002241849899,480.3006430156529,1091582.9650115909,0.17301004845649,92590833664.0,
176880,2.6068925857543945,0.002,0.069585271179676,482.24506399128586,1087181.6824017796,0.2350499853491783,92677341184.0,
177045,2.60492205619812,0.002,0.0829309970140457,480.20085296593606,1091809.805754742,0.198710011318326,92763848704.0,
177210,2.6193666458129883,0.002,0.0733497738838195,480.01664399635047,1092228.7936415516,0.2201399765908718,92850356224.0,
177375,2.6106760501861572,0.002,0.071217842400074,479.31639291346073,1093824.471166499,0.1763300970196724,92936863744.0,
177540,2.614521026611328,0.002,0.0726817697286605,501.5569319948554,1045321.0125413594,0.2321399515494704,93023371264.0,
177705,2.5873241424560547,0.002,0.0722454562783241,480.1444330951199,1091938.1000011198,0.1928500132635235,93109354496.0,
177870,2.6174275875091553,0.002,0.0657009854912757,479.63545308448374,1093096.843922526,0.2603799803182482,93195862016.0,
178035,2.5377957820892334,0.002,0.0905202999711036,489.6234520711005,1070798.3814547055,0.190231017768383,93282369536.0,
178200,2.6920111179351807,0.002,0.0897779241204261,479.6847839606926,1092984.4296311105,0.1931199803948402,93368877056.0,
178365,2.5968680381774902,0.002,0.0723103135824203,480.4881929885596,1091156.885123467,0.1907900441437959,93455384576.0,
178530,2.549802303314209,0.002,0.0725557208061218,479.0120219113305,1094519.502679727,0.2093400107696652,93541892096.0,
178695,2.5589232444763184,0.002,0.0767242610454559,479.8828309867531,1092533.356365218,0.1702300505712628,93628399616.0,
178860,2.5363848209381104,0.002,0.0814536437392234,479.15584209840745,1094190.9790850957,0.1980899833142757,93714907136.0,
179025,2.5632126331329346,0.002,0.0780335068702697,480.25512194726616,1091686.430899885,0.2822000533342361,93801414656.0,
179190,2.5519919395446777,0.002,0.0798886716365814,480.46154202893376,1091217.4110460377,0.2001600805670023,93887922176.0,
179355,2.5370795726776123,0.002,0.0716700628399849,480.34607199952006,1091479.7279752167,0.1748689683154225,93974429696.0,
179520,2.591766834259033,0.002,0.0719162300229072,480.9156220871955,1090187.0846377716,0.2019599778577685,94060937216.0,
179685,2.5544004440307617,0.002,0.0835192576050758,479.9307220382616,1092424.335273544,0.1828110544010996,94147444736.0,
179850,2.568741798400879,0.002,0.0639341548085212,479.00775203015655,1094529.2592404492,0.1858600880950689,94233952256.0,
180015,2.556612491607666,0.002,0.0749369338154792,479.4412220362574,1093539.6789063565,0.1886299578472972,94320459776.0,
180180,2.553905725479126,0.002,0.0787561014294624,479.6642110450194,1093031.3080014065,0.367519911378622,94405394432.0,
180345,2.601743698120117,0.002,0.0703460425138473,483.38464193511754,1084618.6546207496,0.1755490666255355,94491901952.0,
180510,2.573002338409424,0.002,0.0759304165840148,481.2306620879099,1089473.3883441212,0.2603490138426423,94578409472.0,
180675,2.6015548706054688,0.002,0.0875371620059013,499.1608510026708,1050338.781470654,0.2292300341650843,94664916992.0,
180840,2.5820608139038086,0.002,0.0570647157728672,478.73705194797367,1095148.1567317178,0.1393399434164166,94751424512.0,
181005,2.581057071685791,0.002,0.0745585933327674,481.2900520628318,1089338.9500840022,0.1878100447356701,94837932032.0,
181170,2.5345120429992676,0.002,0.0829752758145332,1218.6344879446551,430225.8020649509,0.202219933271408,94924439552.0,
181335,2.542079210281372,0.002,0.0672941207885742,480.67355202510953,1090736.109343108,0.2094999654218554,95010947072.0,
181500,2.5380208492279053,0.002,0.0699850693345069,480.1361720310524,1091956.887526675,0.3002799348905682,95097454592.0,
181665,2.495429515838623,0.002,0.0724169984459877,479.4948030030355,1093417.4817254087,0.1688400516286492,95183962112.0,
181830,2.5405313968658447,0.002,0.0687808692455291,480.16506200656295,1091891.1880199106,0.181108945980668,95270469632.0,
181995,2.5799150466918945,0.002,0.0808053016662597,481.1409320682287,1089676.5688720343,0.2033900236710906,95356977152.0,
182160,2.5604612827301025,0.002,0.0762592852115631,482.2620019549504,1087143.4985022424,0.1867800019681453,95443484672.0,
182325,2.572323799133301,0.002,0.0736957043409347,482.63263201806694,1086308.6439218924,0.5207100184634328,95529992192.0,
182490,2.5885839462280273,0.002,0.0636012926697731,479.8384919995442,1092634.31079743,0.2067700261250138,95616499712.0,
182655,2.5749454498291016,0.002,0.0714712664484977,481.29163205157965,1089335.3739917348,0.228830031119287,95702482944.0,
182820,2.5101771354675293,0.002,0.0769108608365058,479.6457410557195,1093073.3979749742,0.1561599783599376,95788990464.0,
182985,2.5746278762817383,0.002,0.0817219913005828,480.2746420027688,1091642.0609126757,0.1711499644443392,95875497984.0,
183150,2.5415687561035156,0.002,0.0748915523290634,480.5051520233974,1091118.3736370648,0.1641300041228532,95962005504.0,
183315,2.5341100692749023,0.002,0.0649087950587272,480.6448909221217,1090801.1505004216,0.1252889633178711,96048513024.0,
183480,2.5461158752441406,0.002,0.0745485201478004,481.09306197147816,1089784.994719135,0.1612299820408225,96135020544.0,
183645,2.560388565063477,0.002,0.0838636234402656,482.1708910167217,1087348.9249723656,0.2553400117903948,96221528064.0,
183810,2.515934944152832,0.002,0.0720599740743637,501.86855101492256,1044671.9543189922,0.1378910383209586,96308035584.0,
183975,2.608342409133911,0.002,0.0679257735610008,482.3468719841912,1086952.2131309342,0.1907700207084417,96394543104.0,
184140,2.5692195892333984,0.002,0.0842902436852455,480.09218205697834,1092056.9415516465,0.2197100548073649,96481050624.0,
184305,2.5962233543395996,0.002,0.0796571746468544,479.4648520182818,1093485.7848141266,0.1524310791864991,96567558144.0,
184470,2.562502145767212,0.002,0.0786613523960113,486.0368410591036,1078700.1225206405,0.2176599809899926,96654065664.0,
184635,2.482213973999023,0.002,0.0712366700172424,481.9083519978449,1087941.3021717968,0.190870021469891,96740573184.0,
184800,2.587904930114746,0.002,0.0778998583555221,481.5921119879931,1088655.704587353,0.1699000131338834,96827080704.0,
184965,2.56453275680542,0.002,0.0885080471634864,481.51726205833256,1088824.9317560005,0.2384089166298508,96913588224.0,
185130,2.511460065841675,0.002,0.0594830252230167,481.2418110668659,1089448.1484011228,0.1673799706622958,96999047168.0,
185295,2.560950756072998,0.002,0.068638689815998,479.0381819475442,1094459.7315155366,0.1717800041660666,97085554688.0,
185460,2.5713024139404297,0.002,0.0749448835849762,481.4900220371783,1088886.5314004722,0.16683095600456,97172062208.0,
185625,2.6400012969970703,0.002,0.077318288385868,485.1400110637769,1080694.2079470677,0.220690038986504,97258569728.0,
185790,2.5692217350006104,0.002,0.0826989486813545,480.7356910314411,1090595.122810864,0.2391000743955373,97345077248.0,
185955,2.5410373210906982,0.002,0.0608298256993293,480.16068199649453,1091901.1482156876,0.2039500977844,97431584768.0,
186120,2.5583043098449707,0.002,0.0655088797211647,480.9992910595611,1089997.448530706,0.2013099147006869,97518092288.0,
186285,2.535606861114502,0.002,0.0748176574707031,479.72469206433743,1092893.504697244,0.182230956852436,97604599808.0,
186450,2.546785354614258,0.002,0.0817261338233947,489.5804410334677,1070892.454145569,0.2150200307369232,97691107328.0,
186615,2.6075823307037354,0.002,0.0706818476319313,480.0804819678888,1092083.556179791,0.2272600540891289,97777614848.0,
186780,2.5649681091308594,0.002,0.0790967345237732,480.25381099432707,1091689.4108856807,0.2018100349232554,97864122368.0,
186945,2.5635986328125,0.002,0.0720439627766609,480.4322310956195,1091283.9856817434,0.2163599710911512,97950629888.0,
187110,2.5228753089904785,0.002,0.0793234631419181,481.21488199103624,1089509.1145783935,0.2128699561581015,98037137408.0,
187275,2.5441341400146484,0.002,0.0719209909439086,481.06289200950414,1089853.3408177362,0.1823100028559565,98123644928.0,
187440,2.6169533729553223,0.002,0.0705438405275344,479.8346010502428,1092643.1709019304,0.1756799174472689,98210152448.0,
187605,2.601318836212158,0.002,0.0716076865792274,483.6097019724548,1084113.8998279695,0.2151599619537592,98296659968.0,
187770,2.5340609550476074,0.002,0.0675217136740684,481.8938520038501,1087974.037892086,0.1877100439742207,98382643200.0,
187935,2.691694736480713,0.002,0.0593431368470191,480.04226200282574,1092170.5055979297,0.1892698928713798,98469150720.0,
188100,2.584235191345215,0.002,0.0899890586733818,481.7347709322348,1088333.3145859863,0.1845300430431962,98555658240.0,
188265,2.5186948776245117,0.002,0.0783765316009521,479.3851029826328,1093667.693756003,0.1805899664759636,98642165760.0,
188430,2.5949771404266357,0.002,0.0772199556231498,480.10108107700944,1092036.699488087,0.2001600805670023,98728673280.0,
188595,2.5549845695495605,0.002,0.0725429505109787,480.4815910756588,1091171.8778367166,0.2060699043795466,98815180800.0,
188760,2.5653765201568604,0.002,0.0739359259605407,500.2202399773523,1048114.3266488723,0.1909100683405995,98901688320.0,
188925,2.4787395000457764,0.002,0.0791670233011245,480.2320310845971,1091738.9221537411,0.1903100637719035,98988195840.0,
189090,2.5636022090911865,0.002,0.0639114826917648,481.3254210166633,1089258.9028283411,0.2359090140089392,99074703360.0,
189255,2.5205225944519043,0.002,0.0667426660656929,480.9242020128295,1090167.635160964,0.2133490052074194,99161210880.0,
189420,2.5377981662750244,0.002,0.0758019015192985,479.158419999294,1094185.092272348,0.1799890305846929,99247718400.0,
189585,2.5535974502563477,0.002,0.0742157548666,500.4732799716294,1047584.3985711298,0.1798300072550773,99334225920.0,
189750,2.504012107849121,0.002,0.0667717903852462,489.08136098179966,1071985.2397309218,0.2007689327001571,99420733440.0,
189915,2.5933797359466553,0.002,0.0785389691591262,479.06888101715595,1094389.597768979,0.1659799600020051,99507240960.0,
190080,2.562169313430786,0.002,0.0698602125048637,480.6795309996232,1090722.5421263278,0.1862699864432215,99593748480.0,
190245,2.5854392051696777,0.002,0.076202392578125,481.71906103380024,1088368.8074846864,0.1810200046747923,99679207424.0,
190410,2.569308042526245,0.002,0.0801513642072677,481.4812509575858,1088906.3675008707,0.1692299265414476,99765714944.0,
190575,2.6016056537628174,0.002,0.0894024521112442,481.32983199320734,1089248.9207014265,0.1724900212138891,99852222464.0,
190740,2.5204648971557617,0.002,0.0760746821761131,480.5602300912142,1090993.318153868,0.1805799547582864,99938729984.0,
190905,2.5928268432617188,0.002,0.072148285806179,478.5024309530854,1095685.1336276776,0.1356600550934672,100025237504.0,
191070,2.5431699752807617,0.002,0.0754321813583374,479.829641059041,1092654.4655366312,0.2029599854722619,100111745024.0,
191235,2.4815099239349365,0.002,0.0645694583654403,479.14499102626,1094215.7589439685,0.1862499630078673,100198252544.0,
191400,2.524087429046631,0.002,0.0782820805907249,481.0049500083551,1089984.6248794177,0.1969499280676245,100284760064.0,
191565,2.6352686882019043,0.002,0.0870480686426162,481.3204810488969,1089270.0822900117,0.1721899025142192,100371267584.0,
191730,2.5351028442382812,0.002,0.0876326039433479,482.4577199760824,1086702.4783560128,0.19296002574265,100457775104.0,
191895,2.596555233001709,0.002,0.0662014856934547,481.9700609659776,1087802.0077620747,0.1947090495377779,100544282624.0,
192060,2.59293794631958,0.002,0.0744402110576629,481.2752209836617,1089372.5193838694,0.2347500994801521,100630790144.0,
192225,2.6410560607910156,0.002,0.0701365023851394,482.1463000262156,1087404.3832162416,0.1757600111886859,100717297664.0,
192390,2.5326695442199707,0.002,0.0782974064350128,480.1349400077015,1091959.689481441,0.1715000253170728,100803805184.0,
192555,2.5739493370056152,0.002,0.076520599424839,493.5196789447218,1062344.669053662,0.1707399496808648,100890312704.0,
192720,2.5586204528808594,0.002,0.0766001194715499,481.5063700079918,1088849.561826769,0.2230899408459663,100976295936.0,
192885,2.5532355308532715,0.002,0.0793785005807876,482.3765910696238,1086885.2463123088,0.1767299836501479,101062803456.0,
193050,2.634859561920166,0.002,0.0743195116519928,482.86612099036574,1085783.3614929898,0.1963300164788961,101149310976.0,
193215,2.5913822650909424,0.002,0.0802330151200294,479.9051819136366,1092482.473119764,0.2030000323429703,101235818496.0,
193380,2.5379881858825684,0.002,0.0707315355539321,479.4462620047853,1093528.1835501457,0.1656599342823028,101322326016.0,
193545,2.5758278369903564,0.002,0.0811389610171318,479.4688710244373,1093476.6189925987,0.1828399254009127,101408833536.0,
193710,2.5952322483062744,0.002,0.06291414052248,480.62311101239175,1090850.581229088,0.1659800764173269,101495341056.0,
193875,2.617377996444702,0.002,0.0776663348078727,481.49379109963775,1088878.0077571273,0.1860400661826133,101581848576.0,
194040,2.607959747314453,0.002,0.0826933160424232,479.2921009939164,1093879.9093762964,0.2042200649157166,101668356096.0,
194205,2.5828866958618164,0.002,0.0792198181152343,478.3798310672864,1095965.9374231778,0.2000199165195226,101754863616.0,
194370,2.5714850425720215,0.002,0.0728659778833389,479.96299096848816,1092350.8892676728,0.2154200337827205,101841371136.0,
194535,2.621740341186523,0.002,0.0749025046825409,479.37796101905406,1093683.987652409,0.1868900144472718,101927878656.0,
194700,2.534648895263672,0.002,0.0730594098567962,481.7211009794846,1088364.1985662745,0.1927900593727827,102014386176.0,
194865,2.5654754638671875,0.002,0.0709896981716156,481.3251610612497,1089259.491118278,1.4654600527137518,102100893696.0,
195030,2.609705924987793,0.002,0.0700920149683952,482.1955088991672,1087293.411746883,0.2457699738442897,102187401216.0,
195195,2.5776100158691406,0.002,0.0719971284270286,480.2593099884689,1091676.9109850016,0.1974200131371617,102272860160.0,
195360,2.5092175006866455,0.002,0.0828691720962524,1095.8255709847435,478441.10767451633,0.2181300660595297,102359367680.0,
195525,2.527590274810791,0.002,0.0684413760900497,498.9998979726806,1050677.5695347013,0.1326400088146329,102445875200.0,
195690,2.5803215503692627,0.002,0.0752211660146713,481.8183389725163,1088144.550740951,0.2483899006620049,102532382720.0,
195855,2.5158021450042725,0.002,0.0740282237529754,480.9905489673838,1090017.2594359068,0.2595400437712669,102618890240.0,
196020,2.5502309799194336,0.002,0.0679089948534965,481.20217001996934,1089537.896261446,0.2101800637319684,102705397760.0,
196185,2.5413684844970703,0.002,0.0822676494717598,480.1364099839702,1091956.346358952,0.1778099685907364,102791905280.0,
196350,2.5089216232299805,0.002,0.0850480273365974,484.36174902599305,1082430.6441503586,0.1997709041461348,102878412800.0,
196515,2.562776565551758,0.002,0.0701392740011215,482.92652901727706,1085647.5436685798,0.1434599980711937,102964920320.0,
196680,2.518768548965454,0.002,0.082953356206417,481.1653200304136,1089621.338393342,0.2018100349232554,103051427840.0,
196845,2.557217836380005,0.002,0.0752385333180427,487.1669979766011,1076197.694379088,0.1471710857003927,103137935360.0,
197010,2.510305881500244,0.002,0.0832842960953712,479.9103901023045,1092470.617042143,0.1958300126716494,103224442880.0,
197175,2.513411521911621,0.002,0.0783268213272094,480.1561509957537,1091911.451957296,0.2348399721086025,103310950400.0,
197340,2.60030460357666,0.002,0.0693692862987518,479.04009104240686,1094455.3698191151,0.171359977684915,103397457920.0,
197505,2.607971429824829,0.002,0.071346566081047,480.08838202804327,1092065.5854766653,0.164040015079081,103483965440.0,
197670,2.600175142288208,0.002,0.0761216580867767,480.8153701014817,1090414.3931366897,0.2107290783897042,103569948672.0,
197835,2.5687055587768555,0.002,0.0816600322723388,479.7759510111064,1092776.7406746554,0.2003500703722238,103656456192.0,
198000,2.5864851474761963,0.002,0.0724557489156723,479.3565700529143,1093732.7925684338,0.1756099518388509,103742963712.0,
198165,2.630657196044922,0.002,0.0900355726480484,480.001559946686,1092263.1169328552,0.2142400480806827,103829471232.0,
198330,2.4490880966186523,0.002,0.0833669975399971,480.21088098175824,1091787.0060089624,0.168300000950694,103915978752.0,
198495,2.564491271972656,0.002,0.0939724445343017,479.528299998492,1093341.1020822937,0.1818089513108134,104002486272.0,
198660,2.471913576126098,0.002,0.0713787376880645,480.07280204910785,1092101.026682135,0.1995000056922435,104088993792.0,
198825,2.548053741455078,0.002,0.0686483904719352,481.4230609918013,1089037.9844286866,0.1905199605971574,104175501312.0,
198990,2.6057567596435547,0.002,0.0808663293719291,482.5737299397588,1086441.2367939062,0.1769699156284332,104262008832.0,
199155,2.5486645698547363,0.002,0.0806227996945381,479.2657609796151,1093940.0280302933,0.202778959646821,104348516352.0,
199320,2.6226415634155273,0.002,0.0763767138123512,481.1554009793326,1089643.8010108091,0.1772599061951041,104435023872.0,
199485,2.7123818397521973,0.002,0.0948642268776893,480.610940954648,1090878.203809916,0.1720599830150604,104521531392.0,
199650,2.531860828399658,0.002,0.0772254467010498,481.8101809360087,1088162.9752643872,0.1862100325524807,104608038912.0,
199815,2.509481430053711,0.002,0.0728211924433708,480.7819110574201,1090490.2783195267,0.2003900008276105,104694546432.0,
199980,2.6016225814819336,0.002,0.0733266174793243,480.4224709514529,1091306.1559374474,0.2393299946561455,104781053952.0,
200145,2.521141529083252,0.002,0.0907392799854278,486.6623010020703,1077313.773679317,0.167030026204884,104865988608.0,
200310,2.5920090675354004,0.002,0.071952074766159,479.8465409548953,1092615.9829279296,0.1871590502560138,104952496128.0,
200475,2.57612943649292,0.002,0.0974960848689079,480.9069009497762,1090206.854932935,0.1914199674502015,105039003648.0,
200640,2.554671287536621,0.002,0.0661054626107215,481.24160093721,1089448.624098494,0.2279999898746609,105125511168.0,
200805,2.572676181793213,0.002,0.076267085969448,479.9477210035547,1092385.6433857654,0.1703499583527445,105212018688.0,
200970,2.5504345893859863,0.002,0.0756480023264885,478.90547092538327,1094763.020741702,0.1512500457465648,105298526208.0,
201135,2.5862820148468018,0.002,0.0706330239772796,504.14055900182575,1039963.9359270462,0.1662800787016749,105385033728.0,
201300,2.579099655151367,0.002,0.0852423459291458,481.1365520581603,1089686.4887052346,0.1703898888081312,105471541248.0,
201465,2.5117318630218506,0.002,0.0653864443302154,482.7662910101935,1086007.8877978865,0.1656600506976246,105558048768.0,
201630,2.547778606414795,0.002,0.0737874507904052,488.6733500752598,1072880.278654965,0.1592900371178984,105644556288.0,
201795,2.52597975730896,0.002,0.0799425020813942,482.1007410064339,1087507.1440576836,0.1673909137025475,105731063808.0,
201960,2.573428153991699,0.002,0.0821665450930595,479.7330320579931,1092874.5051197992,0.1506999833509326,105817571328.0,
202125,2.6429243087768555,0.002,0.0852019339799881,480.47059099189937,1091196.859557299,0.1591999316588044,105904078848.0,
202290,2.599301338195801,0.002,0.0818782821297645,495.0670000398531,1059024.3339947816,0.1615200890228152,105990586368.0,
202455,2.6078267097473145,0.002,0.0869628936052322,480.26060208212584,1091673.9739362283,0.179869937710464,106077093888.0,
202620,2.5413949489593506,0.002,0.0726920813322067,480.4054310079664,1091344.864482404,0.1721909502521157,106163601408.0,
202785,2.5238466262817383,0.002,0.0675415322184562,482.41832095663995,1086791.2291563307,0.1414510188624262,106249584640.0,
202950,2.5839931964874268,0.002,0.0805243104696273,479.0397009346634,1094456.2610928735,0.1728599891066551,106336092160.0,
203115,2.5357024669647217,0.002,0.082216277718544,479.6774410642683,1093001.161023444,0.2015400677919387,106422599680.0,
203280,2.641778469085694,0.002,0.0724043399095535,482.2315810015425,1087212.0795388615,0.2013499615713954,106509107200.0,
203445,2.558126449584961,0.002,0.0766338631510734,481.13613098394126,1089687.4423623343,0.1519599463790655,106595614720.0,
203610,2.5928919315338135,0.002,0.0789548605680465,479.3102309340611,1093838.533298753,0.1662110444158315,106682122240.0,
203775,2.5871615409851074,0.002,0.0756357759237289,477.9741810634732,1096896.068389051,0.1722599845379591,106768629760.0,
203940,2.5195372104644775,0.002,0.0918833389878273,481.950301094912,1087846.607438368,0.1656099921092391,106855137280.0,
204105,2.5155105590820312,0.002,0.073887787759304,482.0623520063237,1087593.7476094845,0.2190000377595424,106941644800.0,
204270,2.62866735458374,0.002,0.0727780163288116,480.38419091608375,1091393.118079495,0.1600310206413269,107028152320.0,
204435,2.511260986328125,0.002,0.0743931010365486,485.2302110521123,1080493.31648827,0.176970032043755,107114659840.0,
204600,2.5395491123199463,0.002,0.0731223374605178,480.47443095128983,1091188.138694423,0.194160034880042,107201167360.0,
204765,2.5798439979553223,0.002,0.0773312523961067,481.313691008836,1089285.448957601,0.1972999889403581,107287674880.0,
204930,2.544127941131592,0.002,0.0725061744451522,483.1921609584242,1085050.7155580942,0.1884399680420756,107374182400.0,
205095,2.5224785804748535,0.002,0.0854349359869957,479.9812409328297,1092309.3556345273,0.1845299266278743,107460689920.0,
205260,2.5160951614379883,0.002,0.09221863001585,481.14774096757174,1089661.1484565523,0.1737100537866354,107546148864.0,
205425,2.6126716136932373,0.002,0.0915881991386413,497.80265998560935,1053204.4967681698,0.1750499941408634,107632656384.0,
205590,2.5666332244873047,0.002,0.0674213469028472,479.2449719971046,1093987.481632186,0.155189074575901,107719163904.0,
205755,2.585120677947998,0.002,0.073626309633255,480.7966019725427,1090456.9579922718,0.1732000382617116,107805671424.0,
205920,2.566192150115967,0.002,0.0835971161723136,481.200200971216,1089542.3545996428,0.1658799592405557,107892178944.0,
206085,2.550934314727783,0.002,0.0792489871382713,479.437630972825,1093547.869690932,0.1506899716332554,107978686464.0,
206250,2.676661968231201,0.002,0.0718607828021049,484.85467198770493,1081330.201172724,0.1861100317910313,108065193984.0,
206415,2.6017067432403564,0.002,0.0750626623630523,483.63711999263614,1084052.4399946448,0.2352200681343674,108151701504.0,
206580,2.620699882507324,0.002,0.079976812005043,483.2948710536584,1084820.1199755548,0.3908500075340271,108238209024.0,
206745,2.540999412536621,0.002,0.0756417512893676,480.53144093137234,1091058.6807469209,0.2346099354326725,108324716544.0,
206910,2.5578761100769043,0.002,0.0862801223993301,480.60189094394445,1090898.7456754532,0.2086400054395198,108411224064.0,
207075,2.510390520095825,0.002,0.0796157866716384,480.93359102495015,1090146.3523948377,0.2322399523109197,108497731584.0,
207240,2.5701756477355957,0.002,0.0779729634523391,481.84514103922993,1088084.0239858609,0.2130799693986773,108584239104.0,
207405,2.5736351013183594,0.002,0.0756811201572418,484.5060909865424,1082108.1710912124,0.1935200998559594,108670746624.0,
207570,2.627075433731079,0.002,0.107931837439537,479.4676109449938,1093479.492737098,0.1938400091603398,108757254144.0,
207735,2.5725326538085938,0.002,0.0707840695977211,479.9370119580999,1092410.0182666725,0.1879599876701831,108843237376.0,
207900,2.355806827545166,0.002,0.0800613984465599,479.91478198673576,1092460.6194240763,0.2041100524365902,108929744896.0,
208065,2.570923328399658,0.002,0.0764857307076454,480.6362719973549,1090820.7110987357,0.2025699941441416,109016252416.0,
208230,2.5948948860168457,0.002,0.0837282314896583,479.7404619166627,1092857.5795032184,0.2004109555855393,109102759936.0,
208395,2.5371105670928955,0.002,0.0814521983265876,478.7801419151947,1095049.5939592791,0.1741200685501098,109189267456.0,
208560,2.4680798053741455,0.002,0.0734848007559776,481.4917220501229,1088882.686845906,0.1848599640652537,109275774976.0,
208725,2.509106397628784,0.002,0.0769394487142562,501.5773499617353,1045278.4601218482,0.2722300123423338,109362282496.0,
208890,2.5756115913391113,0.002,0.0825334638357162,480.0621420145035,1092125.277364947,0.1922299852594733,109448790016.0,
209055,2.603687524795532,0.002,0.0671416297554969,482.6080220518634,1086364.038813382,0.1708399504423141,109535297536.0,
209220,2.565423011779785,0.002,0.0887227356433868,480.7323920540512,1090602.6069095249,0.1480400096625089,109621805056.0,
209385,2.6269712448120117,0.002,0.0812140926718711,481.2650519888848,1089395.5375178766,0.3279390512034297,109708312576.0,
209550,2.491887092590332,0.002,0.0746269300580024,480.3424919955432,1091487.862799497,0.1595000503584742,109794820096.0,
209715,2.6140713691711426,0.002,0.0996740013360977,481.3914899714291,1089109.406631008,0.185110024176538,109881327616.0,
209880,2.61480450630188,0.002,0.0772315710783004,478.5626720404253,1095547.2096572386,0.1493101008236408,109967835136.0,
210045,2.5899643898010254,0.002,0.0805792137980461,482.8201599884778,1085886.7202490298,0.1999200321733951,110054342656.0,
210210,2.5615806579589844,0.002,0.0800283625721931,481.7061210051179,1088398.0442391548,0.1835289876908064,110139801600.0,
210375,2.56483793258667,0.002,0.085530936717987,480.1660319790244,1091888.9823153983,0.1517200144007802,110226309120.0,
210540,2.5349273681640625,0.002,0.0809637755155563,481.78894200827926,1088210.9452628123,0.1461999490857124,110312816640.0,
210705,2.544677734375,0.002,0.0755691975355148,478.6096999887377,1095439.5617396329,0.1692499499768018,110399324160.0,
210870,2.5331835746765137,0.002,0.08908661454916,481.0532000847161,1089875.298423688,0.1668490003794431,110485831680.0,
211035,2.5826244354248047,0.002,0.0792772769927978,481.6642109071836,1088492.7468713883,0.1522100064903497,110572339200.0,
211200,2.585693836212158,0.002,0.0766770467162132,480.7551810517907,1090550.909618839,0.1559900119900703,110658846720.0,
211365,2.5191946029663086,0.002,0.0776881650090217,479.25032197963446,1093975.2691961245,0.1610299805179238,110745354240.0,
211530,2.53554368019104,0.002,0.0765137001872062,481.6347010200843,1088559.4391134558,0.1638890244066715,110831861760.0,
211695,2.5748822689056396,0.002,0.0771015062928199,478.56543108355254,1095540.8935679367,0.1478799385949969,110918369280.0,
211860,2.6063079833984375,0.002,0.1203395128250122,479.3845410458744,1093668.9757582913,0.1452900469303131,111004876800.0,
212025,2.5555965900421143,0.002,0.0785363167524337,480.2915910258889,1091603.537926067,0.1818200107663869,111091384320.0,
212190,2.5975189208984375,0.002,0.0841911733150482,483.151699998416,1085141.581829721,0.2093800576403737,111177891840.0,
212355,2.5417912006378174,0.002,0.0939560905098915,480.2293910179287,1091744.9240011768,0.2069500042125582,111264399360.0,
212520,2.5709292888641357,0.002,0.0704549625515937,480.3158709546551,1091548.357454747,0.1496199984103441,111350906880.0,
212685,2.5844368934631348,0.002,0.0782332792878151,499.452369986102,1049725.7226241396,0.2190099330618977,111436890112.0,
212850,2.5780818462371826,0.002,0.0765853226184845,481.1387120280415,1089681.5967895838,0.2056510420516133,111523397632.0,
213015,2.548489570617676,0.002,0.0811077803373336,480.7149120606482,1090642.26394095,0.2245499053969979,111609905152.0,
213180,2.590672492980957,0.002,0.092813991010189,482.9554909374565,1085582.4394548526,0.1771800452843308,111696412672.0,
213345,2.63996958732605,0.002,0.0696057081222534,478.79843099508435,1095007.7653980087,0.1930400030687451,111782920192.0,
213510,2.576542854309082,0.002,0.0847505927085876,1091.5119039127603,480331.91220414214,0.1719400752335786,111869427712.0,
213675,2.609094619750977,0.002,0.0694158002734184,481.4101210795343,1089067.2568834128,0.2467900048941373,111955935232.0,
213840,2.56506872177124,0.002,0.0734233111143112,480.5867309914902,1090933.1577223334,0.1819799654185772,112042442752.0,
214005,2.6008992195129395,0.002,0.0702646523714065,481.6773809725418,1088462.9852068706,0.1955999759957194,112128950272.0,
214170,2.561292886734009,0.002,0.0729489922523498,480.9522919822484,1090103.9640317403,0.1993399346247315,112215457792.0,
214335,2.5802011489868164,0.002,0.0740947052836418,500.97059994004667,1046544.4480429466,0.1986800925806164,112301965312.0,
214500,2.5897927284240723,0.002,0.089242473244667,480.9947310714051,1090007.7820648055,0.1941400114446878,112388472832.0,
214665,2.6558022499084473,0.002,0.0734079629182815,480.19840102642775,1091815.3806412732,0.2145710168406367,112474980352.0,
214830,2.598177194595337,0.002,0.0771270841360092,481.72690195497125,1088351.0924391078,0.2120200078934431,112561487872.0,
214995,2.700251579284668,0.002,0.0848609805107116,479.61817192845047,1093136.2293716706,0.1889800187200307,112647995392.0,
215160,2.5534327030181885,0.002,0.087001621723175,483.1140600144863,1085226.126485077,0.202900031581521,112733454336.0,
215325,2.531599998474121,0.002,0.0787620767951011,480.0329420249909,1092191.710402877,0.1666500465944409,112819961856.0,
215490,2.6212687492370605,0.002,0.0746855288743972,479.54342095181346,1093306.6268730704,0.1900299685075879,112906469376.0,
215655,2.532727003097534,0.002,0.0706649720668792,480.9692510170862,1090065.5268321403,0.191760016605258,112992976896.0,
215820,2.6224215030670166,0.002,0.0833687558770179,480.9332810109481,1090147.0551131703,0.2166499616578221,113079484416.0,
215985,2.584827423095703,0.002,0.0821454301476478,480.71728099603206,1090636.8893452107,0.206999946385622,113165991936.0,
216150,2.5531888008117676,0.002,0.0834601148962974,480.2019310882315,1091807.354484937,0.1929900608956813,113252499456.0,
216315,2.5547494888305664,0.002,0.0714265555143356,481.36807093396783,1089162.392891488,0.1967699499800801,113339006976.0,
216480,2.583340644836426,0.002,0.0686055198311805,479.8169620335102,1092683.3386173288,0.2076700329780578,113425514496.0,
216645,2.5309834480285645,0.002,0.0821039155125618,499.3051600176841,1050035.2128975217,0.253109959885478,113512022016.0,
216810,2.53246808052063,0.002,0.0709713250398635,482.73143090773374,1086086.313075001,0.1889599952846765,113598529536.0,
216975,2.5220582485198975,0.002,0.0775198265910148,480.202330974862,1091806.445286593,0.2657099394127726,113685037056.0,
217140,2.518510103225708,0.002,0.0793064683675766,479.0216520195827,1094497.4987864783,0.1607999438419938,113771544576.0,
217305,2.583474636077881,0.002,0.0690503790974617,481.1990410089493,1089544.9810138948,0.1448000548407435,113858052096.0,
217470,2.571767807006836,0.002,0.2332511693239212,480.1269909366966,1091977.7681674347,0.1591299660503864,113944559616.0,
217635,2.57954740524292,0.002,0.0815202519297599,479.1511909570545,1094201.600444297,0.1662799622863531,114031067136.0,
217800,2.570844888687134,0.002,0.0784871578216552,502.4180189939216,1043529.451929038,0.1657899701967835,114117050368.0,
217965,2.563840389251709,0.002,0.0855853483080864,502.56439903751016,1043225.507027744,0.1967699499800801,114203557888.0,
218130,2.474395990371704,0.002,0.0881414785981178,480.0060800043866,1092252.8314541532,0.192168983630836,114290065408.0,
218295,2.603041410446167,0.002,0.081532746553421,500.175749999471,1048207.5550455104,0.2305499510839581,114376572928.0,
218460,2.5486419200897217,0.002,0.0979889407753944,478.8380410755053,1094917.1849889176,0.1766500063240528,114463080448.0,
218625,2.5653982162475586,0.002,0.0846353024244308,479.907721048221,1092476.6929251377,0.1877900213003158,114549587968.0,
218790,2.538348436355591,0.002,0.080279640853405,480.441780993715,1091262.2938737683,0.2319799968972802,114636095488.0,
218955,2.5846762657165527,0.002,0.0714713856577873,479.62177102454007,1093128.0264447683,0.1922500086948275,114722603008.0,
219120,2.6113388538360596,0.002,0.0778867676854133,480.5957500357181,1090912.6848521542,0.1887899124994874,114809110528.0,
219285,2.591592788696289,0.002,0.0968056768178939,481.51136992964894,1088838.2554218832,0.2113800728693604,114895618048.0,
219450,2.4482641220092773,0.002,0.0762341022491455,480.5517210625112,1091012.6361441114,0.1805200008675456,114982125568.0,
219615,2.6081736087799072,0.002,0.08610550314188,482.97753103543073,1085532.9002076057,0.2751100109890103,115068633088.0,
219780,2.587660312652588,0.002,0.0776955932378768,486.6685610031709,1077299.9162289917,0.2161000156775117,115155140608.0,
219945,2.5466253757476807,0.002,0.069930575788021,479.7067620093003,1092934.3539039695,0.205590040422976,115241648128.0,
220110,2.5863099098205566,0.002,0.0768422931432724,480.8539809891954,1090326.8366863756,0.1863701036199927,115328155648.0,
220275,2.5359630584716797,0.002,0.0763924568891525,479.94047100655735,1092402.1450002634,0.177549896761775,115413090304.0,
220440,2.561629295349121,0.002,0.0674503818154335,479.77684100624174,1092774.7135530857,0.2811909653246403,115499597824.0,
220605,2.5434134006500244,0.002,0.0673873499035835,479.9872819567099,1092295.60804756,0.1813890412449836,115586105344.0,
220770,2.5719332695007324,0.002,0.0801257863640785,478.3280309056863,1096084.6242008673,0.1765900524333119,115672612864.0,
220935,2.5467967987060547,0.002,0.0796723291277885,479.74398103542626,1092849.562944875,0.2104400191456079,115759120384.0,
221100,2.566347122192383,0.002,0.0818082615733146,481.4569200389087,1088961.39649967,0.1677300315350294,115845627904.0,
221265,2.5459108352661133,0.002,0.085370160639286,478.82423002738506,1094948.7664189734,0.1770500093698501,115932135424.0,
221430,2.6034677028656006,0.002,0.0754590556025505,482.3104409733787,1087034.3153714524,0.1816400326788425,116018642944.0,
221595,2.585232973098755,0.002,0.0882555395364761,496.9756599748507,1054957.0979523049,0.1793199917301535,116105150464.0,
221760,2.610469341278076,0.002,0.0782970115542411,482.202691026032,1087277.2171478737,0.1624099677428603,116191657984.0,
221925,2.5431981086730957,0.002,0.0739833712577819,481.4316009869799,1089018.666255311,0.213210005313158,116278165504.0,
222090,2.5781493186950684,0.002,0.0752233117818832,482.19545104075223,1087293.5422107298,0.1624999567866325,116364673024.0,
222255,2.5861947536468506,0.002,0.0789468735456466,482.01008199248463,1087711.688172063,0.1713200472295284,116451180544.0,
222420,2.540602684020996,0.002,0.0707803145051002,481.2787510454654,1089364.529103159,0.2253899583593011,116537688064.0,
222585,2.5904622077941895,0.002,0.0720171481370925,482.327269972302,1086996.387390884,0.176139990799129,116624195584.0,
222750,2.6143009662628174,0.002,0.0898859277367591,482.4940209509805,1086620.7190850675,0.1495099859312176,116710178816.0,
222915,2.5901763439178467,0.002,0.0859209448099136,492.7820808952674,1063934.790501095,0.195789965800941,116796686336.0,
223080,2.6342151165008545,0.002,0.0814158171415329,481.8083109566942,1088167.1986084192,0.1727700000628829,116883193856.0,
223245,2.56540584564209,0.002,0.0796498656272888,480.5850110715255,1090937.0619592008,0.1579599920660257,116969701376.0,
223410,2.5592963695526123,0.002,0.0730593502521514,478.78539108205587,1095037.5883756774,0.1837700838223099,117056208896.0,
223575,2.60079288482666,0.002,0.0932393372058868,480.37458094768226,1091414.951569014,0.1545310951769352,117142716416.0,
223740,2.5245509147644043,0.002,0.0688939169049263,481.2527319882065,1089423.4258868543,0.1736200647428631,117229223936.0,
223905,2.518622875213623,0.002,0.074280060827732,479.3245120672509,1093805.943157025,0.1492999726906418,117315731456.0,
224070,2.537652492523194,0.002,0.0935960337519645,485.6981210177764,1079452.395041922,0.1745900372043252,117402238976.0,
224235,2.539684772491455,0.002,0.0786691159009933,481.559990090318,1088728.3220968342,0.1803499180823564,117488746496.0,
224400,2.5914511680603027,0.002,0.0733062997460365,497.34167102724314,1054180.718291914,0.1906600082293152,117575254016.0,
224565,2.524559497833252,0.002,0.0713456869125366,504.04789904132485,1040155.1142206345,0.1968900905922055,117661761536.0,
224730,2.544558048248291,0.002,0.0819736123085022,481.9046910852194,1087949.566997026,0.1766800414770841,117748269056.0,
224895,2.5964443683624268,0.002,0.0704810917377471,482.0963109377771,1087517.1373540512,0.199170084670186,117834776576.0,
225060,2.620328187942505,0.002,0.0808993503451347,481.6722710384056,1088474.5324237202,0.1747000496834516,117921284096.0,
225225,2.659213066101074,0.002,0.0845954343676567,482.64639207627624,1086277.6736910588,0.2516499953344464,118006743040.0,
225390,2.5330984592437744,0.002,0.0744672194123268,481.3471519155428,1089209.7271451014,0.1855599693953991,118093250560.0,
225555,2.588970899581909,0.002,0.0797309353947639,482.1532310452312,1087388.7516286625,0.5185790359973907,118179758080.0,
225720,2.596311092376709,0.002,0.0804888159036636,481.2399810180068,1089452.291330679,0.1791400136426091,118266265600.0,
225885,2.549788236618042,0.002,0.0752850025892257,479.821082088165,1092673.956130307,0.1720900181680917,118352773120.0,
226050,2.6032519340515137,0.002,0.0807459279894828,481.6493008984253,1088526.442417835,0.1807599328458309,118439280640.0,
226215,2.5443193912506104,0.002,0.0885830521583557,482.8828419558704,1085745.7636647888,0.1912600127980113,118525788160.0,
226380,2.5600595474243164,0.002,0.0824260339140892,481.4963210374117,1088872.2864390556,0.2467110753059387,118612295680.0,
226545,2.5908710956573486,0.002,0.0733174681663513,482.4865609407425,1086637.5199710308,0.1832100097090006,118698803200.0,
226710,2.6072444915771484,0.002,0.0651418715715408,481.4618219388649,1088950.3094734957,0.1813499256968498,118785310720.0,
226875,2.4974162578582764,0.002,0.0932001918554306,481.4675510860979,1088937.3516809333,0.1881299540400505,118871818240.0,
227040,2.6231765747070312,0.002,0.0820456519722938,482.43383096996695,1086756.2893462142,0.5872700130566955,118958325760.0,
227205,2.561178684234619,0.002,0.0795311033725738,478.4816310275346,1095732.763813935,0.1638199901208281,119044833280.0,
227370,2.570296287536621,0.002,0.0726690888404846,480.1763610448688,1091865.4947093683,0.2118200063705444,119131340800.0,
227535,2.6031460762023926,0.002,0.0856818854808807,481.0450009535998,1089893.8747116744,0.2423700643703341,119217848320.0,
227700,2.529047966003418,0.002,0.0767455399036407,479.8549710540101,1092596.7878344408,0.1793199917301535,119303831552.0,
227865,2.563047409057617,0.002,0.0888672247529029,486.1596910050139,1078427.5407863727,0.188019941560924,119390339072.0,
228030,2.634080410003662,0.002,0.0839757472276687,481.3901409506798,1089112.458690165,0.2924700966104865,119476846592.0,
228195,2.5859732627868652,0.002,0.0709639713168144,482.0130119333044,1087705.0764607682,0.2135200193151831,119563354112.0,
228360,2.5441524982452393,0.002,0.0714160576462745,481.48772097192705,1088891.735269337,0.1825100043788552,119649861632.0,
228525,2.5953400135040283,0.002,0.0677860677242279,482.0408310042694,1087642.3038847437,0.2068099565804004,119736369152.0,
228690,2.5887625217437744,0.002,0.0871218889951706,483.2958910847083,1084817.8303839683,0.2001200336962938,119822876672.0,
228855,2.5897865295410156,0.002,0.0870742946863174,479.8344320151955,1092643.5558159293,0.2000600798055529,119909384192.0,
229020,2.5531258583068848,0.002,0.0755680724978447,480.0101009896025,1092243.6817873477,0.2021199325099587,119995891712.0,
229185,2.581831932067871,0.002,0.0804615318775177,479.2685019783676,1093933.7716453238,0.2669490640982985,120082399232.0,
229350,2.579174041748047,0.002,0.0685876607894897,480.2629619371146,1091668.609807662,0.1877399627119302,120168906752.0,
229515,2.6040797233581543,0.002,0.0773782059550285,480.2213709335774,1091763.1570222594,0.2298600738868117,120255414272.0,
229680,2.552262544631958,0.002,0.0697788894176483,480.8532709721476,1090328.446638285,0.2495200606063008,120341921792.0,
229845,2.5800628662109375,0.002,0.0790701508522033,480.85021099541336,1090335.385139305,0.2009400632232427,120428429312.0,
230010,2.628603458404541,0.002,0.0967002287507057,481.7194920033217,1088367.8337773902,0.1508899731561541,120514936832.0,
230175,2.572399616241455,0.002,0.0837210491299629,481.14335106220096,1089671.0904194152,0.1256100367754697,120600395776.0,
230340,2.498812675476074,0.002,0.0875850915908813,485.0328309694305,1080933.0142706227,0.2273300196975469,120686903296.0,
230505,2.566479206085205,0.002,0.0820797532796859,481.2401810195297,1089451.8385585998,0.238170032389462,120773410816.0,
230670,2.554368257522583,0.002,0.0764374509453773,480.432940996252,1091282.3731711812,0.1706799957901239,120859918336.0,
230835,2.494776725769043,0.002,0.080442413687706,479.66591198928654,1093027.4320008592,0.1727599883452057,120946425856.0,
231000,2.6752147674560547,0.002,0.0765305161476135,480.056582018733,1092137.9263154045,0.191309954971075,121032933376.0,
231165,2.5648977756500244,0.002,0.0828501656651496,480.4646520642564,1091210.347623831,0.1600900432094931,121119440896.0,
231330,2.5427772998809814,0.002,0.0715000480413436,482.9363509779796,1085625.4637661474,0.1841000048443675,121205948416.0,
231495,2.591681957244873,0.002,0.0874532684683799,483.0054310150445,1085470.19626301,0.1901200739666819,121292455936.0,
231660,2.541410446166992,0.002,0.0779470354318618,481.6275510238483,1088575.599310014,0.1787500223144889,121378963456.0,
231825,2.599989891052246,0.002,0.0688043385744094,482.2959719458595,1087066.9267353,0.1714399550110101,121465470976.0,
231990,2.5743422508239746,0.002,0.0739503279328346,483.9511209866032,1083349.0765165794,0.1863699872046709,121551978496.0,
232155,2.6072092056274414,0.002,0.0705532059073448,481.0533409472555,1089874.97928527,0.2036199439316988,121638486016.0,
232320,2.5156331062316895,0.002,0.0700559094548225,479.4193509733304,1093589.5660773308,0.1720309955999255,121724993536.0,
232485,2.5532052516937256,0.002,0.0805607214570045,479.8434620024637,1092622.99378231,0.1885099336504936,121811501056.0,
232650,2.575772762298584,0.002,0.0753202363848686,478.3277019159869,1096085.3780784907,0.1956900814548134,121897484288.0,
232815,2.5748143196105957,0.002,0.0700455829501152,480.5370820686221,1091045.872553765,0.1838199095800519,121983991808.0,
232980,2.537764549255371,0.002,0.0916969701647758,479.4352010358125,1093553.4121551437,0.1749600050970912,122070499328.0,
233145,2.5606260299682617,0.002,0.0731253027915954,486.5702009992674,1077517.6920478723,0.1854599686339497,122157006848.0,
233310,2.59236741065979,0.002,0.0820474252104759,489.6669309819117,1070703.3022398795,0.2022800035774707,122243514368.0,
233475,2.6169137954711914,0.002,0.0751118957996368,483.5406020283699,1084268.8241705075,0.1909999409690499,122330021888.0,
233640,2.631443738937378,0.002,0.0737878605723381,480.22116208449006,1091763.6318321116,0.1770799281075596,122416529408.0,
233805,2.578202724456787,0.002,0.0784530565142631,480.6667420780286,1090751.5625761563,0.182789983227849,122503036928.0,
233970,2.529160499572754,0.002,0.0777575969696044,480.0845310091973,1092074.3455280294,0.2098289551213383,122589544448.0,
234135,2.5778584480285645,0.002,0.079135775566101,481.04993207380176,1089882.7024874515,0.1954600447788834,122676051968.0,
234300,2.6439361572265625,0.002,0.0848528519272804,480.74361111503094,1090577.1556359795,0.2227399963885545,122762559488.0,
234465,2.5888864994049072,0.002,0.0788092538714408,481.5414110198617,1088770.3279549829,0.2306690439581871,122849067008.0,
234630,2.519592523574829,0.002,0.0784640312194824,481.49027093313634,1088885.968524184,0.1624500146135687,122935574528.0,
234795,2.4914040565490723,0.002,0.0731647461652755,481.3999109901488,1089090.355088846,0.1519200159236788,123022082048.0,
234960,2.544562578201294,0.002,0.0880090221762657,481.93707200698555,1087876.4686365535,0.1850099069997668,123108589568.0,
235125,2.646631956100464,0.002,0.0780606269836425,480.0330708967522,1092191.417188351,0.1545599661767482,123195097088.0,
235290,2.5033812522888184,0.002,0.0704773813486099,480.1291309995577,1091972.900932943,0.1928699202835559,123280556032.0,
235455,2.4444074630737305,0.002,0.0799276605248451,482.9276510281488,1085645.0213273051,0.1871600979939103,123367063552.0,
235620,2.5681018829345703,0.002,0.096485361456871,480.35127203911543,1091467.9121684658,0.2206999342888593,123453571072.0,
235785,2.5447826385498047,0.002,0.0714558884501457,481.3111609546468,1089291.174881779,0.2992500085383653,123540078592.0,
235950,2.5717697143554688,0.002,0.0901391357183456,480.232541100122,1091737.7627075317,0.1910589635372162,123626586112.0,
236115,2.588711738586426,0.002,0.0756335780024528,479.8288020538166,1092656.3760989006,0.1864000223577022,123713093632.0,
236280,2.5886921882629395,0.002,0.0825778543949127,480.6746309623122,1090733.661042967,0.2644599881023168,123799601152.0,
236445,2.6329030990600586,0.002,0.0766005963087081,481.9804009748623,1087778.670957503,0.2109999768435955,123886108672.0,
236610,2.514965057373047,0.002,0.0834011808037757,481.0156209859997,1089960.4443724705,0.2373200841248035,123972616192.0,
236775,2.5592634677886963,0.002,0.0811895877122879,481.0933308908716,1089784.3855560045,0.2023499691858887,124059123712.0,
236940,2.541390895843506,0.002,0.09731025993824,480.2066020201892,1091796.7345604247,0.203130068257451,124145631232.0,
237105,2.544088363647461,0.002,0.0651395618915557,480.0479910336435,1092157.4713209372,0.2002500696107745,124232138752.0,
237270,2.546940565109253,0.002,0.0786719247698783,479.68281200155616,1092988.9228515846,0.1765500055626034,124318646272.0,
237435,2.635392189025879,0.002,0.080118790268898,494.5693400222808,1060089.9764154009,0.1727499766275286,124405153792.0,
237600,2.5919132232666016,0.002,0.0758334770798683,480.5064919637516,1091115.33094448,0.2184800105169415,124491661312.0,
237765,2.5278704166412354,0.002,0.0713174194097518,479.7268620459363,1092888.5611366844,0.1886510290205478,124577644544.0,
237930,2.565725803375244,0.002,0.0665818527340889,480.145220994018,1091936.3081748383,0.2404398983344435,124664152064.0,
238095,2.4776740074157715,0.002,0.0854440629482269,479.7620309982449,1092808.4469483956,0.2010599710047245,124750659584.0,
238260,2.5760927200317383,0.002,0.0844916626811027,480.88929092045873,1090246.777998472,0.1804799539968371,124837167104.0,
238425,2.598960876464844,0.002,0.073599949479103,488.7666499707848,1072675.4782294135,0.2281110500916838,124923674624.0,
238590,2.5583138465881348,0.002,0.0847408920526504,513.0431690486148,1021917.9040474072,0.2100699348375201,125010182144.0,
238755,2.5190064907073975,0.002,0.079874075949192,481.6031319787726,1088630.7940852612,0.1884100493043661,125096689664.0,
238920,2.7720236778259277,0.002,0.1216354742646217,478.8948619971052,1094787.2729592351,0.1977198990061879,125183197184.0,
239085,2.535004138946533,0.002,0.0850791335105896,479.8760919366032,1092548.6991530808,0.1674500526860356,125269704704.0,
239250,2.566961765289306,0.002,0.0647690892219543,482.9181809909642,1085666.3108523758,0.1682499423623085,125356212224.0,
239415,2.569032669067383,0.002,0.0798917487263679,479.2975219897926,1093867.5372729455,0.1700199209153652,125442719744.0,
239580,2.6136293411254883,0.002,0.0865544378757476,478.88802096713334,1094802.9122573992,0.1538399374112486,125529227264.0,
239745,2.595994710922241,0.002,0.0668559223413467,480.5785019416362,1090951.8380072524,0.1768899383023381,125615734784.0,
239910,2.548532247543335,0.002,0.0740458220243454,479.1593310656026,1094183.0118053544,0.1947400160133838,125702242304.0,
240075,2.5073280334472656,0.002,0.0783460363745689,481.4440910704434,1088990.4138906293,0.168889993801713,125788749824.0,
240240,2.585561752319336,0.002,0.073849581182003,479.3773510027677,1093685.3793849202,0.1627398887649178,125873684480.0,
240405,2.6304235458374023,0.002,0.0686960145831108,478.81298197899014,1094974.488438171,0.1762200845405459,125960192000.0,
240570,2.572087287902832,0.002,0.0742092430591583,480.6173809338361,1090863.5867086458,0.1764700282365083,126046699520.0,
240735,2.5271177291870117,0.002,0.0722480118274688,494.51708095148206,1060202.0035207618,0.1677899854257702,126133207040.0,
240900,2.593005657196045,0.002,0.0804560929536819,481.6578810568899,1088507.0516225498,0.1619700342416763,126219714560.0,
241065,2.5904300212860107,0.002,0.0815483182668685,480.7504230411723,1090561.7028549116,0.1692109508439898,126306222080.0,
241230,2.52504301071167,0.002,0.0770695507526397,487.7973709953949,1074806.9406978202,0.1781890168786049,126392729600.0,
241395,2.5789127349853516,0.002,0.0709106028079986,517.0644989702851,1013970.2126989964,0.1496310578659176,126479237120.0,
241560,2.543259620666504,0.002,0.085221916437149,481.1642819549888,1089623.6891686928,0.1944310497492551,126565744640.0,
241725,2.5851798057556152,0.002,0.0803194120526313,479.1254720184952,1094260.336006017,0.1488499110564589,126652252160.0,
241890,2.5663578510284424,0.002,0.0724632516503334,482.1425520349294,1087412.836280871,0.2520199632272124,126738759680.0,
242055,2.5813305377960205,0.002,0.0775526314973831,481.3104110071435,1089292.8721465336,0.2140899887308478,126825267200.0,
242220,2.580563545227051,0.002,0.0687237381935119,482.87604190409184,1085761.0535668973,0.1965799601748585,126911774720.0,
242385,2.5867342948913574,0.002,0.0801798850297927,480.6805559201166,1090720.21645729,0.1612299820408225,126998282240.0,
242550,2.643754005432129,0.002,0.0704642385244369,480.6472670752555,1090795.7579584273,0.2311300486326217,127084789760.0,
242715,2.530425548553467,0.002,0.0717614665627479,481.70475708320737,1088401.1259814838,0.1653699437156319,127170772992.0,
242880,2.5247106552124023,0.002,0.0725698471069336,481.23020597267896,1089474.4209588654,0.335920020006597,127257280512.0,
243045,2.50637149810791,0.002,0.0892874971032142,481.2750560231507,1089372.89277419,0.1932500163093209,127343788032.0,
243210,2.5718817710876465,0.002,0.0745181068778038,480.93818698544055,1090135.9346952247,0.1954099861904978,127430295552.0,
243375,2.5987703800201416,0.002,0.0739270970225334,480.9016609797254,1090218.733975435,0.1873599831014871,127516803072.0,
243540,2.5421948432922363,0.002,0.0892346948385238,480.8659109985456,1090299.7862986086,0.2084700390696525,127603310592.0,
243705,2.6127095222473145,0.002,0.0868457555770874,481.0461609158665,1089891.2466150965,0.2957290271297097,127689818112.0,
243870,2.5728402137756348,0.002,0.0820654705166816,480.5721220327541,1090966.3211056308,0.1799499150365591,127776325632.0,
244035,2.5537757873535156,0.002,0.0724754408001899,479.9095910275355,1092472.4360633132,0.1961910165846347,127862833152.0,
244200,2.521292209625244,0.002,0.0706643685698509,479.968291008845,1092338.8270045912,0.1881200587376952,127949340672.0,
244365,2.594600200653076,0.002,0.0756282210350036,479.85781996976584,1092590.3010875878,0.1871499698609113,128035848192.0,
244530,2.609109878540039,0.002,0.0692718103528022,479.7591590322554,1092814.9887905545,0.1930099679157138,128122355712.0,
244695,2.5824460983276367,0.002,0.0791275948286056,481.0168999247253,1089957.5463607337,0.1791700487956404,128208863232.0,
244860,2.5562453269958496,0.002,0.0801317989826202,480.88444909080863,1090257.755249214,0.1976600615307688,128295370752.0,
245025,2.645198106765747,0.002,0.0705137848854065,479.31364993564785,1093830.7308176814,0.2138500567525625,128381878272.0,
245190,2.5686943531036377,0.002,0.0788652375340461,480.1640989026055,1091893.3781143527,0.1849710242822766,128467337216.0,
245355,2.571549415588379,0.002,0.0737909749150276,480.286298901774,1091615.5659631365,0.1970700686797499,128553844736.0,
245520,2.504189968109131,0.002,0.0837687477469444,480.3949890192598,1091368.5862343174,0.1883999211713671,128640352256.0,
245685,2.5862972736358643,0.002,0.0852278620004654,479.8300400143489,1092653.5570476614,0.2001100219786167,128726859776.0,
245850,2.626828908920288,0.002,0.074949249625206,486.3444500369951,1078017.853313878,0.2431299071758985,128813367296.0,
246015,2.5364694595336914,0.002,0.0848743021488189,482.5823489809409,1086421.8326822936,0.1897700130939483,128899874816.0,
246180,2.585442543029785,0.002,0.0785097181797027,480.37133004982024,1091422.3376853592,0.2222199691459536,128986382336.0,
246345,2.5555260181427,0.002,0.0864025056362152,480.82908894866705,1090383.2818150746,0.1946899574249982,129072889856.0,
246510,2.5586137771606445,0.002,0.075310006737709,478.9493400603533,1094662.74644816,0.1549599692225456,129159397376.0,
246675,2.5592098236083984,0.002,0.0784659534692764,480.94728006981313,1090115.323916367,0.1876999158412218,129245904896.0,
246840,2.501862049102783,0.002,0.0852772071957588,481.22568998951465,1089484.6449519843,0.1884709345176816,129332412416.0,
247005,2.5491466522216797,0.002,0.0788268148899078,480.6153100216761,1090868.2871054483,0.175019958987832,129418919936.0,
247170,2.6293883323669434,0.002,0.0750212147831916,480.77390994876623,1090508.4264157987,0.18069997895509,129505427456.0,
247335,2.4661264419555664,0.002,0.0759489312767982,479.6194500522688,1093133.3163049647,0.1979200169444084,129591934976.0,
247500,2.5998873710632324,0.002,0.0824692770838737,479.81719102244824,1092682.8171428964,0.2101700520142913,129678442496.0,
247665,2.5827906131744385,0.002,0.0787071958184242,481.7475409945473,1088304.4652757952,0.186079996638,129764425728.0,
247830,2.536890983581543,0.002,0.0796325579285621,481.24068102333695,1089450.706630048,0.174419954419136,129850933248.0,
247995,2.599180221557617,0.002,0.0859125554561615,479.4579510344192,1093501.5236870323,0.2141599543392658,129937440768.0,
248160,2.568222999572754,0.002,0.0803230330348014,479.20365002937615,1094081.81671375,0.2001699758693575,130023948288.0,
248325,2.5601229667663574,0.002,0.0798535123467445,480.3172809770331,1091545.153098644,0.3291699104011059,130110455808.0,
248490,2.599313497543335,0.002,0.074965588748455,480.6301100179553,1090834.696104274,0.1926400000229478,130196963328.0,
248655,2.6204416751861572,0.002,0.0957572981715202,480.8868709951639,1090252.264352779,0.2284309593960642,130283470848.0,
248820,2.5501861572265625,0.002,0.0729241147637367,478.0066910898313,1096821.4666716268,0.135489972308278,130369978368.0,
248985,2.460353374481201,0.002,0.0704859495162963,479.45833997800946,1093500.636622666,0.2841909881681204,130456485888.0,
249150,2.582848072052002,0.002,0.0847254022955894,479.6576099470258,1093046.3504121269,0.1932890154421329,130542993408.0,
249315,2.5367679595947266,0.002,0.0784359127283096,479.7451510094106,1092846.8977682604,0.1447489485144615,130629500928.0,
249480,2.5419421195983887,0.002,0.0677594020962715,482.19359992071986,1087297.7162828397,0.2014599740505218,130716008448.0,
249645,2.5957765579223633,0.002,0.0822606310248375,479.8857499845326,1092526.7108200204,0.2242999617010355,130802515968.0,
249810,2.5917563438415527,0.002,0.0654719620943069,492.427540011704,1064700.808544418,0.1678200205788016,130889023488.0,
249975,2.56020450592041,0.002,0.0818938091397285,479.47489097714424,1093462.8900619363,0.183180090971291,130975531008.0,
250140,2.563594341278076,0.002,0.0784263312816619,479.54028099775314,1093313.785672275,0.1918199704959988,131062038528.0,
250305,2.4577131271362305,0.002,0.0746146515011787,480.9172409586608,1090183.4148322148,0.2175599802285432,131147497472.0,
250470,2.586949110031128,0.002,0.0771060138940811,478.5862610442564,1095493.2113095436,0.1620800467208027,131234004992.0,
250635,2.591517448425293,0.002,0.085704006254673,479.7820099629462,1092762.9404872663,0.2133199013769626,131320512512.0,
250800,2.607720375061035,0.002,0.0733961835503578,482.208151021041,1087264.9060159144,0.2248600358143448,131407020032.0,
250965,2.6013588905334473,0.002,0.0914684310555458,496.06379005126655,1056896.331711324,0.1889500999823212,131493527552.0,
251130,2.5035529136657715,0.002,0.086149476468563,481.2436910578981,1089443.892443513,0.1682100119069218,131580035072.0,
251295,2.6093945503234863,0.002,0.0805194526910781,479.5980619965121,1093182.0654517426,0.1776699209585786,131666542592.0,
251460,2.6029117107391357,0.002,0.0791251882910728,481.57180997077376,1088701.5999375435,0.1755699049681425,131753050112.0,
251625,2.61776065826416,0.002,0.0681245774030685,479.230300989002,1094020.9726263366,0.1966099953278899,131839557632.0,
251790,2.5880541801452637,0.002,0.0885363817214965,480.7655210606754,1090527.4547211796,0.1716399565339088,131926065152.0,
251955,2.478660345077514,0.002,0.0967076271772384,480.5301909800619,1091061.5188000824,0.1652889186516404,132012572672.0,
252120,2.500607490539551,0.002,0.0747899785637855,481.2546910252422,1089418.9911854817,0.21979003213346,132099080192.0,
252285,2.546598434448242,0.002,0.0771917626261711,534.9294970510527,980106.7297471592,0.1959999790415167,132185587712.0,
252450,2.5493860244750977,0.002,0.0792970284819603,481.5750300185755,1088694.3203425163,0.5452691111713648,132272095232.0,
252615,2.5577826499938965,0.002,0.0751992091536521,1065.6843349570408,491973.0757055134,0.187949975952506,132358602752.0,
252780,2.5645768642425537,0.002,0.0629380643367767,481.1773430556059,1089594.112371605,0.1698000123724341,132444585984.0,
252945,2.4681994915008545,0.002,0.0869764015078544,500.1847220119089,1048188.7529293972,0.1791500253602862,132531093504.0,
253110,2.543982982635498,0.002,0.0702889859676361,481.3187719555572,1089273.9501305183,0.2084600273519754,132617601024.0,
253275,2.620396614074707,0.002,0.0665387883782386,478.6858418956399,1095265.3162328163,0.1562900142744183,132704108544.0,
253440,2.589020252227783,0.002,0.0798948630690574,481.86148202512413,1088047.1246561762,0.2312699798494577,132790616064.0,
253605,2.550360679626465,0.002,0.0857262387871742,481.93404194898903,1087883.3084289448,0.1874999143183231,132877123584.0,
253770,2.5433571338653564,0.002,0.085207000374794,481.6929609514773,1088427.779730029,0.1906300894916057,132963631104.0,
253935,2.508123874664306,0.002,0.0768513306975364,481.4912820002064,1088883.6820097924,0.1955099869519472,133050138624.0,
254100,2.645535945892334,0.002,0.0832754746079444,492.69070103764534,1064132.11959513,0.1760110026225447,133136646144.0,
254265,2.541741371154785,0.002,0.0781974643468856,481.4723508898169,1088926.496051237,0.194899970665574,133223153664.0,
254430,2.367347478866577,0.002,0.079437531530857,481.40219203196466,1089085.194620775,0.2217709552496671,133309661184.0,
254595,2.5899949073791504,0.002,0.0705078542232513,482.07817191723734,1087558.0570572051,0.1771299866959452,133396168704.0,
254760,2.646430492401123,0.002,0.1338009089231491,488.56163199525326,1073125.6113150814,0.1758299767971038,133482676224.0,
254925,2.609928607940674,0.002,0.0706555023789405,480.54412100464106,1091029.891082439,0.1721900189295411,133569183744.0,
255090,2.547890901565552,0.002,0.0810131281614303,479.13039196282625,1094249.099607685,0.1800699392333626,133655691264.0,
255255,2.8953604698181152,0.002,0.1124084293842315,479.50176103040576,1093401.6151960583,0.185110024176538,133741150208.0,
255420,2.529747247695923,0.002,0.0839107632637023,481.4754809485749,1088919.4169702649,0.1743999309837818,133827657728.0,
255585,2.6205592155456543,0.002,0.0795917510986328,483.0559410620481,1085356.6956392236,0.1700000138953328,133914165248.0,
255750,2.5370163917541504,0.002,0.078351117670536,481.05372197460383,1089874.1160299736,0.1963599352166056,134000672768.0,
255915,2.61802077293396,0.002,0.0725622549653053,480.7523910421878,1090557.2385473414,0.19296002574265,134087180288.0,
256080,2.6034395694732666,0.002,0.0695681497454643,481.8937520030886,1087974.2636643269,0.2027499722316861,134173687808.0,
256245,2.5045437812805176,0.002,0.0806040689349174,480.83439096808434,1090371.2584793044,0.2099000848829746,134260195328.0,
256410,2.5947179794311523,0.002,0.0615739375352859,482.81130101531744,1085906.644888925,0.1775099663063883,134346702848.0,
256575,2.6240358352661133,0.002,0.0729952007532119,480.32355192117393,1091530.9022490762,0.1645899610593915,134433210368.0,
256740,2.61171293258667,0.002,0.0733326599001884,479.33669202029705,1093778.1495304338,0.1926099648699164,134519717888.0,
256905,2.571392059326172,0.002,0.0718853548169136,478.6947020329535,1095245.0440195345,0.1890800194814801,134606225408.0,
257070,2.567810535430908,0.002,0.0715395510196685,485.34820100758225,1080230.6445384547,0.1729299547150731,134692732928.0,
257235,2.5813241004943848,0.002,0.0913687944412231,481.95533105172217,1087835.25405954,0.2121300203725695,134779240448.0,
257400,2.5093770027160645,0.002,0.0813254415988922,478.8256520405412,1094945.5146475935,0.2039500977844,134865747968.0,
257565,2.5610573291778564,0.002,0.0732126981019973,480.7473210385069,1090568.7396602377,0.2095600357279181,134952255488.0,
257730,2.587865114212036,0.002,0.0731062144041061,480.8883420191705,1090248.9293015536,0.2300000051036477,135038238720.0,
257895,2.6432626247406006,0.002,0.0757001936435699,479.9595220247283,1092358.7843163735,0.1938299974426627,135124746240.0,
258060,2.503598213195801,0.002,0.0780029371380806,479.514580918476,1093372.3829539523,0.1723290188238024,135211253760.0,
258225,2.5221896171569824,0.002,0.0825537145137786,493.3672909392044,1062672.7990052465,0.2025900175794959,135297761280.0,
258390,2.6218671798706055,0.002,0.0786128565669059,479.864930966869,1092574.110268121,0.1955099869519472,135384268800.0,
258555,2.507089138031006,0.002,0.0941540747880935,480.7584909722209,1090543.401406704,0.1885499805212021,135470776320.0,
258720,2.736302375793457,0.002,0.0728382468223571,480.9576410334558,1090091.8402573632,0.2051499905064702,135557283840.0,
258885,2.5124478340148926,0.002,0.085121601819992,481.6201609792188,1088592.3025606526,0.1891999272629618,135643791360.0,
259050,2.512183427810669,0.002,0.0766765773296356,482.8951329691336,1085718.1284399324,0.1747299684211611,135730298880.0,
259215,2.469827890396118,0.002,0.0854624882340431,489.9311918998137,1070125.782289877,0.1823100028559565,135816806400.0,
259380,2.6001617908477783,0.002,0.0678443759679794,478.9230129681528,1094722.921645997,0.1876110909506678,135903313920.0,
259545,2.5623064041137695,0.002,0.0771615132689476,483.8703030254692,1083530.0218298442,0.1669400371611118,135989821440.0,
259710,2.629775285720825,0.002,0.0812222138047218,478.75532205216587,1095106.3640455422,0.1813899725675583,136076328960.0,
259875,2.521103858947754,0.002,0.0740812048316001,480.7666619308293,1090524.866874884,0.1975300256162881,136162836480.0,
260040,2.597250699996948,0.002,0.0737699270248413,479.53209304250777,1093332.4538792127,0.1932199811562895,136249344000.0,
260205,2.5143070220947266,0.002,0.0773826465010643,480.664553004317,1090756.5301477332,0.1879400806501507,136334278656.0,
260370,2.571234703063965,0.002,0.0752270817756652,480.35620199516416,1091456.7102961608,0.2233999548479914,136420786176.0,
260535,2.564700126647949,0.002,0.0899700745940208,482.4526129523292,1086713.9816937929,0.1918110065162181,136507293696.0,
260700,2.530050277709961,0.002,0.0825239196419715,481.4607120351866,1088952.819813226,0.2451600739732384,136593801216.0,
260865,2.6123032569885254,0.002,0.0773836299777031,480.4298620438203,1091289.366921533,0.2223500050604343,136680308736.0,
261030,2.5453832149505615,0.002,0.0786605775356292,481.2061210395768,1089528.9504367711,0.1805799547582864,136766816256.0,
261195,2.5342788696289062,0.002,0.072478100657463,482.1289310930297,1087443.5574969377,0.2386099658906459,136853323776.0,
261360,2.5054008960723877,0.002,0.0828518718481063,488.72323997784406,1072770.7567656662,3.398080007173121,136939831296.0,
261525,2.599672794342041,0.002,0.0821249186992645,481.8359010387212,1088104.88979705,0.1902600051835179,137026338816.0,
261690,2.56640625,0.002,0.0703962072730064,481.9645199459046,1087814.513937345,0.1823400380089879,137112846336.0,
261855,2.5638978481292725,0.002,0.0741140991449356,479.3599519180134,1093725.0763277588,0.2359099453315138,137199353856.0,
262020,2.4994449615478516,0.002,0.0707565024495124,481.8497310625389,1088073.659071843,0.1637500245124101,137285861376.0,
262185,2.594311237335205,0.002,0.0816915705800056,481.8904709536582,1087981.6713587162,0.2018400700762868,137372368896.0,
262350,2.562241315841675,0.002,0.0770200043916702,480.31249991618097,1091556.0184077932,0.2013000193983316,137458876416.0,
262515,2.585268259048462,0.002,0.0783415883779525,500.46093005221337,1047610.2499056236,0.1921999501064419,137545383936.0,
262680,2.600886344909668,0.002,0.0735793635249137,481.41200991813093,1089062.9838860077,0.1914199674502015,137631367168.0,
262845,2.517282485961914,0.002,0.0777460187673568,482.8800309915096,1085752.084060023,0.174719956703484,137717874688.0,
263010,2.5578784942626953,0.002,0.071981094777584,487.836129963398,1074721.5464326865,0.1971800811588764,137804382208.0,
263175,2.493058443069458,0.002,0.0859790667891502,480.8580200187862,1090317.678344051,0.2206000499427318,137890889728.0,
263340,2.5346455574035645,0.002,0.0820760056376457,480.69643101189286,1090684.195213067,0.1793700503185391,137977397248.0,
263505,2.581214904785156,0.002,0.0815456211566925,482.0876510348171,1087536.67279093,0.1856399467214942,138063904768.0,
263670,2.5691120624542236,0.002,0.0961271673440933,481.41658992972225,1089052.6229611991,0.1923399977385997,138150412288.0,
263835,2.5540077686309814,0.002,0.0765129476785659,479.7868599416688,1092751.8941718028,0.1773299882188439,138236919808.0,
264000,2.525122880935669,0.002,0.076735720038414,481.1293300008401,1089702.8455926487,0.1952799502760172,138323427328.0,
264165,2.5569088459014893,0.002,0.0837096720933914,478.46965002827346,1095760.2012353742,0.1952600432559847,138409934848.0,
264330,2.581813335418701,0.002,0.0620876178145408,479.840531013906,1092629.66780271,0.1804600469768047,138496442368.0,
264495,2.5933423042297363,0.002,0.0754494369029998,480.79105000942945,1090469.55010855,0.1696000108495354,138582949888.0,
264660,2.5397424697875977,0.002,0.0992553830146789,479.34972995426506,1093748.3996288525,0.1826700754463672,138669457408.0,
264825,2.5672760009765625,0.002,0.0857786610722541,1068.005154025741,490903.9980038933,0.1925600226968526,138755964928.0,
264990,2.585411071777344,0.002,0.0800054967403411,478.70497102849185,1095221.549242686,0.1976899802684784,138842472448.0,
265155,2.593079090118408,0.002,0.0770976394414901,479.8593110172078,1092586.9061259062,0.1870399573817849,138928979968.0,
265320,2.543767213821411,0.002,0.0760267600417137,501.2218200135976,1046019.9038936028,0.2228000666946172,139014438912.0,
265485,2.5117061138153076,0.002,0.0696711540222168,480.68978101946414,1090699.284033189,0.2303599612787366,139100946432.0,
265650,2.5474634170532227,0.002,0.0733450725674629,480.0483009312302,1092156.7662732075,0.1950899604707956,139187453952.0,
265815,2.511847972869873,0.002,0.0826421082019805,480.0953810336068,1092049.6649462655,0.1939099747687578,139273961472.0,
265980,2.567059278488159,0.002,0.0696661323308944,478.5223919898272,1095639.4283240684,0.1687899930402636,139360468992.0,
266145,2.5546374320983887,0.002,0.0698047056794166,480.56466004345566,1090983.2611340806,0.1950099831447005,139446976512.0,
266310,2.474238395690918,0.002,0.0643564388155937,481.4512199955061,1088974.2890357485,0.2210399834439158,139533484032.0,
266475,2.5988807678222656,0.002,0.0767368227243423,481.6416109679267,1088543.8219226312,0.189230078831315,139619991552.0,
266640,2.565627098083496,0.002,0.0816368982195854,480.0265800440684,1092206.1856488618,0.2005500718951225,139706499072.0,
266805,2.533284902572632,0.002,0.0834901854395866,480.7965609943494,1090457.050931697,0.159099930897355,139793006592.0,
266970,2.591923713684082,0.002,0.0803594961762428,481.3822309952229,1089130.3547205564,0.1825899817049503,139879514112.0,
267135,2.5821938514709473,0.002,0.0679325237870216,481.64927202742547,1088526.5076662395,0.1944600371643901,139966021632.0,
267300,2.508176803588867,0.002,0.0785968527197837,485.6603409862146,1079536.366785366,0.2977600088343024,140052529152.0,
267465,2.5031683444976807,0.002,0.0846960097551345,478.6491709528491,1095349.22823808,0.1791499089449644,140139036672.0,
267630,2.542691230773926,0.002,0.0761923417448997,482.2467510821298,1087177.8790080647,0.2050700131803751,140225544192.0,
267795,2.5987722873687744,0.002,0.0683423578739166,479.4210609979927,1093585.6654036213,0.2187800128012895,140311527424.0,
267960,2.6098132133483887,0.002,0.0710787177085876,481.9362710695714,1087878.276595444,0.2233500126749277,140398034944.0,
268125,2.5626652240753174,0.002,0.0660330429673194,481.99613101314753,1087743.1710871947,0.2139299176633358,140484542464.0,
268290,2.564854621887207,0.002,0.0697192028164863,479.633842012845,1093100.5155928074,0.2190099330618977,140571049984.0,
268455,2.51900577545166,0.002,0.0795704498887062,480.13204196468,1091966.2804728376,0.2707300009205937,140657557504.0,
268620,2.5088651180267334,0.002,0.0782329365611076,480.1638720091432,1091893.8940704323,0.2039800165221095,140744065024.0,
268785,2.5390944480895996,0.002,0.0908530950546264,480.2651109639555,1091663.724953255,0.210289959795773,140830572544.0,
268950,2.5224499702453613,0.002,0.0886305198073387,480.5139320669696,1091098.4365109513,0.2011400647461414,140917080064.0,
269115,2.580007553100586,0.002,0.0814628601074218,479.7425919678062,1092852.7272291535,0.1948799472302198,141003587584.0,
269280,2.6090612411499023,0.002,0.0766398087143898,479.55115197692066,1093289.0012643165,0.2127899788320064,141090095104.0,
269445,2.6207351684570312,0.002,0.0762623772025108,511.6225900128484,1024755.3767843472,0.1947600394487381,141176602624.0,
269610,2.61537766456604,0.002,0.0704698264598846,480.3033220814541,1091576.8763121038,0.2419699449092149,141263110144.0,
269775,2.5809359550476074,0.002,0.0745634213089943,482.1367309195921,1087425.9652443647,0.209180056117475,141349617664.0,
269940,2.4691221714019775,0.002,0.0767080262303352,482.06880199722946,1087579.1958074342,0.1984700793400406,141436125184.0,
270105,2.5456480979919434,0.002,0.0805704221129417,1206.5849979408083,434522.2266933241,0.1767200883477926,141522632704.0,
270270,2.558096408843994,0.002,0.0820778608322143,481.9529310334474,1087840.6712368652,0.1610900508239865,141608091648.0,
270435,2.58886456489563,0.002,0.0648453533649444,481.4156009815634,1089054.8601479132,0.2045200672000646,141694599168.0,
270600,2.573359727859497,0.002,0.0863287076354026,478.9446609793231,1094673.4408270903,0.1808200031518936,141781106688.0,
270765,2.525043487548828,0.002,0.0764845535159111,480.8166320435703,1090411.531256037,0.2440600655972957,141867614208.0,
270930,2.531437635421753,0.002,0.076613113284111,487.35203105024993,1075789.0941177623,0.1879100454971194,141954121728.0,
271095,2.5691452026367188,0.002,0.0737444534897804,480.6204909691587,1090856.5278662732,0.3322799457237124,142040629248.0,
271260,2.5702004432678223,0.002,0.0775153338909149,480.56206095498055,1090989.1616456916,0.1655399100854993,142127136768.0,
271425,2.6209583282470703,0.002,0.084791287779808,481.04988201521337,1089882.8159018636,0.1935500185936689,142213644288.0,
271590,2.574172019958496,0.002,0.0782967135310173,481.8517720559612,1088069.0502869217,0.1620399998500943,142300151808.0,
271755,2.5654306411743164,0.002,0.0611287802457809,481.45783110521734,1088959.3358497529,0.1864400692284107,142386659328.0,
271920,2.484726905822754,0.002,0.0875292792916297,481.6950119566173,1088423.1453225403,0.3084309864789247,142473166848.0,
272085,2.5608739852905273,0.002,0.0836798101663589,478.1898020301014,1096401.4660584433,0.1433310098946094,142559674368.0,
272250,2.5253467559814453,0.002,0.0734699815511703,478.7373119033873,1095147.5620638593,0.1739700092002749,142646181888.0,
272415,2.506453514099121,0.002,0.0662820488214492,483.45670104026794,1084456.9924708337,0.17288897652179,142732689408.0,
272580,2.5343732833862305,0.002,0.076713778078556,480.5450319545343,1091027.822860947,0.1743400935083627,142819196928.0,
272745,2.545774221420288,0.002,0.0721758529543876,480.4509819950909,1091241.395371645,0.1929299905896186,142905180160.0,
272910,2.588014602661133,0.002,0.0825031548738479,488.15940192434937,1074009.8376334244,0.2047900343313813,142991687680.0,
273075,2.560081958770752,0.002,0.0653509572148323,481.0708110453561,1089835.400449123,0.2081510610878467,143078195200.0,
273240,2.586906909942627,0.002,0.0770395919680595,480.5724209873006,1090965.6424371772,0.2141699660569429,143164702720.0,
273405,2.6379764080047607,0.002,0.0727146938443183,480.2747910143807,1091641.7222162746,0.1981710083782673,143251210240.0,
273570,2.563845157623291,0.002,0.0647735223174095,1305.397251970135,401630.99716100434,0.1867599785327911,143337717760.0,
273735,2.5914833545684814,0.002,0.0709316581487655,507.09977000951767,1033895.1642398884,0.2244400093331933,143424225280.0,
273900,2.5450258255004883,0.002,0.0655482336878776,481.16282001137733,1089626.99983262,0.1934999600052833,143510732800.0,
274065,2.5258774757385254,0.002,0.071317046880722,479.8331210622564,1092646.5410293671,0.2238800516352057,143597240320.0,
274230,2.5072994232177734,0.002,0.0745755434036254,480.3659510798752,1091434.559051046,0.1905399840325117,143683747840.0,
274395,2.5769734382629395,0.002,0.0830709785223007,478.88853203039616,1094801.7438987703,0.1840000040829181,143770255360.0,
274560,2.498037338256836,0.002,0.0684664621949195,482.1330509148538,1087434.2653032325,0.1941599184647202,143856762880.0,
274725,2.5759823322296143,0.002,0.0729369968175888,479.8498909221962,1092608.355067875,0.2197399735450744,143943270400.0,
274890,2.552765369415283,0.002,0.0739634707570076,481.32309096399695,1089264.1758573283,0.186149962246418,144029777920.0,
275055,2.5054938793182373,0.002,0.069346897304058,481.35301109869033,1089196.4689351593,0.181299983523786,144116285440.0,
275220,2.6080830097198486,0.002,0.0684840902686119,479.3324110796675,1093787.9181152652,0.1700799912214279,144201744384.0,
275385,2.5605504512786865,0.002,0.0746862590312957,483.0611809156835,1085344.9225751644,0.1708300551399588,144288251904.0,
275550,2.541928291320801,0.002,0.0677094310522079,481.0333820059895,1089920.200160811,0.1507200067862868,144374759424.0,
275715,2.5724668502807617,0.002,0.0775359645485878,482.2710119187832,1087123.1880888846,0.1732109813019633,144461266944.0,
275880,2.610076427459717,0.002,0.0725346356630325,482.5847710017115,1086416.380093645,0.2684399951249361,144547774464.0,
276045,2.6014842987060547,0.002,0.0725685879588127,481.49533197283745,1088874.5231481842,0.1577800139784813,144634281984.0,
276210,2.556539297103882,0.002,0.076098620891571,482.38757089711726,1086860.5072575952,0.153800006955862,144720789504.0,
276375,2.5877444744110107,0.002,0.0740440040826797,480.28313205577433,1091622.7637557662,0.1700690481811761,144807297024.0,
276540,2.59224271774292,0.002,0.0805481970310211,479.43299100734293,1093558.4530768555,0.1645289594307541,144893804544.0,
276705,2.5740132331848145,0.002,0.076795756816864,480.3906909655779,1091378.3507049005,0.1838100142776966,144980312064.0,
276870,2.598816394805908,0.002,0.0795003548264503,480.832182103768,1090376.2674663358,0.2042000414803624,145066819584.0,
277035,2.592400550842285,0.002,0.0680594742298126,479.7856720397249,1092754.5997175807,0.1909800339490175,145153327104.0,
277200,2.5325777530670166,0.002,0.0698130428791046,479.419331997633,1093589.6093622453,0.2189800143241882,145239834624.0,
277365,2.54408860206604,0.002,0.071158654987812,501.4618500135839,1045519.2154414096,0.3981799818575382,145326342144.0,
277530,2.581784725189209,0.002,0.0850045084953308,480.6993120582774,1090677.658253936,0.1961400266736745,145412849664.0,
277695,2.5466971397399902,0.002,0.0713337436318397,480.73095094878227,1090605.8762500158,0.2130399225279688,145498832896.0,
277860,2.5160043239593506,0.002,0.0656747445464134,501.84496003203094,1044721.0627890666,0.2278500469401478,145585340416.0,
278025,2.5673599243164062,0.002,0.0748761743307113,482.4178609997034,1086792.2653475767,1.9539499189704657,145671847936.0,
278190,2.5795347690582275,0.002,0.0709643065929412,484.3933311058208,1082360.0704887982,0.1691500656306743,145758355456.0,
278355,2.593146324157715,0.002,0.0792189091444015,483.05259097833186,1085364.222844046,0.2721199998632073,145844862976.0,
278520,2.560001850128174,0.002,0.0704806223511695,480.2660719724372,1091661.5405430703,0.1874800072982907,145931370496.0,
278685,2.5488457679748535,0.002,0.07932860404253,480.396541999653,1091365.0581614275,0.2854999620467424,146017878016.0,
278850,2.544952869415283,0.002,0.0764873996376991,481.50817095302045,1088845.489293168,0.2212189137935638,146104385536.0,
279015,2.6361441612243652,0.002,0.0770195052027702,500.3927500220016,1047752.989980266,0.1862910576164722,146190893056.0,
279180,2.568171977996826,0.002,0.0737933665513992,480.1991799613461,1091813.6095988394,0.2033299533650279,146277400576.0,
279345,2.4618537425994873,0.002,0.0677906200289726,480.2332710241899,1091736.1033354788,0.2504200674593448,146363908096.0,
279510,2.5719704627990723,0.002,0.0701336115598678,480.4169819690287,1091318.624606404,0.1644300064072013,146450415616.0,
279675,2.5498759746551514,0.002,0.081812597811222,480.62131099868566,1090854.6666617405,0.2197090070694685,146536923136.0,
279840,2.252929449081421,0.002,0.0792815387248992,480.6236400036141,1090849.3806007076,0.2138999989256262,146623430656.0,
280005,2.599767684936523,0.002,0.0741262957453727,481.0201700311154,1089950.136531875,0.201700022444129,146709938176.0,
280170,2.472604751586914,0.002,0.0824664682149887,478.45242999028414,1095799.6388703608,0.2175900153815746,146796445696.0,
280335,2.6224985122680664,0.002,0.0748560205101966,482.9037709860131,1085698.7074867666,0.2136300317943096,146881380352.0,
280500,2.522815704345703,0.002,0.0644765272736549,479.91036996245384,1092470.66288861,0.2163699828088283,146967887872.0,
280665,2.5711870193481445,0.002,0.0679790824651718,480.7213309686631,1090627.7009666893,0.1876300666481256,147054395392.0,
280830,2.5447816848754883,0.002,0.0739382356405258,481.50757991243154,1088846.8258284712,0.2042499836534261,147140902912.0,
280995,2.600752353668213,0.002,0.0601747147738933,480.1451610401273,1091936.444520751,0.2152400556951761,147227410432.0,
281160,2.619990825653076,0.002,0.0724611356854438,488.08410996571183,1074175.5146194608,0.17184903845191,147313917952.0,
281325,2.584278345108032,0.002,0.073649525642395,486.3456099992618,1078015.282179263,0.1962300157174468,147400425472.0,
281490,2.560063123703003,0.002,0.0798914805054664,479.5661000534892,1093254.9234433433,0.2047599991783499,147486932992.0,
281655,2.587799310684204,0.002,0.0715549439191818,495.3603600151837,1058397.1636001104,0.1863699872046709,147573440512.0,
281820,2.541017532348633,0.002,0.0587493367493152,479.3774809222669,1093685.08297747,0.192129984498024,147659948032.0,
281985,2.9416348934173584,0.002,0.0815017893910408,478.388371062465,1095946.3726837577,0.1950700534507632,147746455552.0,
282150,2.496729850769043,0.002,0.0673456490039825,479.8689510207623,1092564.9573383543,0.2257999731227755,147832963072.0,
282315,2.487471580505371,0.002,0.0621606707572937,482.18012996949255,1087328.0905066985,0.1957700587809085,147919470592.0,
282480,2.5460143089294434,0.002,0.0691211894154548,479.6265510376543,1093117.1322057175,0.2059700200334191,148005978112.0,
282645,2.5406792163848877,0.002,0.0731816664338111,480.48572102561593,1091162.498816586,0.2089710906147956,148092485632.0,
282810,2.550100803375244,0.002,0.0591090954840183,480.4527619853616,1091237.3525203587,0.1951600424945354,148178468864.0,
282975,2.5588417053222656,0.002,0.0899372100830078,508.5214889841154,1031004.6111274112,0.2168499631807208,148264976384.0,
283140,2.5991547107696533,0.002,0.0725695937871933,479.1667510289699,1094166.0682301852,0.1745700137689709,148351483904.0,
283305,2.5561327934265137,0.002,0.0653998702764511,481.41372110694647,1089059.112803162,0.1913600135594606,148437991424.0,
283470,2.5961132049560547,0.002,0.070164531469345,479.0500709787011,1094432.569290466,0.1752600073814392,148524498944.0,
283635,2.546680450439453,0.002,0.076715350151062,480.1293209893629,1091972.468833278,0.1731199445202946,148611006464.0,
283800,2.565019130706787,0.002,0.073931023478508,479.9824819201603,1092306.531485475,0.2031599869951605,148697513984.0,
283965,2.5391287803649902,0.002,0.0767362415790557,1128.51722096093,464581.3021387214,0.2513000508770346,148784021504.0,
284130,2.555236339569092,0.002,0.077818363904953,480.2414210280403,1091717.5758760464,0.1772799296304583,148870529024.0,
284295,2.6131603717803955,0.002,0.0695982202887535,479.0422109654173,1094450.5264857528,0.2021099207922816,148957036544.0,
284460,2.556701898574829,0.002,0.0729853734374046,480.5120910750702,1091102.6168498446,0.202439958229661,149043544064.0,
284625,2.7464277744293213,0.002,0.0774503350257873,480.1755200605839,1091867.4070136903,0.2820700174197554,149130051584.0,
284790,2.539045810699463,0.002,0.065981388092041,482.4232109822333,1086780.213026086,0.169859966263175,149216559104.0,
284955,2.567164897918701,0.002,0.0669754818081855,481.08218098059297,1089809.6431909832,0.1811999827623367,149303066624.0,
285120,2.5071372985839844,0.002,0.0669061988592147,481.58082994632423,1088681.2086320708,0.1914500026032328,149389574144.0,
285285,2.595724105834961,0.002,0.0694007948040962,481.21568106580526,1089507.3054119877,0.1915310276672244,149475033088.0,
285450,2.506453275680542,0.002,0.0702677890658378,480.9823510004207,1090035.8379252492,0.1981599489226937,149561540608.0,
285615,2.5526299476623535,0.002,0.0750435590744018,479.69969105906785,1092950.464159131,0.1748100621625781,149648048128.0,
285780,2.564520359039306,0.002,0.0688030645251274,482.3143109679222,1087025.593223315,0.1808699453249573,149734555648.0,
285945,2.5951356887817383,0.002,0.0733504891395568,482.4524810537696,1086714.278792501,0.2275099977850914,149821063168.0,
286110,2.5686817169189453,0.002,0.0622056126594543,482.7010410372168,1086154.6908484434,0.1781500177457928,149907570688.0,
286275,2.5697021484375,0.002,0.0717779994010925,480.9713810682297,1090060.6993197077,0.2197489375248551,149994078208.0,
286440,2.4440722465515137,0.002,0.0696329325437545,481.99939110782,1087735.81392911,0.2113690134137869,150080585728.0,
286605,2.563249111175537,0.002,0.0626470446586608,479.95375096797943,1092371.9190497135,0.1855599693953991,150167093248.0,
286770,2.5183560848236084,0.002,0.0720215737819671,482.4627100024372,1086691.238784758,0.199310015887022,150253600768.0,
286935,2.5284624099731445,0.002,0.0700790658593177,481.3250709557906,1089259.6950308362,0.2147089689970016,150340108288.0,
287100,2.605806827545166,0.002,0.0755165070295333,480.23232095874846,1091738.263166664,0.1766199711710214,150426615808.0,
287265,2.5650534629821777,0.002,0.0645566210150718,479.54039205797017,1093313.5324638523,0.1548199215903878,150513123328.0,
287430,2.537660837173462,0.002,0.0700090304017067,481.3854399835691,1089123.0944124428,0.1847200328484177,150599630848.0,
287595,2.588366746902466,0.002,0.0787320807576179,479.74390105810016,1092849.7451320495,0.1355200074613094,150686138368.0,
287760,2.5757007598876953,0.002,0.0743792504072189,479.4315020553768,1093561.8492992604,0.1692899968475103,150772121600.0,
287925,2.5762505531311035,0.002,0.0740847215056419,482.2144710924477,1087250.6559420242,0.2081900602206587,150858629120.0,
288090,2.612399101257324,0.002,0.0840359032154083,481.99221096001565,1087752.0177260565,0.1525499392300844,150945136640.0,
288255,2.54919958114624,0.002,0.0652351975440979,479.39283098094165,1093650.0634087354,0.1848699757829308,151031644160.0,
288420,2.5978283882141113,0.002,0.0703998431563377,486.592922010459,1077467.378345324,0.2172100357711315,151118151680.0,
288585,2.5709903240203857,0.002,0.0670739412307739,480.46621098183095,1091206.8070897623,0.2037999220192432,151204659200.0,
288750,2.562008857727051,0.002,0.0786354541778564,479.63461198378354,1093098.7608077922,0.1918299822136759,151291166720.0,
288915,2.628261089324951,0.002,0.0653141513466835,481.0934009728953,1089784.2268045123,0.1913999440148472,151377674240.0,
289080,2.554269552230835,0.002,0.0668329745531082,480.8684509480372,1090294.027329846,0.1934299943968653,151464181760.0,
289245,2.659701347351074,0.002,0.0607886277139186,482.37235203851014,1086894.7977311593,0.1840889453887939,151550689280.0,
289410,2.5867199897766113,0.002,0.075140357017517,481.1788110528141,1089590.788199637,0.1678200205788016,151637196800.0,
289575,2.440781593322754,0.002,0.0717705115675926,481.0060609597713,1089982.10740602,0.2239500172436237,151723704320.0,
289740,2.5182175636291504,0.002,0.0846784934401512,480.87769106496125,1090273.0772120068,0.1745900372043252,151810211840.0,
289905,2.571507215499878,0.002,0.0671010762453079,481.4745109761134,1088921.6106935528,0.2209499944001436,151896719360.0,
290070,2.5116498470306396,0.002,0.070933848619461,479.643941973336,1093077.497951899,0.1812599366530776,151983226880.0,
290235,2.5344772338867188,0.002,0.0832936763763427,480.66776106134057,1090749.2502562343,0.1780999591574072,152068685824.0,
290400,2.62019681930542,0.002,0.0811543315649032,480.3462799172849,1091479.2555284947,0.2041599946096539,152155193344.0,
290565,2.567697525024414,0.002,0.0822479501366615,480.66741100046784,1090750.0446280302,0.2262999769300222,152241700864.0,
290730,2.5882177352905273,0.002,0.0855625793337822,479.87049096263945,1092561.4512120911,0.1870000269263982,152328208384.0,
290895,2.5940918922424316,0.002,0.0693675503134727,480.4606110556051,1091219.525463499,0.2171999076381325,152414715904.0,
291060,2.5422844886779785,0.002,0.0682725235819816,479.9452209845185,1092391.33358703,0.1966600539162755,152501223424.0,
291225,2.568499803543091,0.002,0.0830098912119865,480.9387510176748,1090134.656212662,0.1922199735417962,152587730944.0,
291390,2.569293975830078,0.002,0.0786394104361534,481.0214709723368,1089947.1887194645,0.1902199583128094,152674238464.0,
291555,2.521476984024048,0.002,0.0811971873044967,480.80680100247264,1090433.826865323,0.1959298970177769,152760745984.0,
291720,2.4849092960357666,0.002,0.0716320052742958,482.80224099289626,1085927.0224632493,0.171429943293333,152847253504.0,
291885,2.596827507019043,0.002,0.075650431215763,479.0023410459981,1094541.6234399013,0.2078489633277058,152933761024.0,
292050,2.5382080078125,0.002,0.0673359632492065,481.8946010200307,1087972.346837327,0.2163599710911512,153020268544.0,
292215,2.599316358566284,0.002,0.0653266906738281,480.229040957056,1091745.7198238953,0.1752899261191487,153106776064.0,
292380,2.5713367462158203,0.002,0.0814146995544433,480.7021820452064,1090671.1464660976,0.189791084267199,153193283584.0,
292545,2.5677356719970703,0.002,0.080737367272377,482.1142110740766,1087476.7595669222,0.2736999886110425,153279791104.0,
292710,2.518686056137085,0.002,0.0755121037364006,481.35013098362833,1089202.98604392,0.2114099916070699,153365774336.0,
292875,2.5658648014068604,0.002,0.0700292810797691,481.4648509491235,1088943.4586272668,0.2043909626081586,153452281856.0,
293040,2.5337138175964355,0.002,0.0759303420782089,479.1912109358236,1094110.2174560043,0.1647699391469359,153538789376.0,
293205,2.5885329246520996,0.002,0.0752032473683357,481.8657711148262,1088037.4399431348,0.2042700070887804,153625296896.0,
293370,2.5817794799804688,0.002,0.0765135809779167,1673.4261099481955,313302.1511276829,0.2285100053995847,153711804416.0,
293535,2.5416126251220703,0.002,0.0742422640323638,485.24008109234273,1080471.338681988,0.1539699733257293,153798311936.0,
293700,2.5381453037261963,0.002,0.0798921734094619,480.8205309091136,1090402.6893541757,0.2150289947167039,153884819456.0,
293865,2.479370594024658,0.002,0.0748850032687187,480.2623019786552,1091670.1099377596,0.2112099900841713,153971326976.0,
294030,2.5367839336395264,0.002,0.0786043554544448,481.4982620300725,1088867.8970294085,0.1641999697312712,154057834496.0,
294195,2.484137773513794,0.002,0.0817901045083999,480.4572309367358,1091227.2024250906,0.1829600660130381,154144342016.0,
294360,2.5345113277435303,0.002,0.0787211135029792,490.2663199463859,1069394.283615759,0.2081890124827623,154230849536.0,
294525,2.506894111633301,0.002,0.0600260123610496,480.99040100350976,1090017.5947506577,0.1700000138953328,154317357056.0,
294690,2.5663537979125977,0.002,0.0801028311252594,481.654770905152,1088514.0803541287,0.1809600507840514,154403864576.0,
294855,2.5273895263671875,0.002,0.0936553925275802,479.6977109508589,1092954.9756673928,0.199049012735486,154490372096.0,
295020,2.4808411598205566,0.002,0.0906684845685958,480.2819410106167,1091625.4708573574,0.1774600241333246,154576879616.0,
295185,2.5568881034851074,0.002,0.073530301451683,480.704901041463,1090664.977336642,0.1707100309431553,154663387136.0,
295350,2.5420737266540527,0.002,0.0785994231700897,480.76752095948905,1090522.9183403554,0.1960099907591939,154748846080.0,
295515,2.553700685501098,0.002,0.0755097791552543,481.39470093883574,1089102.142124772,0.2025800058618188,154835353600.0,
295680,2.553340435028076,0.002,0.0780308693647384,482.3042410425842,1087048.288994226,0.1919199712574482,154921861120.0,
295845,2.5649991035461426,0.002,0.0765944868326187,479.5827220659703,1093217.0319678034,0.186519930139184,155008368640.0,
296010,2.515082836151123,0.002,0.0755033493041992,480.64304096624255,1090805.3489051198,0.206190044991672,155094876160.0,
296175,2.521889925003052,0.002,0.0731734260916709,480.47291103284806,1091191.5905372582,0.1834799768403172,155181383680.0,
296340,2.564101219177246,0.002,0.0818442180752754,479.2598109925166,1093953.609242204,0.1956999767571687,155267891200.0,
296505,2.593536138534546,0.002,0.0831196382641792,481.7875010194257,1088214.2000169088,0.2449000021442771,155354398720.0,
296670,2.5741159915924072,0.002,0.0819398835301399,481.57845193054527,1088686.584497793,0.2556500257924199,155440906240.0,
296835,2.603156089782715,0.002,0.0857481211423873,481.03375104255974,1089919.3640024094,0.1837600721046328,155527413760.0,
297000,2.641700029373169,0.002,0.0817058905959129,480.0648109521717,1092119.2056549927,0.2114300150424242,155613921280.0,
297165,2.5068323612213135,0.002,0.0918697267770767,478.8241909118369,1094948.855866253,0.1755600096657872,155700428800.0,
297330,2.5516257286071777,0.002,0.0624340139329433,502.6261090533808,1043097.4248182531,0.1935790060088038,155786936320.0,
297495,2.579333782196045,0.002,0.0745096951723098,481.4552809111774,1088965.1038986624,0.1973500475287437,155873443840.0,
297660,2.624891519546509,0.002,0.0862352699041366,478.7941509857774,1095017.5538288353,0.1719599822536111,155959951360.0,
297825,2.5670034885406494,0.002,0.0732240602374076,498.68729000445455,1051336.1990744076,0.1656200038269162,156045934592.0,
297990,2.538076400756836,0.002,0.0741457045078277,482.7803709777072,1085976.215102187,0.1976400380954146,156132442112.0,
298155,2.4889791011810303,0.002,0.0731900483369827,480.154371005483,1091915.4998049848,0.1781100872904062,156218949632.0,
298320,2.567260503768921,0.002,0.0731348767876625,489.0202500391751,1072119.2015218176,0.1848100218921899,156305457152.0,
298485,2.582622528076172,0.002,0.075072094798088,480.8476100442931,1090341.2828686107,0.1532399328425526,156391964672.0,
298650,2.5170211791992188,0.002,0.0802989229559898,480.5473100859672,1091022.6506235315,0.2105099847540259,156478472192.0,
298815,2.5907998085021973,0.002,0.0772927179932594,480.7245299452916,1090620.4433954435,0.1841800985857844,156564979712.0,
298980,2.558250665664673,0.002,0.0710808187723159,481.38586001005024,1089122.144113361,0.2297710161656141,156651487232.0,
299145,2.514469623565674,0.002,0.0791835635900497,481.4092100132257,1089069.317941791,0.199540052562952,156737994752.0,
299310,2.56674861907959,0.002,0.0807102844119072,488.1727499887347,1073980.4710772953,0.1843000063672661,156824502272.0,
299475,2.5356554985046387,0.002,0.0723124518990516,481.3989610411227,1089092.5042009254,0.2438100054860115,156911009792.0,
299640,2.537848711013794,0.002,0.0750757306814193,481.4062399091199,1089076.0371094802,0.197959947399795,156997517312.0,
299805,2.5581743717193604,0.002,0.0817445889115333,482.8303309623152,1085863.84570136,0.1985899871215224,157084024832.0,
299970,2.5145058631896973,0.002,0.0815779417753219,479.15491997264326,1094193.084837642,0.2154399408027529,157170532352.0,
300135,2.570629119873047,0.002,0.070901408791542,481.00551997777075,1089983.333297775,0.1897600013762712,157257039872.0,
300300,2.620777130126953,0.002,0.0776479467749595,481.7920719506219,1088203.8757452478,0.188069068826735,157341974528.0,
300465,2.5981876850128174,0.002,0.0822561830282211,479.6071510063484,1093161.348616047,0.2328299451619386,157428482048.0,
300630,2.5008578300476074,0.002,0.0768267214298248,479.9807110102847,1092310.5615983095,0.1777699217200279,157514989568.0,
300795,2.632084369659424,0.002,0.0973599031567573,479.3805710505694,1093678.0329895625,0.1824799692258238,157601497088.0,
300960,2.55709457397461,0.002,0.077771320939064,481.3295309431851,1089249.601977747,0.2017500810325145,157688004608.0,
301125,2.564403772354126,0.002,0.0669075548648834,478.94061100669205,1094682.697501871,0.2093100920319557,157774512128.0,
301290,2.6071174144744873,0.002,0.0809223800897598,480.11064098682255,1092014.954974493,0.1892000436782837,157861019648.0,
301455,2.588263988494873,0.002,0.0687458664178848,481.66917101480067,1088481.537847665,0.1732999226078391,157947527168.0,
301620,2.5529301166534424,0.002,0.083112247288227,489.99514093156904,1069986.1206852666,0.2589300274848938,158034034688.0,
301785,2.5678188800811768,0.002,0.078714944422245,483.5017709992826,1084355.9040464775,0.1989899901673197,158120542208.0,
301950,2.548251152038574,0.002,0.0847933068871498,483.97956194821745,1083285.4137259938,0.2074500080198049,158207049728.0,
302115,2.526740550994873,0.002,0.082169771194458,479.39147101715207,1093653.1659346973,0.1895899185910821,158293557248.0,
302280,2.5772976875305176,0.002,0.0818577110767364,480.20020104013383,1091811.2880093972,0.2219899324700236,158380064768.0,
302445,2.5921621322631836,0.002,0.0759805217385292,479.8851719824597,1092528.026723783,0.4959310172125697,158466572288.0,
302610,2.592139720916748,0.002,0.0670427903532981,480.0655411090702,1092117.5445935256,0.1818800810724496,158553079808.0,
302775,2.594576835632324,0.002,0.075696587562561,478.9340809220448,1094697.623085498,0.1704000169411301,158639063040.0,
302940,2.622068166732788,0.002,0.0739766508340835,481.7152509931475,1088377.4157431817,0.1791099784895777,158725570560.0,
303105,2.5707526206970215,0.002,0.0806808248162269,479.973552050069,1092326.853762368,0.2124200109392404,158812078080.0,
303270,2.4892685413360596,0.002,0.0706470310688018,480.52073107101023,1091082.9982952846,0.2033800119534135,158898585600.0,
303435,2.5559005737304688,0.002,0.0784406885504722,479.886180954054,1092525.729658794,0.1983199035748839,158985093120.0,
303600,2.5809905529022217,0.002,0.0703117251396179,480.30931199900806,1091563.2633020503,0.1841089688241481,159071600640.0,
303765,2.5240650177001953,0.002,0.0755480974912643,496.5584099991247,1055843.561286021,0.18851098138839,159158108160.0,
303930,2.605189323425293,0.002,0.0919964462518692,481.186770950444,1089572.7639486473,0.1912500010803342,159244615680.0,
304095,2.579383373260498,0.002,0.0734554529190063,480.21235107444227,1091783.6636790817,0.218220055103302,159331123200.0,
304260,2.4932332038879395,0.002,0.0649972185492515,478.7241719895974,1095177.6214287186,0.1672999933362007,159417630720.0,
304425,2.519411087036133,0.002,0.0719518736004829,481.6668219864368,1088486.8462348925,0.191390048712492,159504138240.0,
304590,2.56398344039917,0.002,0.0695370584726333,479.77516101673245,1092778.5400330783,0.1743399770930409,159590645760.0,
304755,2.591838836669922,0.002,0.083212561905384,493.21465101093054,1063001.6746773014,0.2094299998134374,159677153280.0,
304920,2.5652334690093994,0.002,0.0750911384820938,487.2817709110677,1075944.2098967542,1.0748299537226558,159763660800.0,
305085,2.5058913230895996,0.002,0.0737605839967727,481.5452309558168,1088761.6911070703,0.1811400288715958,159850168320.0,
305250,2.6759111881256104,0.002,0.0939278975129127,482.8989610541612,1085709.5216264022,0.1704900059849023,159935627264.0,
305415,2.61376953125,0.002,0.0829159095883369,486.9033209979534,1076780.4970510844,0.1974100014194846,160022134784.0,
305580,2.55428147315979,0.002,0.0691682174801826,480.67622107919306,1090730.0528053823,0.2080400008708238,160108642304.0,
305745,2.54349684715271,0.002,0.077827550470829,479.96822104323655,1092338.9862362803,0.2881299005821347,160195149824.0,
305910,2.4985649585723877,0.002,0.0786150768399238,480.1384609891102,1091951.6818543123,0.1483499072492122,160281657344.0,
306075,2.5645062923431396,0.002,0.0876431539654731,482.38727007992566,1086861.1850249115,0.1893299631774425,160368164864.0,
306240,2.5780692100524902,0.002,0.0830892249941825,480.34332203678787,1091485.9766903275,0.2313299337401986,160454672384.0,
306405,2.538372039794922,0.002,0.0669222623109817,480.17105204053223,1091877.56690452,0.2092199865728616,160541179904.0,
306570,2.587770700454712,0.002,0.074128434062004,491.1322310799733,1067508.843488278,0.228571007028222,160627687424.0,
306735,2.513838768005371,0.002,0.0834830775856971,479.6620520064607,1093036.227916855,0.2047090092673897,160714194944.0,
306900,2.6021595001220703,0.002,0.0707571133971214,482.5001610442996,1086606.8912086098,0.1973400358110666,160800702464.0,
307065,2.578871011734009,0.002,0.0760789364576339,481.1102419625968,1089746.079529024,0.220649060793221,160887209984.0,
307230,2.5813777446746826,0.002,0.0799223259091377,488.62102103885263,1072995.1791376397,0.1855500740930438,160973717504.0,
307395,2.620976448059082,0.002,0.0996380299329757,481.4766109921038,1088916.8612358582,0.2126309555023908,161060225024.0,
307560,2.5963425636291504,0.002,0.0951029509305954,480.16187199391425,1091898.44212921,0.235780025832355,161146732544.0,
307725,2.5868656635284424,0.002,0.0798630788922309,479.56136194989085,1093265.724887116,0.2326399553567171,161232715776.0,
307890,2.56835675239563,0.002,0.078266717493534,490.51674094516784,1068848.331230773,0.2930900081992149,161319223296.0,
308055,2.520725727081299,0.002,0.0823865681886673,482.4001409579069,1086832.18657216,0.2052499912679195,161405730816.0,
308220,2.5771594047546387,0.002,0.0643815025687217,489.13583101239055,1071865.863751697,0.1905299723148346,161492238336.0,
308385,2.5504884719848633,0.002,0.0737119317054748,481.9604019867256,1087823.808426569,0.1615600194782018,161578745856.0,
308550,2.6353611946105957,0.002,0.0712809115648269,481.14318202715367,1089671.4732422654,0.1918399939313531,161665253376.0,
308715,2.5201117992401123,0.002,0.0743381083011627,480.27020099107176,1091652.1552203204,0.1568699954077601,161751760896.0,
308880,2.557445764541626,0.002,0.067435897886753,480.2498610224575,1091698.3898418727,0.1752299722284078,161838268416.0,
309045,2.4912333488464355,0.002,0.0707641541957855,479.4264920055866,1093573.2771185506,0.1712199300527572,161924775936.0,
309210,2.594644546508789,0.002,0.0856092423200607,484.9317109910771,1081158.4149209147,0.1976500498130917,162011283456.0,
309375,2.5554261207580566,0.002,0.0775212720036506,479.6985510038212,1092953.0616735667,0.1743300817906856,162097790976.0,
309540,2.5894312858581543,0.002,0.084221139550209,482.1573719382286,1087379.4128510577,0.1911799190565943,162184298496.0,
309705,2.6589741706848145,0.002,0.0622061230242252,479.4880610425025,1093432.8559924797,0.1814599381759762,162270806016.0,
309870,2.6322765350341797,0.002,0.0718925669789314,488.4819709695875,1073300.615290552,2.0049200393259525,162357313536.0,
310035,2.535645008087158,0.002,0.0744855478405952,479.9770109821111,1092318.981959618,0.1891299616545438,162443821056.0,
310200,,,,,,,162529280000.0,21.798376083374023
310365,2.576804876327514,0.002,0.0787414535880088,481.6528019728139,1088518.5300543369,0.2004399430006742,162615787520.0,
310530,2.5252089500427246,0.002,0.0796335339546203,480.17881205305457,1091859.9214287528,0.1807599328458309,162702295040.0,
310695,2.537017345428467,0.002,0.0726810544729232,480.5487110279501,1091019.4699689995,0.1908300910145044,162788802560.0,
310860,2.5873374938964844,0.002,0.0861518457531929,479.4253710424527,1093575.834044825,0.1838509924709797,162875310080.0,
311025,2.586184501647949,0.002,0.0791739821434021,480.73753097560257,1090590.948736656,0.1986110582947731,162961817600.0,
311190,2.562743902206421,0.002,0.0849064663052558,481.7233099602163,1088359.207785272,0.7129400037229061,163048325120.0,
311355,2.532392978668213,0.002,0.0590487346053123,481.8765319650993,1088013.1428313102,0.1932699233293533,163134832640.0,
311520,2.5991735458374023,0.002,0.0714772269129753,479.69757090322673,1092955.2947554302,0.1805700594559312,163221340160.0,
311685,2.5484633445739746,0.002,0.0723150819540023,480.0554419634864,1092140.519969104,0.2495299559086561,163307847680.0,
311850,2.543163061141968,0.002,0.0745902359485626,478.52762194816023,1095627.4537832155,0.1879800111055374,163394355200.0,
312015,2.5071816444396973,0.002,0.0794693827629089,481.89588193781674,1087969.4549198358,0.2012890763580799,163480862720.0,
312180,2.558173418045044,0.002,0.0679181069135665,478.75226102769375,1095113.365886897,0.1710000215098261,163567370240.0,
312345,2.585399627685547,0.002,0.0809585452079773,479.211580939591,1094063.709754317,0.2141300356015563,163653877760.0,
312510,2.586049795150757,0.002,0.0804561898112297,479.27598108071834,1093916.7008072971,0.188030069693923,163740385280.0,
312675,2.574047803878784,0.002,0.0694595575332641,482.3395609855652,1086968.6884665266,0.1804400235414505,163826892800.0,
312840,2.475210666656494,0.002,0.0849529355764389,478.83926203940064,1094914.3931243876,0.1583300763741135,163912876032.0,
313005,2.52895188331604,0.002,0.0745142698287963,478.77940093167126,1095051.288714118,0.1490899594500661,163999383552.0,
313170,2.5450730323791504,0.002,0.0727257803082466,484.7292209742591,1081610.056324295,0.1707100309431553,164085891072.0,
313335,2.608680486679077,0.002,0.0768779292702674,481.8219509907067,1088136.3933751378,0.1783999614417553,164172398592.0,
313500,2.567255735397339,0.002,0.0835245847702026,480.37215101066977,1091420.4724335796,0.2070000628009438,164258906112.0,
313665,2.514220714569092,0.002,0.0812704339623451,480.2031710278243,1091804.535313286,0.2100199926644563,164345413632.0,
313830,2.590094566345215,0.002,0.0763168856501579,480.79678998328745,1090456.5315800556,0.2358700148761272,164431921152.0,
313995,2.462043046951294,0.002,0.0976255238056182,488.05758100934327,1074233.9027205135,0.2091400092467665,164518428672.0,
314160,2.526407241821289,0.002,0.0650802478194236,482.9376409761608,1085622.56389926,0.261479988694191,164604936192.0,
314325,2.566323757171631,0.002,0.0717480406165123,482.19153995160013,1087302.361324351,0.1892399741336703,164691443712.0,
314490,2.5268845558166504,0.002,0.0743610560894012,483.004181063734,1085473.0053171497,0.1935500185936689,164777951232.0,
314655,2.5033998489379883,0.002,0.0698948949575424,478.8464019075036,1094898.067337413,0.1715299440547824,164864458752.0,
314820,2.569514751434326,0.002,0.073255106806755,479.7190200770274,1092906.4265907495,0.1910600112751126,164950966272.0,
314985,2.5593483448028564,0.002,0.0836561322212219,478.6501410417259,1095347.0082740365,0.1878200564533472,165037473792.0,
315150,2.514279365539551,0.002,0.0619562156498432,482.8665009699762,1085782.5070631672,0.194599968381226,165123981312.0,
315315,2.55161714553833,0.002,0.0892442315816879,481.94333096034825,1087862.3404857025,0.2419500378891825,165209440256.0,
315480,2.5152087211608887,0.002,0.0666833594441413,480.38575996179134,1091389.5533491678,0.1864599762484431,165295947776.0,
315645,2.5976314544677734,0.002,0.0882885307073593,481.83456098195165,1088107.915985791,0.1865399535745382,165382455296.0,
315810,2.601071834564209,0.002,0.0755768120288848,478.86246000416577,1094861.3512018442,0.1837799791246652,165468962816.0,
315975,2.4720098972320557,0.002,0.0730008780956268,482.1309610269964,1087438.9789927702,0.2020099200308323,165555470336.0,
316140,2.5669164657592773,0.002,0.0764663815498352,482.2170310653746,1087244.8839927467,0.1933200983330607,165641977856.0,
316305,2.5837793350219727,0.002,0.0838250517845153,502.9994089854881,1042323.2923025682,0.1860200427472591,165728485376.0,
316470,2.482635974884033,0.002,0.0707630440592765,480.14063108712435,1091946.746545732,0.206399941816926,165814992896.0,
316635,2.492814064025879,0.002,0.0719442069530487,479.84800103586167,1092612.6583172265,0.1904399832710623,165901500416.0,
316800,2.4946134090423584,0.002,0.072334736585617,481.024201028049,1089941.0027177162,0.1832400448620319,165988007936.0,
316965,2.58554744720459,0.002,0.085561029613018,480.3519709967077,1091466.3239793254,0.2094199880957603,166074515456.0,
317130,2.5869245529174805,0.002,0.0792009681463241,480.72403098922223,1090621.575378982,0.1947709824889898,166161022976.0,
317295,2.581334114074707,0.002,0.0781272649765014,482.50955203548074,1086585.7427863877,0.176439993083477,166247530496.0,
317460,2.521657705307007,0.002,0.0785026103258133,487.5690810149535,1075310.1876530196,0.1721599837765097,166334038016.0,
317625,2.5645570755004883,0.002,0.0572242699563503,496.6108510270715,1055732.0664977168,0.2215099520981311,166420545536.0,
317790,2.5680744647979736,0.002,0.0760974436998367,481.91874101758,1087917.8487496804,0.1707690535113215,166506528768.0,
317955,2.578289031982422,0.002,0.0696951299905777,481.36515100486577,1089168.999678376,0.1665509771555662,166593036288.0,
318120,2.5294082164764404,0.002,0.0627639070153236,484.6900010015815,1081697.5776611683,0.1750700175762176,166679543808.0,
318285,2.5473268032073975,0.002,0.08441624045372,482.7384620439261,1086070.4941142502,0.3187200054526329,166766051328.0,
318450,2.619211196899414,0.002,0.0829076915979385,482.28543100412935,1087090.685921033,0.1971999881789088,166852558848.0,
318615,2.7024102210998535,0.002,0.0768536552786827,482.8425609739498,1085836.3416481968,0.1843889476731419,166939066368.0,
318780,2.56957745552063,0.002,0.0742327496409416,480.349960969761,1091470.891225918,0.1847899984568357,167025573888.0,
318945,2.569002866744995,0.002,0.0676738917827606,480.1129710394889,1092009.6552793982,0.6117200246080756,167112081408.0,
319110,2.546287775039673,0.002,0.0697813034057617,480.94511101953685,1090120.2403088831,0.1852200366556644,167198588928.0,
319275,2.4900999069213867,0.002,0.0696680918335914,481.29403102211654,1089329.944289103,0.1922399969771504,167285096448.0,
319440,2.54176926612854,0.002,0.0621124505996704,481.0010610381142,1089993.4375788327,0.1768500078469514,167371603968.0,
319605,2.572373867034912,0.002,0.0767364725470542,479.9817510647699,1092308.1947114512,0.1963099930435419,167458111488.0,
319770,2.517193555831909,0.002,0.0746784955263137,479.4552809325978,1093507.613432054,0.1998000079765916,167544619008.0,
319935,2.4558629989624023,0.002,0.0789624005556106,507.8570400364697,1032353.51421406,0.2031601034104824,167631126528.0,
320100,2.571374893188477,0.002,0.0704100728034973,482.29403200093657,1087071.2992753389,0.1913500018417835,167717634048.0,
320265,2.5920591354370117,0.002,0.064917929470539,480.27825204189867,1091633.8555222815,0.1921099610626697,167802568704.0,
320430,2.5356712341308594,0.002,0.0637001395225524,480.16515106428415,1091890.985503462,0.2158000133931636,167889076224.0,
320595,2.5924136638641357,0.002,0.0717161148786544,479.75590196438134,1092822.4079230293,0.171729945577681,167975583744.0,
320760,2.5716800689697266,0.002,0.0855446234345436,480.090640950948,1092060.447088715,0.2031399635598063,168062091264.0,
320925,2.5863137245178223,0.002,0.0728345960378646,492.841379949823,1063806.777047371,0.1768199726939201,168148598784.0,
321090,2.5878167152404785,0.002,0.0719281882047653,478.59754995442927,1095467.371385251,0.167099991813302,168235106304.0,
321255,2.49361515045166,0.002,0.0728935077786445,480.5200819391757,1091084.472233076,0.2115099923685193,168321613824.0,
321420,2.568723678588867,0.002,0.0789045169949531,481.7271919455379,1088350.4372725422,0.2010300522670149,168408121344.0,
321585,2.5911145210266113,0.002,0.0718794614076614,483.48456202074885,1084394.5002270828,0.1800600439310073,168494628864.0,
321750,2.4923832416534424,0.002,0.078864574432373,483.12445206101984,1085202.7831822122,0.2153699751943349,168581136384.0,
321915,2.51387619972229,0.002,0.0703879743814468,481.724401935935,1088356.740686193,0.1967700663954019,168667643904.0,
322080,2.538285493850708,0.002,0.0768021047115325,481.85713996645063,1088056.9291481364,0.1811799593269825,168754151424.0,
322245,2.584568977355957,0.002,0.0707512572407722,481.5411810996011,1088770.847807422,0.1984899863600731,168840658944.0,
322410,2.587575912475586,0.002,0.0724364593625068,480.7349909096956,1090596.7111066517,0.2052300842478871,168927166464.0,
322575,2.5888710021972656,0.002,0.0808507204055786,480.4474809207022,1091249.3473694238,0.1942500239238143,169013673984.0,
322740,2.5414867401123047,0.002,0.0752669647336006,481.51953099295497,1088819.801179925,0.1754510449245572,169099657216.0,
322905,2.571180582046509,0.002,0.0645750388503074,481.1327420175075,1089695.1178203584,0.1633489737287163,169186164736.0,
323070,2.5491952896118164,0.002,0.0849063619971275,481.03768192231655,1089910.457544297,0.1892099389806389,169272672256.0,
323235,2.537788152694702,0.002,0.0601783134043216,481.3011420192197,1089313.8499535571,0.1823599450290203,169359179776.0,
323400,2.671330690383911,0.002,0.0742599591612815,483.5488599492237,1084250.3073113526,0.1834200229495763,169445687296.0,
323565,2.620183229446411,0.002,0.0748394280672073,479.0476621128619,1094438.0725867725,0.1909099519252777,169532194816.0,
323730,2.52518367767334,0.002,0.0708978176116943,482.07855108194053,1087557.2016704078,0.2127599436789751,169618702336.0,
323895,2.6312458515167236,0.002,0.0701259672641754,479.78696099016815,1092751.6640260338,0.138560077175498,169705209856.0,
324060,2.5987980365753174,0.002,0.1161361560225486,479.429021012038,1093567.5084776222,0.1600199611857533,169791717376.0,
324225,2.5733799934387207,0.002,0.0757891088724136,480.5296310223639,1091062.7902061664,0.1529098954051733,169878224896.0,
324390,2.589479446411133,0.002,0.0759831890463829,482.6186909340322,1086340.0233947083,0.2573600504547357,169964732416.0,
324555,2.4803481101989746,0.002,0.0777734294533729,479.8621110385284,1092580.5308223316,0.1782199833542108,170051239936.0,
324720,2.4976513385772705,0.002,0.0816113650798797,481.91905103158206,1087917.14890234,0.2527100732550025,170137747456.0,
324885,2.573716640472412,0.002,0.0708978995680809,479.39947596751153,1093634.9042557788,0.1725599868223071,170224254976.0,
325050,2.483583450317383,0.002,0.071255125105381,488.9528650091961,1072266.955609595,0.2045000437647104,170310762496.0,
325215,2.500016212463379,0.002,0.0806090384721756,480.70114594884217,1090673.4972830634,0.2001699758693575,170396221440.0,
325380,2.537869930267334,0.002,0.0844654887914657,481.2974859960377,1089322.12457955,0.214779982343316,170482728960.0,
325545,2.559671640396118,0.002,0.0609865747392177,481.832355959341,1088112.8955238566,0.1931600272655487,170569236480.0,
325710,2.6437788009643555,0.002,0.0775759443640708,485.7147460570559,1079415.4475565644,0.2191599924117326,170655744000.0,
325875,2.547584295272827,0.002,0.0775344297289848,480.3497709799558,1091471.32292872,0.2230700338259339,170742251520.0,
326040,2.530771017074585,0.002,0.0679523572325706,480.0647710217163,1092119.2964944374,0.1897700130939483,170828759040.0,
326205,2.628462791442871,0.002,0.0701925233006477,480.3599109873176,1091448.282856065,0.1757499994710087,170915266560.0,
326370,2.556641101837158,0.002,0.0670125931501388,479.27952092140913,1093908.6214075298,0.1431299606338143,171001774080.0,
326535,2.640225648880005,0.002,0.0697736665606498,480.6452910415828,1090800.2424487325,0.1765800407156348,171088281600.0,
326700,2.537921190261841,0.002,0.0761462971568107,481.11882095690817,1089726.6478938232,0.1962600508704781,171174789120.0,
326865,2.5586228370666504,0.002,0.0720191970467567,478.8663809886202,1094852.3864164504,0.1876900205388665,171261296640.0,
327030,2.57790470123291,0.002,0.0734049528837204,482.66030102968216,1086246.3701313564,0.1650600461289286,171347804160.0,
327195,2.54049301147461,0.002,0.0709478557109832,489.7426599636674,1070537.7392259345,0.1940910005941987,171434311680.0,
327360,2.5017099380493164,0.002,0.0795615762472152,481.3745309365913,1089147.7764307838,0.279339961707592,171520819200.0,
327525,2.547493696212769,0.002,0.0792948752641677,512.9555889870971,1022092.382374233,0.2150300424546003,171607326720.0,
327690,2.5494284629821777,0.002,0.0833761617541313,481.92192101851106,1087910.6700354093,0.1990509917959571,171693834240.0,
327855,2.5243074893951416,0.002,0.0769388824701309,488.8976300135255,1072388.0988858454,0.1856699818745255,171779817472.0,
328020,2.530052423477173,0.002,0.0743620544672012,480.7306310394779,1090606.602009817,0.1581500982865691,171866324992.0,
328185,2.5498743057250977,0.002,0.0809194892644882,481.5237809671089,1088810.191154011,0.1737399725243449,171952832512.0,
328350,2.5197572708129883,0.002,0.0751980990171432,481.58405104186386,1088673.9269412055,0.1624400028958916,172039340032.0,
328515,2.550647735595703,0.002,0.0794689580798149,481.00193100981414,1089991.466145076,0.1634699292480945,172125847552.0,
328680,2.5495405197143555,0.002,0.0736345872282981,489.7840600460768,1070447.2496525862,0.1766399946063757,172212355072.0,
328845,2.522675037384033,0.002,0.0785459950566291,481.8285609362647,1088121.4658201877,0.1676700776442885,172298862592.0,
329010,2.562990665435791,0.002,0.0797482207417488,482.00233990792185,1087729.1593649858,0.174949993379414,172385370112.0,
329175,2.5309205055236816,0.002,0.0741752088069915,480.89033097494394,1090244.4200470257,0.1623600255697965,172471877632.0,
329340,2.5722124576568604,0.002,0.0764567777514457,482.6847709482536,1086191.302389788,0.1600900432094931,172558385152.0,
329505,2.5336008071899414,0.002,0.0720243006944656,481.4374110428616,1089005.5238215034,0.1665899762883782,172644892672.0,
329670,2.5245554447174072,0.002,0.0708367899060249,482.69172094296664,1086175.6629589018,0.1530299196019768,172731400192.0,
329835,2.4725332260131836,0.002,0.0781925544142723,480.68602208513767,1090707.8132326878,0.1562200486660003,172817907712.0,
330000,2.5684733390808105,0.002,0.079786367714405,481.6363099962473,1088555.8026222836,0.1609100727364421,172904415232.0,
330165,2.55575180053711,0.002,0.0749294012784957,481.1675709206611,1089616.241171101,0.2017499646171927,172990922752.0,
330330,2.54297399520874,0.002,0.0866610258817672,479.300640989095,1093860.419043188,0.1630899496376514,173076381696.0,
330495,2.5643162727355957,0.002,0.0756550878286361,481.0559300240129,1089869.113501686,0.1681490102782845,173162889216.0,
330660,2.5591275691986084,0.002,0.0744165703654289,478.7744210334494,1095062.6787210312,0.1525399275124073,173249396736.0,
330825,2.589327096939087,0.002,0.077669508755207,488.3409109897911,1073610.6441243058,0.177200068719685,173335904256.0,
330990,2.462197780609131,0.002,0.0776755958795547,481.20340099558234,1089535.109093739,0.1675600651651621,173422411776.0,
331155,2.5936198234558105,0.002,0.0812524035573005,479.35109108220786,1093745.293906269,0.1649699406698346,173508919296.0,
331320,2.531404495239258,0.002,0.0784725397825241,480.75524088926613,1090550.7738827977,0.1802300103008747,173595426816.0,
331485,2.5935416221618652,0.002,0.0751579701900482,479.42142095416784,1093584.844324512,0.1473110169172287,173681934336.0,
331650,2.5965285301208496,0.002,0.0667611435055732,482.37573099322617,1086887.1842297604,0.2123200101777911,173768441856.0,
331815,2.570109605789185,0.002,0.0720223113894462,482.6471609994769,1086275.9431015656,0.1886100508272647,173854949376.0,
331980,2.5602166652679443,0.002,0.0768162831664085,479.1286709951237,1094253.030007749,0.145280035212636,173941456896.0,
332145,2.535202741622925,0.002,0.0775915309786796,481.5706809749827,1088704.1522929352,0.1950999721884727,174027964416.0,
332310,2.516387701034546,0.002,0.0801258459687233,482.1494109928608,1087397.3669704704,0.2320600906386971,174114471936.0,
332475,2.598773241043091,0.002,0.0735836029052734,481.37314000632614,1089150.9235291148,0.1809700625017285,174200979456.0,
332640,2.56981897354126,0.002,0.0807362869381904,479.351470945403,1093744.4271652503,0.1714500831440091,174287486976.0,
332805,2.567734718322754,0.002,0.0706805288791656,479.231461067684,1094018.3243227273,0.19526993855834,174373470208.0,
332970,2.5876383781433105,0.002,0.0717957615852356,479.68194098211825,1092990.9075304226,0.1961200032383203,174459977728.0,
333135,2.588351249694824,0.002,0.0689155608415603,485.25326198432595,1080441.9899333618,0.1838700845837593,174546485248.0,
333300,2.5936999320983887,0.002,0.0806532427668571,480.15502095222473,1091914.0217679124,0.197059940546751,174632992768.0,
333465,2.5444040298461914,0.002,0.0700991451740264,480.8540520025417,1090326.675665049,0.1989000011235475,174719500288.0,
333630,2.525959730148315,0.002,0.0687533840537071,482.1774709271267,1087334.0867459103,0.250910990871489,174806007808.0,
333795,2.604032039642334,0.002,0.0736058875918388,479.5707310549915,1093244.366366222,0.1726900227367878,174892515328.0,
333960,2.4878029823303223,0.002,0.070824958384037,480.5347010260448,1091051.2786704735,0.1646000891923904,174979022848.0,
334125,2.600886106491089,0.002,0.0774091333150863,481.0399409616366,1089905.3391531422,0.2027699956670403,175065530368.0,
334290,2.5391736030578613,0.002,0.0686473622918129,480.94671103172,1090116.6136998937,0.1999400556087494,175152037888.0,
334455,2.5812501907348633,0.002,0.0810143128037452,480.6554300012067,1090777.233076684,0.1809510868042707,175238545408.0,
334620,2.644044876098633,0.002,0.0937435403466224,480.102690984495,1092033.0376088894,0.1485899556428194,175325052928.0,
334785,2.5020484924316406,0.002,0.0788161605596542,480.60982197057456,1090880.7436567529,0.210959929972887,175411560448.0,
334950,2.522852897644043,0.002,0.0746987089514732,480.3878311067819,1091384.8479302127,0.1880100462585687,175498067968.0,
335115,2.5472452640533447,0.002,0.0735452696681022,480.72227998636663,1090625.5479044344,0.9265600237995386,175584575488.0,
335280,2.41294002532959,0.002,0.1026079505681991,480.8242409490049,1090394.2758069157,0.1424000365659594,175670034432.0,
335445,2.5546979904174805,0.002,0.0710864886641502,480.4463910404593,1091251.822840415,0.2026900183409452,175756541952.0,
335610,2.5669991970062256,0.002,0.0774600431323051,479.770470992662,1092789.222553088,0.1618600217625498,175843049472.0,
335775,2.557140827178955,0.002,0.0754726529121398,490.9064710373059,1067999.7737494833,0.1758489524945616,175929556992.0,
335940,2.5804920196533203,0.002,0.0677275881171226,480.7289420859888,1090610.433657268,0.2710000844672322,176016064512.0,
336105,2.5612382888793945,0.002,0.0778030827641487,478.837002068758,1094919.5608001812,0.1493399031460285,176102572032.0,
336270,2.5646169185638428,0.002,0.0831895396113395,480.07695202250034,1092091.5861326903,0.223219976760447,176189079552.0,
336435,2.5771944522857666,0.002,0.0689383447170257,480.2374809514731,1091726.5328005042,0.1625599106773734,176275587072.0,
336600,2.5714452266693115,0.002,0.0729157924652099,480.2667408948764,1091660.0200611418,0.1743700122460723,176362094592.0,
336765,2.5431063175201416,0.002,0.0873629450798034,483.07202104479074,1085320.56745093,0.22002006880939,176448602112.0,
336930,2.595736503601074,0.002,0.0785672962665557,483.3599210251122,1084674.1262454845,0.1822200138121843,176535109632.0,
337095,2.5501890182495117,0.002,0.0699395760893821,481.84457095339894,1088085.3113331145,0.1704699825495481,176621617152.0,
337260,2.550443172454834,0.002,0.0680030956864357,481.01197194773704,1089968.71299695,0.1763399923220276,176708124672.0,
337425,2.5677623748779297,0.002,0.0733468309044838,478.2007710309699,1096376.3167292036,0.1948600402101874,176794632192.0,
337590,2.5607903003692627,0.002,0.0766341909766197,504.76262997835875,1038682.2812585756,0.1592400949448347,176881139712.0,
337755,2.6653552055358887,0.002,0.0631659254431724,481.0454109683633,1089892.945750356,0.1946199918165803,176967122944.0,
337920,2.586010217666626,0.002,0.0796608179807663,479.66340102721006,1093033.1538266735,0.1633201027289033,177053630464.0,
338085,2.5735559463500977,0.002,0.078580729663372,481.45874205511063,1088957.275470941,0.1590499887242913,177140137984.0,
338250,2.565833568572998,0.002,0.0760879442095756,481.6916020354256,1088430.8503295053,0.169420032761991,177226645504.0,
338415,2.6191694736480713,0.002,0.0805138424038887,485.11901998426765,1080740.9695398102,0.1889499835669994,177313153024.0,
338580,2.5400569438934326,0.002,0.0776592791080474,480.8630609186366,1090306.2485157514,0.131789012812078,177399660544.0,
338745,2.6262240409851074,0.002,0.0849303007125854,481.4324809703976,1089016.6756991984,0.2050299663096666,177486168064.0,
338910,2.4763011932373047,0.002,0.0937270075082779,480.4139609914273,1091325.4871237092,0.212749931961298,177572675584.0,
339075,2.5630903244018555,0.002,0.0729656964540481,480.05126090720296,1092150.0320803204,0.1871499698609113,177659183104.0,
339240,2.5213372707366943,0.002,0.0732908397912979,515.8803700469434,1016297.634958065,0.220568967051804,177745690624.0,
339405,2.587147951126098,0.002,0.0698783248662948,481.2791820149869,1089363.5536134073,0.1609310274943709,177832198144.0,
339570,2.6151862144470215,0.002,0.0822427496314048,480.21163197699934,1091785.2985808386,0.1766900531947612,177918705664.0,
339735,2.623884677886963,0.002,0.0763624906539917,480.4368610493839,1091273.4690149196,0.188689911738038,178005213184.0,
339900,2.552328109741211,0.002,0.0778028443455696,480.7691320311278,1090519.263965671,0.1579800155013799,178091720704.0,
340065,2.523819923400879,0.002,0.0795070007443428,480.18658196087927,1091842.2540234865,0.1842600759118795,178178228224.0,
340230,2.572101593017578,0.002,0.0813217982649803,479.1491120122373,1094206.347995089,0.1654500374570489,178263162880.0,
340395,2.6752848625183105,0.002,0.0815809592604637,479.9868409754709,1092296.6115789686,0.1741910818964243,178349670400.0,
340560,2.66538667678833,0.002,0.0751490369439125,478.20670099463314,1096362.7212030306,0.1596109941601753,178436177920.0,
340725,2.5508503913879395,0.002,0.0816219672560691,480.3446119185537,1091483.0456949046,0.1672889338806271,178522685440.0,
340890,2.5847244262695312,0.002,0.0738912969827652,479.4621310429648,1093491.9904091829,0.1988400472328066,178609192960.0,
341055,2.5371105670928955,0.002,0.091817170381546,479.5781719731167,1093227.4040808296,0.1933890162035823,178695700480.0,
341220,2.5558981895446777,0.002,0.0826517343521118,481.033171992749,1089920.676006733,0.1859599724411964,178782208000.0,
341385,2.520301818847656,0.002,0.0910258218646049,480.7321820408106,1090603.0833514945,0.1927600242197513,178868715520.0,
341550,2.5685055255889893,0.002,0.0790587067604065,482.02351201325655,1087681.382616002,0.1724000321701169,178955223040.0,
341715,2.605971097946167,0.002,0.0930752679705619,478.7793820723891,1095051.3318485594,0.1632900675758719,179041730560.0,
341880,2.495943546295166,0.002,0.0782831758260726,482.4529020115733,1086713.330594544,0.1940600341185927,179128238080.0,
342045,2.57161545753479,0.002,0.0827469527721405,481.1468729749322,1089663.1142135998,0.17278001178056,179214745600.0,
342210,2.484267473220825,0.002,0.0722142234444618,481.43939196597785,1089001.0430161273,0.2316000172868371,179301253120.0,
342375,2.6039814949035645,0.002,0.0743234679102897,481.96095100138336,1087822.5692572657,0.1853600842878222,179387760640.0,
342540,2.4998836517333984,0.002,0.0720143392682075,481.6844910383225,1088446.9185832434,0.1822999911382794,179474268160.0,
342705,2.572990894317627,0.002,0.0757307037711143,483.11654094140977,1085220.553571531,0.2067999448627233,179560775680.0,
342870,2.502589225769043,0.002,0.0817084088921547,480.5905510438606,1090924.4862622183,0.2304899971932172,179646758912.0,
343035,2.410614490509033,0.002,0.0805310681462287,480.3456709487364,1091480.6392747802,0.1717800041660666,179733266432.0,
343200,2.5689563751220703,0.002,0.0761432349681854,481.4414409920573,1088996.4082021131,0.1717199338600039,179819773952.0,
343365,2.5679430961608887,0.002,0.0834582969546318,481.8906489526853,1087981.2694839768,0.2595199039205909,179906281472.0,
343530,2.5405309200286865,0.002,0.0830646604299545,486.72022903338075,1077185.5549156612,0.1896099420264363,179992788992.0,
343695,2.5740718841552734,0.002,0.0705694928765297,478.81080908700824,1094979.4575433815,0.1887599937617778,180079296512.0,
343860,2.604058742523194,0.002,0.0830527022480964,482.0438789902255,1087635.4266716684,0.1557699870318174,180165804032.0,
344025,2.585073232650757,0.002,0.0776942148804664,481.28999897744507,1089339.0702360512,0.2004510024562478,180252311552.0,
344190,2.474357843399048,0.002,0.0672986060380935,480.48204998485744,1091170.835656656,0.1775890123099088,180338819072.0,
344355,2.588108539581299,0.002,0.0874707102775573,493.4032069286331,1062595.4445323134,0.1929490827023983,180425326592.0,
344520,2.530470132827759,0.002,0.0882728993892669,480.3709300467745,1091423.2465085872,0.1564599806442856,180511834112.0,
344685,2.5855154991149902,0.002,0.0717590525746345,480.8871289715171,1090251.679476856,0.2076399978250265,180598341632.0,
344850,2.5699195861816406,0.002,0.0753147825598716,508.6983080254868,1030646.2430257036,0.1684799790382385,180684849152.0,
345015,2.599271059036255,0.002,0.071816585958004,500.8896980434656,1046713.4821257672,0.1576599897816777,180771356672.0,
345180,2.6011648178100586,0.002,0.069812536239624,479.7733499435708,1092782.6651098167,0.1461399951949715,180857864192.0,
345345,2.6085734367370605,0.002,0.0837748199701309,480.817431001924,1090409.719355416,0.2074700314551592,180943323136.0,
345510,2.5975308418273926,0.002,0.0739211067557334,483.1966300262138,1085040.6799640902,0.2359800273552537,181029830656.0,
345675,2.625535726547241,0.002,0.0751942843198776,479.5253400225192,1093347.8509715016,0.1782400067895651,181116338176.0,
345840,2.549724578857422,0.002,0.0753910839557647,480.5980799719691,1090907.396114814,0.279200030490756,181202845696.0,
346005,2.5801584720611572,0.002,0.0827485918998718,481.6680600633845,1088484.048394255,0.1880299532786011,181289353216.0,
346170,2.5287578105926514,0.002,0.0809782743453979,480.1679709926248,1091884.573050902,0.2210800303146243,181375860736.0,
346335,2.508334159851074,0.002,0.0739414691925048,480.2445110399276,1091710.5514953206,0.2170499647036194,181462368256.0,
346500,2.5340943336486816,0.002,0.0926055014133453,480.4030399536714,1091350.296306536,0.2673399867489934,181548875776.0,
346665,2.6078178882598877,0.002,0.0933242961764335,480.0737210316583,1092098.9361244915,0.202739960514009,181635383296.0,
346830,2.5845446586608887,0.002,0.0630805641412735,479.9119409872219,1092467.0866107072,0.2041399711742997,181721890816.0,
346995,2.5617215633392334,0.002,0.0662681013345718,481.1739500146359,1089601.7957415455,0.2153399400413036,181808398336.0,
347160,2.5120553970336914,0.002,0.0796597972512245,479.78574107401073,1092754.4424858687,0.1959400251507759,181894905856.0,
347325,2.5010733604431152,0.002,0.0745330676436424,481.4770600060001,1088915.8457382503,0.1900000497698784,181981413376.0,
347490,2.5662708282470703,0.002,0.0738995298743248,480.7108810637146,1090651.409512217,0.202830065973103,182067920896.0,
347655,2.6861448287963867,0.002,0.074733980000019,480.86178104858845,1090309.150493754,0.1753600081428885,182154428416.0,
347820,2.4692201614379883,0.002,0.0740543156862258,479.1820099344477,1094131.2259859731,0.1722599845379591,182240411648.0,
347985,2.5157954692840576,0.002,0.0629192814230918,478.1905709533021,1096399.70306148,0.1560399541631341,182326919168.0,
348150,2.601527214050293,0.002,0.0756831020116806,480.96940002869815,1090065.189113314,0.3067700890824199,182413426688.0,
348315,2.5910959243774414,0.002,0.0702211260795593,481.52802989352494,1088800.583666812,0.1413900172337889,182499934208.0,
348480,2.573158264160156,0.002,0.0840626657009124,509.6201290143654,1028781.9694524294,0.195828964933753,182586441728.0,
348645,2.533792018890381,0.002,0.0791127905249595,481.8701199255884,1088027.62055668,0.1818200107663869,182672949248.0,
348810,2.559652090072632,0.002,0.0708601325750351,480.45696096960455,1091227.8155819422,0.1859000185504555,182759456768.0,
348975,2.570924997329712,0.002,0.0663011744618415,480.3372209426016,1091499.840406185,0.1530200242996215,182845964288.0,
349140,2.5471558570861816,0.002,0.0745732188224792,479.4086910551414,1093613.882647982,0.1441700151190161,182932471808.0,
349305,2.5673298835754395,0.002,0.0679893419146537,481.61514999810606,1088603.628856073,0.1999801024794578,183018979328.0,
349470,2.5014877319335938,0.002,0.087937407195568,482.3150900192559,1087023.8374235155,0.1629600301384925,183105486848.0,
349635,2.618729829788208,0.002,0.0727394372224807,481.8799399072304,1088005.4482054885,0.1859910553321242,183191994368.0,
349800,2.550980567932129,0.002,0.0844124257564544,482.13369108270854,1087432.8214289013,0.2275300212204456,183278501888.0,
349965,2.5214128494262695,0.002,0.0811430066823959,499.2357100127265,1050181.2860835514,0.1777299912646412,183365009408.0,
350130,2.5188732147216797,0.002,0.0692497193813324,494.27781999111176,1060715.2067018258,0.226879958063364,183451516928.0,
350295,2.5553784370422363,0.002,0.0766396671533584,495.06848002783954,1059021.1680826808,0.1743399770930409,183536975872.0,
350460,2.5510129928588867,0.002,0.06864894926548,480.34619097597897,1091479.4576277144,0.2173499669879675,183623483392.0,
350625,2.5393826961517334,0.002,0.0765824615955352,481.8118499824777,1088159.2057544184,0.167839927598834,183709990912.0,
350790,2.541327953338623,0.002,0.0749809890985488,480.87738000322133,1090273.7824692188,0.1890900311991572,183796498432.0,
350955,2.532893419265747,0.002,0.0824636220932006,480.895199929364,1090233.3815704747,0.2683399943634867,183883005952.0,
351120,2.553849935531616,0.002,0.0814756825566291,480.50077992957085,1091128.3017622724,0.1962499227374792,183969513472.0,
351285,2.626657724380493,0.002,0.0710439532995224,479.1546110063791,1094193.7903901753,0.1800599275156855,184056020992.0,
351450,2.5874040126800537,0.002,0.0842188671231269,480.6931900093332,1090691.548989534,0.195989036001265,184142528512.0,
351615,2.5541248321533203,0.002,0.0770302265882492,495.94747996889055,1057144.1960606135,0.2493499778211116,184229036032.0,
351780,2.4773359298706055,0.002,0.0835694074630737,480.1466210046783,1091933.124308901,0.231809914112091,184315543552.0,
351945,2.5481061935424805,0.002,0.0674372762441635,478.8106909254566,1094979.7277638973,0.1987090799957513,184402051072.0,
352110,2.5787172317504883,0.002,0.0696168020367622,479.7812399920076,1092764.6941942412,0.2258999738842249,184488558592.0,
352275,2.5263285636901855,0.002,0.0694943517446518,479.9457610351965,1092390.1043925495,0.1976699568331241,184575066112.0,
352440,2.593252182006836,0.002,0.0801967680454254,497.1180399879813,1054654.9467661153,0.1518399221822619,184661573632.0,
352605,2.5834033489227295,0.002,0.0766989737749099,481.79222003091127,1088203.5412825102,0.1727000344544649,184748081152.0,
352770,2.565534830093384,0.002,0.0672513395547866,481.97311093099415,1087795.1240625626,0.1504699466750025,184834064384.0,
352935,2.566029787063598,0.002,0.0770261660218238,480.2489510038867,1091700.458489407,0.166569952853024,184920571904.0,
353100,2.559250831604004,0.002,0.077699489891529,482.18851001001894,1087309.193636958,0.1785199856385588,185007079424.0,
353265,2.606426477432251,0.002,0.068662479519844,481.4092100132257,1089069.317941791,0.3418000414967537,185093586944.0,
353430,2.535299777984619,0.002,0.0707311406731605,485.61019997578114,1079647.8328217731,0.1921600196510553,185180094464.0,
353595,2.5842442512512207,0.002,0.0834650993347168,479.961849981919,1092353.4860525914,0.1695000100880861,185266601984.0,
353760,2.5672993659973145,0.002,0.0744293481111526,504.83316904865205,1038537.1487931552,0.1779600279405713,185353109504.0,
353925,2.5756583213806152,0.002,0.0765269920229911,480.7168199913576,1090637.935259735,0.1594090135768056,185439617024.0,
354090,2.506037712097168,0.002,0.0832434073090553,480.0428010057658,1092169.2792841252,0.1578499795868992,185526124544.0,
354255,2.555392026901245,0.002,0.0804306864738464,478.5035609966144,1095682.5460358686,0.1525200204923749,185612632064.0,
354420,2.42539644241333,0.002,0.0627778619527816,483.00648003350943,1085467.8387826737,0.174949993379414,185699139584.0,
354585,2.5437984466552734,0.002,0.0793473049998283,499.5935900369659,1049428.9967995924,0.1663899747654795,185785647104.0,
354750,2.5230088233947754,0.002,0.0905429050326347,480.8224899461493,1090398.2466766867,0.1533899921923875,185872154624.0,
354915,2.466721534729004,0.002,0.0739570632576942,481.45097005181015,1088974.854373188,0.2070500049740076,185958662144.0,
355080,2.518519878387451,0.002,0.0796617716550827,479.57350104115903,1093238.051856004,0.1746800262480974,186045169664.0,
355245,2.564270496368408,0.002,0.0821524709463119,480.4939009482041,1091143.9228788812,0.1758199650794267,186130628608.0,
355410,2.5235061645507812,0.002,0.0748927518725395,482.6103700324893,1086358.7534696052,0.1821600599214434,186217136128.0,
355575,2.586545467376709,0.002,0.0717595294117927,478.7154099904001,1095197.6666272637,0.1783489715307951,186303643648.0,
355740,2.51588773727417,0.002,0.0844483077526092,480.8485199464485,1090339.219632805,0.1660700654610991,186390151168.0,
355905,2.6257033348083496,0.002,0.0843560546636581,483.0452010501176,1085380.827426134,0.1852500718086958,186476658688.0,
356070,2.5216782093048096,0.002,0.0647784546017646,480.7136310264468,1090645.170349155,0.1944899559020996,186563166208.0,
356235,2.5986852645874023,0.002,0.0693339928984642,480.6511310162022,1090786.989081956,0.1702699810266494,186649673728.0,
356400,2.5499234199523926,0.002,0.0779081881046295,480.274701025337,1091641.9267571229,0.1923909876495599,186736181248.0,
356565,2.5524654388427734,0.002,0.0772179812192916,479.62465102318674,1093121.462546874,0.2012300537899136,186822688768.0,
356730,2.519521713256836,0.002,0.0840171799063682,502.92276905383915,1042482.1309768014,0.1994799822568893,186909196288.0,
356895,2.573643684387207,0.002,0.0831964388489723,479.7596810385585,1092813.799744591,0.1787199871614575,186995703808.0,
357060,2.5557339191436768,0.002,0.0727307349443435,481.5683610504493,1088709.3970550017,0.2628300571814179,187082211328.0,
357225,2.510348320007324,0.002,0.0791940316557884,503.21705907117575,1041872.4694423444,0.1935299951583147,187168718848.0,
357390,2.593101978302002,0.002,0.0691053569316864,500.60223892796785,1047314.5328369982,0.1913199666887521,187255226368.0,
357555,2.5029211044311523,0.002,0.0750125423073768,480.40680994745344,1091341.7319320396,0.2339100465178489,187341733888.0,
357720,2.567042350769043,0.002,0.0857751220464706,480.7926909998059,1090465.8282340893,0.1877399627119302,187428241408.0,
357885,2.4926974773406982,0.002,0.0841738805174827,481.71735100913793,1088372.6710314292,0.2050800248980522,187514224640.0,
358050,2.5986080169677734,0.002,0.0778147354722023,505.8468789793551,1036455.9351593776,0.1698400592431426,187600732160.0,
358215,2.66925048828125,0.002,0.0770121589303016,479.65440107509494,1093053.6628557218,0.1878999173641204,187687239680.0,
358380,2.6040072441101074,0.002,0.0954718142747879,483.64604101516306,1084032.444263433,0.2310799900442361,187773747200.0,
358545,2.542977094650269,0.002,0.072633072733879,480.4212310118601,1091308.9725359306,0.2018000232055783,187860254720.0,
358710,2.5823001861572266,0.002,0.0766459926962852,480.8627909515053,1090306.8606380778,0.2083000726997852,187946762240.0,
358875,2.5993542671203613,0.002,0.0797303169965744,481.6903709433973,1088433.6321134565,0.2552499063313007,188033269760.0,
359040,2.555508613586426,0.002,0.0824341773986816,481.23245197348297,1089469.3361803652,0.1880700001493096,188119777280.0,
359205,2.568634033203125,0.002,0.0781651437282562,478.9402011083439,1094683.6343800626,0.1505200052633881,188206284800.0,
359370,2.58084487915039,0.002,0.086309939622879,482.0923400111496,1087526.0950793668,0.194310094229877,188292792320.0,
359535,2.646005868911743,0.002,0.074709303677082,482.0950609864667,1087519.9570126226,0.1899800263345241,188379299840.0,
359700,2.497732162475586,0.002,0.0710867345333099,478.5674010636285,1095536.3838714384,0.1640999689698219,188465807360.0,
359865,2.5561091899871826,0.002,0.0683430880308151,479.8382800072432,1092634.7935226967,0.181599985808134,188552314880.0,
360030,2.600273609161377,0.002,0.0721100270748138,484.628101112321,1081835.7391918695,0.1584499841555953,188638822400.0,
360195,2.6123242378234863,0.002,0.0739922225475311,480.0081909634173,1092248.0279924169,0.2368900459259748,188725329920.0,
360360,2.6445937156677246,0.002,0.0842200592160224,479.4490620261058,1093521.7972570625,0.1296889968216419,188810264576.0,
360525,2.6294775009155273,0.002,0.0867145806550979,480.51811195909977,1091088.9453520242,0.1564599806442856,188896772096.0,
360690,2.542719841003418,0.002,0.090795062482357,480.8748820796609,1090279.445939427,0.1719290157780051,188983279616.0,
360855,2.539344787597656,0.002,0.0723292231559753,480.7911610696465,1090469.2982158477,0.1710199285298586,189069787136.0,
361020,2.597926139831543,0.002,0.0783950537443161,480.81700201146305,1090410.6922315126,0.1894800225272774,189156294656.0,
361185,2.571493625640869,0.002,0.0785846412181854,480.14074098318815,1091946.4966176609,0.1697700936347246,189242802176.0,
361350,2.5316922664642334,0.002,0.0785178616642952,477.9566919896752,1096936.2052813892,0.1575800124555826,189329309696.0,
361515,2.4903836250305176,0.002,0.0794874057173729,478.85672200936824,1094874.4705931954,0.1689000055193901,189415817216.0,
361680,2.5179219245910645,0.002,0.0712386891245842,485.6505609350279,1079558.1065336012,0.1640699338167905,189502324736.0,
361845,2.4988584518432617,0.002,0.0748301893472671,480.1757319364697,1091866.9252309625,0.1607401063665747,189588832256.0,
362010,2.5570147037506104,0.002,0.0761849135160446,482.0586909772828,1087602.007417614,0.1622800482437014,189675339776.0,
362175,2.5430784225463867,0.002,0.0701804086565971,496.3029499631375,1056387.0314269562,0.1662200083956122,189761847296.0,
362340,2.558444023132324,0.002,0.0712587684392929,478.97070297040045,1094613.922623155,0.1742700114846229,189848354816.0,
362505,2.5640807151794434,0.002,0.0757633000612258,480.13090109452605,1091968.8751646928,0.1860599732026457,189934862336.0,
362670,2.5054516792297363,0.002,0.0686523169279098,483.137191971764,1085174.1673214862,0.1850909320637583,190021369856.0,
362835,2.584522485733032,0.002,0.0814846083521843,478.2428320031613,1096279.8915437467,0.1786700449883937,190107353088.0,
363000,2.5953657627105713,0.002,0.0774433687329292,478.6363609600812,1095378.5436366503,0.1651999773457646,190193860608.0,
363165,2.5727434158325195,0.002,0.0778459683060646,483.4633819991722,1084442.006408042,0.1694500679150223,190280368128.0,
363330,2.5669233798980713,0.002,0.0836215019226074,482.97154204919934,1085546.3611282336,0.1725900219753384,190366875648.0,
363495,2.513429641723633,0.002,0.0795561298727989,478.49309199955314,1095706.518581233,0.2152989618480205,190453383168.0,
363660,2.531843662261963,0.002,0.0755952522158622,479.64218200650066,1093081.508817117,0.1786999637261033,190539890688.0,
363825,2.6791458129882812,0.002,0.0737214684486389,481.37105198111385,1089155.6478983492,0.1588499872013926,190626398208.0,
363990,2.5377302169799805,0.002,0.080422468483448,480.55332200601697,1091009.0014806627,0.1987098949030041,190712905728.0,
364155,2.591349840164185,0.002,0.0660065189003944,480.9644020861015,1090076.516528021,0.1656309468671679,190799413248.0,
364320,2.581054210662842,0.002,0.0822385847568512,479.9419230548665,1092398.839973944,0.1532300375401973,190885920768.0,
364485,2.58616304397583,0.002,0.0709174573421478,479.28162198513746,1093903.825956127,0.1785500207915902,190972428288.0,
364650,2.512139320373535,0.002,0.1450700312852859,499.92569198366255,1048731.8583681304,0.1701499568298459,191058935808.0,
364815,2.554349184036255,0.002,0.0756742358207702,481.1893809819594,1089566.8539694073,0.1866999082267284,191145443328.0,
364980,2.5474467277526855,0.002,0.0733670964837074,479.6606620075181,1093039.3954044587,0.184059957973659,191231950848.0,
365145,2.5128207206726074,0.002,0.0814894512295723,483.0937919905409,1085271.6567516266,0.2467700978741049,191318458368.0,
365310,2.598358154296875,0.002,0.0810733214020729,479.2449619853869,1093987.5044862477,0.2683799248188734,191403917312.0,
365475,2.5013246536254883,0.002,0.0728109180927276,480.5261919973418,1091070.5987133794,0.1873709261417389,191490424832.0,
365640,2.563607692718506,0.002,0.0840693339705467,478.81241294089705,1094975.7897456938,0.1681899884715676,191576932352.0,
365805,2.5552432537078857,0.002,0.0625896826386451,482.111562974751,1087482.7327621218,0.1582700060680508,191663439872.0,
365970,2.5670199394226074,0.002,0.0720946937799453,483.4066890180111,1084569.1876234375,0.1655200030654668,191749947392.0,
366135,2.5064187049865723,0.002,0.0810580775141716,481.0233189491555,1089943.001402428,0.1650699414312839,191836454912.0,
366300,2.5079617500305176,0.002,0.0660475417971611,478.92080806195736,1094727.9616469983,0.1442300854250788,191922962432.0,
366465,2.5844838619232178,0.002,0.0812081471085548,479.9740079324693,1092325.8162632957,0.1554199261590838,192009469952.0,
366630,2.5749497413635254,0.002,0.0735484883189201,480.7191579602659,1090632.6309619125,0.1880601048469543,192095977472.0,
366795,2.5002779960632324,0.002,0.0771292373538017,481.2615809496492,1089403.3946475612,0.1785299973562359,192182484992.0,
366960,2.5663232803344727,0.002,0.0660657957196235,480.8099510846659,1090426.6827615595,0.1704089809209108,192268992512.0,
367125,2.547891139984131,0.002,0.070474699139595,478.33891108166426,1096059.692937025,0.1973399193957448,192355500032.0,
367290,2.524445056915283,0.002,0.0706056207418441,480.27071193791926,1091650.993841512,0.1489709829911589,192442007552.0,
367455,2.3202340602874756,0.002,0.1257645934820175,492.4581799423322,1064634.5646271834,0.1793500268831849,192528515072.0,
367620,2.536656379699707,0.002,0.0695540755987167,481.3302409602329,1089247.9952102494,0.2000200329348445,192615022592.0,
367785,2.609999656677246,0.002,0.0669576153159141,479.15823105722666,1094185.5237323125,0.1445799134671688,192701005824.0,
367950,2.607288360595703,0.002,0.0775057598948478,480.20366101991385,1091803.4212535042,0.155820045620203,192787513344.0,
368115,2.583364486694336,0.002,0.0728685706853866,480.7476559653878,1090567.9798837062,0.2196399727836251,192874020864.0,
368280,2.584059238433838,0.002,0.0813430026173591,482.0120560470969,1087707.2335069815,0.1526300329715013,192960528384.0,
368445,2.5802764892578125,0.002,0.074960358440876,479.4992859242484,1093407.2591774983,0.1648699399083852,193047035904.0,
368610,2.537536144256592,0.002,0.0838353410363197,480.2336459979415,1091735.2508912866,0.200579990632832,193133543424.0,
368775,2.518589735031128,0.002,0.0795382037758827,479.239615960978,1093999.7081599575,0.3661400405690074,193220050944.0,
368940,2.636643648147583,0.002,0.0866038277745246,481.5120269777253,1088836.7696457424,0.193699961528182,193306558464.0,
369105,2.583537340164185,0.002,0.0797328129410743,509.8703040275723,1028277.1831552834,0.2326900139451027,193393065984.0,
369270,2.4483160972595215,0.002,0.0818856209516525,480.303885997273,1091575.5947120877,0.1772500108927488,193479573504.0,
369435,2.480381488800049,0.002,0.0911589115858078,480.73569603729993,1090595.111454592,0.1820899778977036,193566081024.0,
369600,2.4928202629089355,0.002,0.0814833119511604,479.502365924418,1093400.2358658672,0.1776800490915775,193652588544.0,
369765,2.5535483360290527,0.002,0.0727239698171615,482.7414960600436,1086063.6681931086,0.2081099664792418,193739096064.0,
369930,2.4775986671447754,0.002,0.0842519327998161,480.29334598686546,1091599.5492769906,0.1837899908423423,193825603584.0,
370095,2.5650596618652344,0.002,0.0770394727587699,482.5659160269424,1086458.828913081,0.1932709710672497,193912111104.0,
370260,2.62020206451416,0.002,0.0662010610103607,479.7529499046505,1092829.1323778224,0.2603699686005711,193997570048.0,
370425,2.5216965675354004,0.002,0.0744219869375228,480.7511100079864,1090560.1445024025,0.1888800179585814,194084077568.0,
370590,2.5492396354675293,0.002,0.0715767294168472,479.7361999517306,1092867.2884238297,0.2049499889835715,194170585088.0,
370755,2.5755577087402344,0.002,0.0688874647021293,486.22095899190754,1078291.649720361,0.1827109372243285,194257092608.0,
370920,2.658853054046631,0.002,0.0667189359664917,480.3341389633715,1091506.8438222758,0.1807799562811851,194343600128.0,
371085,2.5318193435668945,0.002,0.0735784024000167,479.7217899467796,1092900.116248971,0.1859299372881651,194430107648.0,
371250,2.550290107727051,0.002,0.0829485356807708,480.04348890390247,1092167.714215065,0.23974000941962,194516615168.0,
371415,2.55081558227539,0.002,0.0757539644837379,480.3032000781968,1091577.153586822,0.1935000764206051,194603122688.0,
371580,2.6434519290924072,0.002,0.0777131840586662,481.4556000055745,1088964.3821651042,0.2516100648790598,194689630208.0,
371745,2.50152587890625,0.002,0.0960067361593246,478.7882589735091,1095031.0292153768,0.1922600204125046,194776137728.0,
371910,2.576754570007324,0.002,0.0841410681605339,480.2097800420597,1091789.5090643086,0.1904199598357081,194862645248.0,
372075,2.470682144165039,0.002,0.0737543106079101,481.51683900505304,1088825.8883808176,0.227779964916408,194949152768.0,
372240,2.5473437309265137,0.002,0.0798140168190002,480.3968779742718,1091364.294894687,0.2084599109366536,195035660288.0,
372405,2.6101274490356445,0.002,0.078850008547306,481.402819044888,1089083.7761195437,0.2142599551007151,195122167808.0,
372570,2.605564832687378,0.002,0.0728126168251037,481.9474589312449,1087853.02273955,0.240409979596734,195208675328.0,
372735,2.578889846801758,0.002,0.0780021697282791,484.5902080414817,1081920.3345419643,0.2192000392824411,195295182848.0,
372900,2.575693368911743,0.002,0.0826304033398628,481.36879899539053,1089160.7455534742,0.1907399855554103,195381166080.0,
373065,2.5641064643859863,0.002,0.0723101422190666,481.64924792945385,1088526.5621276156,0.1941699301823973,195467673600.0,
373230,2.614706754684448,0.002,0.0758421048521995,481.3744981074706,1089147.8507092593,0.1780400052666664,195554181120.0,
373395,2.560621738433838,0.002,0.0680942460894584,482.2324280394241,1087210.1698584603,3.3937100088223815,195640688640.0,
373560,2.501718044281006,0.002,0.0816259607672691,498.0308479862288,1052721.9390524526,0.1564100384712219,195727196160.0,
373725,2.401259660720825,0.002,0.0836825743317604,482.05633799079806,1087607.316159814,0.1872599823400378,195813703680.0,
373890,2.6199493408203125,0.002,0.0811683684587478,482.983228052035,1085520.095831392,0.1953199971467256,195900211200.0,
374055,2.5242810249328613,0.002,0.0686929151415824,493.9103480428457,1061504.3845052605,0.1593800261616706,195986718720.0,
374220,2.5273420810699463,0.002,0.0710775852203369,482.5507190544158,1086493.0447671297,0.1669799676164984,196073226240.0,
374385,2.5544960498809814,0.002,0.0877495482563972,481.0980580514297,1089773.677581449,0.3059289883822202,196159733760.0,
374550,2.5913496017456055,0.002,0.0744484812021255,480.9533089864999,1090101.658942358,0.1798800658434629,196246241280.0,
374715,2.468008518218994,0.002,0.0885228663682937,480.476979049854,1091182.35183043,0.1618199748918414,196332748800.0,
374880,2.376700639724731,0.002,0.0626965835690498,480.3574599791318,1091453.851935133,0.2031599869951605,196419256320.0,
375045,2.606058359146118,0.002,0.0790329352021217,480.2951089804992,1091595.5424007596,0.1849289983510971,196505763840.0,
375210,2.531219959259033,0.002,0.058139219880104,481.2654689885676,1089394.5935947762,0.1811200054362416,196592271360.0,
375375,2.5460991859436035,0.002,0.080974131822586,481.0241690138355,1089941.0752579465,0.1595799112692475,196677730304.0,
375540,2.553229808807373,0.002,0.0760929957032203,481.06452904175967,1089849.6321155457,0.1735499827191233,196764237824.0,
375705,2.5746355056762695,0.002,0.075807437300682,478.0616390053183,1096695.399134854,0.1802799524739384,196850745344.0,
375870,2.5503153800964355,0.002,0.0775917395949363,478.6292390199378,1095394.8427253526,0.1714710379019379,196937252864.0,
376035,2.63291597366333,0.002,0.0808386802673339,479.899728903547,1092494.886792017,0.1871499698609113,197023760384.0,
376200,2.58382511138916,0.002,0.0693847388029098,479.2827389901504,1093901.276529749,0.1829600660130381,197110267904.0,
376365,2.605746269226074,0.002,0.083350621163845,480.7634190656245,1090532.2227281074,0.154700013808906,197196775424.0,
376530,2.654904842376709,0.002,0.0777742713689804,480.57246999815106,1090965.531175802,0.1544399419799447,197283282944.0,
376695,2.5657076835632324,0.002,0.0704699605703353,479.2880400782451,1093889.1776110427,0.1870100386440754,197369790464.0,
376860,2.5451385974884033,0.002,0.075749471783638,479.9222199944779,1092443.6880751897,0.1536500640213489,197456297984.0,
377025,2.591921091079712,0.002,0.0761178061366081,478.1939999666065,1096391.8410448737,0.1803599298000335,197542805504.0,
377190,2.577354907989502,0.002,0.07402865588665,478.82446995936334,1094948.2177560704,0.2056499943137169,197629313024.0,
377355,2.571267604827881,0.002,0.0908378139138221,479.7813799232245,1092764.3754826367,0.1684000017121434,197715820544.0,
377520,2.51747989654541,0.002,0.071764662861824,478.8713399320841,1094841.048692447,0.2004300476983189,197802328064.0,
377685,2.5378189086914062,0.002,0.0897445604205131,478.91397902276367,1094743.571841071,0.1894799061119556,197888835584.0,
377850,2.5166304111480713,0.002,0.0708982124924659,479.915329022333,1092459.3741734847,0.174649991095066,197974818816.0,
378015,2.5465664863586426,0.002,0.0794956013560295,478.18226902745664,1096418.7381232574,0.170759973116219,198061326336.0,
378180,2.5376572608947754,0.002,0.0669040232896804,479.5462399488315,1093300.1999055245,0.1903600059449672,198147833856.0,
378345,2.5417721271514893,0.002,0.0768773108720779,478.2912989612669,1096168.801604016,0.1738000428304076,198234341376.0,
378510,2.5289478302001953,0.002,0.0897486358880996,479.5143320225179,1093372.950478109,0.171059975400567,198320848896.0,
378675,2.5120887756347656,0.002,0.0739760473370552,481.60622094292194,1088623.8117387951,0.1841499470174312,198407356416.0,
378840,2.5776209831237793,0.002,0.0880448818206787,478.8819709792733,1094816.743524245,0.1631700433790683,198493863936.0,
379005,2.5295748710632324,0.002,0.0814090445637703,488.65531000774354,1072919.8870092945,0.1732300734147429,198580371456.0,
379170,2.5435891151428223,0.002,0.0736816003918647,480.42781092226505,1091294.0260338753,0.2097999677062034,198666878976.0,
379335,2.5755646228790283,0.002,0.0642096623778343,482.9593210015446,1085573.8303440327,0.1743900356814265,198753386496.0,
379500,2.5449671745300293,0.002,0.0725428238511085,480.0428219605237,1092169.2316089142,0.221799942664802,198839894016.0,
379665,2.51172399520874,0.002,0.0804352834820747,482.1701509645209,1087350.5938748545,0.2116799587383866,198926401536.0,
379830,2.427619457244873,0.002,0.0716011822223663,1153.012101072818,454711.61968914047,0.1891199499368667,199012909056.0,
379995,2.505650758743286,0.002,0.0871531069278717,478.1789609696716,1096426.323184162,0.1895700115710497,199099416576.0,
380160,2.5500946044921875,0.002,0.0753067135810852,479.07154192216694,1094383.5192055283,0.1802799524739384,199185924096.0,
380325,2.534909725189209,0.002,0.0791682377457618,477.66032500658184,1097616.8053998952,0.1692400546744465,199270858752.0,
380490,2.5834543704986572,0.002,0.0772336646914482,481.38588399160653,1089122.089855758,0.1641900744289159,199357366272.0,
380655,2.5811028480529785,0.002,0.0636271312832832,480.7888350915164,1090474.5737288257,0.1949089346453547,199443873792.0,
380820,2.501532554626465,0.002,0.0865253061056137,479.9385559745133,1092406.503860552,0.1563309924677014,199530381312.0,
380985,2.558692693710327,0.002,0.0737098604440689,488.5073659243062,1073244.819979312,0.1561499666422605,199616888832.0,
381150,2.5917248725891113,0.002,0.0669237747788429,480.4637550842017,1091212.3848095848,0.1516499323770404,199703396352.0,
381315,2.511476755142212,0.002,0.0779503434896469,478.6478549940512,1095352.2397097468,0.1712200464680791,199789903872.0,
381480,2.625175714492798,0.002,0.0770746767520904,480.2947149146348,1091596.4380186535,0.1629299949854612,199876411392.0,
381645,2.5562174320220947,0.002,0.0730450898408889,482.8038950217888,1085923.3022060418,0.1975399209186434,199962918912.0,
381810,2.565122127532959,0.002,0.0775646269321441,481.9783850107342,1087783.220793861,0.1774400006979704,200049426432.0,
381975,2.542999029159546,0.002,0.0704368203878402,477.9236949980259,1097011.9403729618,0.1250699860975146,200135933952.0,
382140,2.539933681488037,0.002,0.0733004361391067,480.0765549298376,1092092.4894501958,0.1636910019442439,200222441472.0,
382305,2.587399959564209,0.002,0.0739409625530242,480.39490496739745,1091368.7771846403,0.2047000452876091,200308948992.0,
382470,2.599574565887451,0.002,0.080824576318264,481.80720093660057,1088169.7056017837,0.1837100135162472,200395456512.0,
382635,2.486794948577881,0.002,0.0671799480915069,480.61828198842704,1090861.5415770316,0.167539925314486,200481964032.0,
382800,2.6005563735961914,0.002,0.0876245647668838,479.80782203376293,1092704.153462315,0.1495700562372803,200567947264.0,
382965,2.5588717460632324,0.002,0.0737146362662315,479.5856630662456,1093210.3279483975,0.1505600521340966,200654454784.0,
383130,2.505300521850586,0.002,0.0783911049365997,1137.24693399854,461015.0920843662,0.1913500018417835,200740962304.0,
383295,2.570128917694092,0.002,0.0801900997757911,479.6237719710916,1093123.4660145254,0.1731099328026175,200827469824.0,
383460,2.553617000579834,0.002,0.0658099949359893,504.37320093624294,1039484.2529832874,0.1729200594127178,200913977344.0,
383625,2.553999423980713,0.002,0.0699371770024299,479.5360220596194,1093323.4957994807,0.1613800413906574,201000484864.0,
383790,2.437830924987793,0.002,0.0771672576665878,481.81407304946333,1088154.1850401207,0.1572499750182032,201086992384.0,
383955,2.6625401973724365,0.002,0.0790335088968277,479.1108419885859,1094293.7501140714,0.1773999538272619,201173499904.0,
384120,2.6084773540496826,0.002,0.077990211546421,481.02860199287534,1089931.030770111,0.1663499278947711,201260007424.0,
384285,2.616060256958008,0.002,0.0677077546715736,480.5575730279088,1090999.350393239,0.158359995111823,201346514944.0,
384450,2.5734238624572754,0.002,0.0768991261720657,479.7767379786819,1092774.9482162178,0.1880089985206723,201433022464.0,
384615,2.519523859024048,0.002,0.0725066885352134,479.0739690652117,1094377.9747061017,0.1853399444371462,201519529984.0,
384780,2.605790615081787,0.002,0.0652784034609794,479.32098899036646,1093813.9827850044,0.1630199840292334,201606037504.0,
384945,2.6314263343811035,0.002,0.071511223912239,481.4449979458004,1088988.3626104735,0.1784799387678504,201692545024.0,
385110,2.4793004989624023,0.002,0.0734408050775528,483.8581479853019,1083557.241276272,0.1803399063646793,201779052544.0,
385275,2.567631244659424,0.002,0.0813983827829361,483.9943889528513,1083252.2276432298,0.1579798990860581,201864511488.0,
385440,2.528461456298828,0.002,0.0685905069112777,479.9954879563302,1092276.934169222,0.2805900294333696,201951019008.0,
385605,2.551849842071533,0.002,0.0741831883788108,480.7491289684549,1090564.6384112367,0.1818999880924821,202037526528.0,
385770,2.622224807739258,0.002,0.0786097422242164,479.54259905964136,1093308.5007006722,0.1914399908855557,202124034048.0,
385935,2.5081300735473633,0.002,0.0830690264701843,479.822807945311,1092670.0259312328,0.1567300641909241,202210541568.0,
386100,2.547783613204956,0.002,0.0775875598192215,483.4065780742094,1084569.4365365354,0.1603200798854231,202297049088.0,
386265,2.5527284145355225,0.002,0.0810345709323883,479.71110907383263,1092924.449909511,0.1645700540393591,202383556608.0,
386430,2.549866199493408,0.002,0.0741555243730545,479.6107190195471,1093153.2161578566,0.1931290607899427,202470064128.0,
386595,2.5356321334838867,0.002,0.0760454386472702,480.3731410065666,1091418.2231367368,0.2169900108128786,202556571648.0,
386760,2.5535378456115723,0.002,0.0920957624912262,480.62937101349235,1090836.3733461518,0.2202900359407067,202643079168.0,
386925,2.5163183212280273,0.002,0.0765156298875808,482.6029920950532,1086375.3615036365,0.2032800111919641,202729586688.0,
387090,2.599055767059326,0.002,0.0900457128882408,491.2230409681797,1067311.498594713,0.1790799433365464,202816094208.0,
387255,2.5265986919403076,0.002,0.0850146040320396,482.3383309412747,1086971.4604204504,0.2054490614682436,202902601728.0,
387420,2.5564236640930176,0.002,0.0677572861313819,479.96977099683136,1092335.4587750928,0.2048800233751535,202989109248.0,
387585,2.577028274536133,0.002,0.0761694088578224,480.2386109950021,1091723.9638723184,0.1670400379225611,203075616768.0,
387750,,,,,,,203161600000.0,
387915,2.5991034507751465,0.002,0.0710515156388282,482.0394420530647,1087645.4378234977,0.2405300037935376,203248107520.0,
388080,2.5582308769226074,0.002,0.0840370282530784,479.9246509792283,1092438.1544691515,0.1977699575945735,203334615040.0,
388245,2.4998440742492676,0.002,0.0782941728830337,479.5644519617781,1093258.680569982,0.2147299237549305,203421122560.0,
388410,2.5640311241149902,0.002,0.078943595290184,480.7763620046899,1090502.8646039916,0.1879699993878603,203507630080.0,
388575,2.5294387340545654,0.002,0.0781289860606193,481.4194909995422,1089046.0602487293,0.1969999866560101,203594137600.0,
388740,2.463215589523315,0.002,0.0811833590269088,482.4916418874636,1086626.0769803862,0.1955199986696243,203680645120.0,
388905,2.553521156311035,0.002,0.0755579844117164,481.3739620149136,1089149.0636623942,0.1710799988359213,203767152640.0,
389070,2.500701665878296,0.002,0.0828982293605804,479.4146519852802,1093600.284907641,0.1996399369090795,203853660160.0,
389235,2.567516803741455,0.002,0.0981264635920524,480.21323198918253,1091781.6608847843,0.2105600433424115,203940167680.0,
389400,2.5253653526306152,0.002,0.0729858353734016,480.5577710503712,1090998.9008273575,0.163670047186315,204026675200.0,
389565,2.5255112648010254,0.002,0.0824961736798286,481.7475409945473,1088304.4652757952,0.2120300196111202,204113182720.0,
389730,2.515054225921631,0.002,0.0852869823575019,480.0949620548636,1092050.617977712,0.1929299905896186,204199690240.0,
389895,2.5952847003936768,0.002,0.0756718143820762,479.4843209674582,1093441.384990736,0.1767600188031792,204286197760.0,
390060,2.5230870246887207,0.002,0.0726568922400474,480.4394419770688,1091267.6066779385,0.136470072902739,204372705280.0,
390225,2.5894436836242676,0.002,0.0727959349751472,479.9962309189141,1092275.2434874184,0.2202900359407067,204459212800.0,
390390,2.622007369995117,0.002,0.0615229234099388,480.5570710450411,1091000.490035158,0.2161700977012515,204544671744.0,
390555,2.521420478820801,0.002,0.085863709449768,479.5680009992793,1093250.589921632,0.1672300277277827,204631179264.0,
390720,2.5436861515045166,0.002,0.0723592117428779,482.98967198934406,1085505.6130715092,0.2032599877566099,204717686784.0,
390885,2.497594833374023,0.002,0.0773600935935974,479.211951023899,1094062.864834214,0.1751099480316043,204804194304.0,
391050,2.5471277236938477,0.002,0.0840745642781257,478.0545199755579,1096711.7307599266,0.1642899587750435,204890701824.0,
391215,2.5629429817199707,0.002,0.0764891430735588,480.6965800235048,1090683.8571107865,0.1429799012839794,204977209344.0,
391380,2.525024652481079,0.002,0.0742779076099395,487.3024999396875,1075898.4410399906,0.1604900462552905,205063716864.0,
391545,2.504929542541504,0.002,0.0744575560092926,486.7175099207088,1077191.5727572895,0.1733199460431933,205150224384.0,
391710,2.6137983798980713,0.002,0.0776953622698783,478.3255800139159,1096090.24042734,0.1775299897417426,205236731904.0,
391875,2.530125141143799,0.002,0.0673699751496315,483.3161300048232,1084772.4035089992,0.1637600362300872,205323239424.0,
392040,2.5187039375305176,0.002,0.0745580643415451,480.3452800260857,1091481.5275618571,0.548489042557776,205409746944.0,
392205,2.5091392993927,0.002,0.0783332511782646,482.3138869833201,1087026.5487879915,0.189230078831315,205496254464.0,
392370,2.5630335807800293,0.002,0.0742012411355972,482.3626669822261,1086916.6208074696,0.2052300842478871,205582761984.0,
392535,2.6298487186431885,0.002,0.0698715671896934,481.7142370156944,1088379.706707565,0.2233199775218963,205669269504.0,
392700,2.6061692237854004,0.002,0.0731277614831924,492.0671760337427,1065480.5391125048,0.2516090171411633,205755777024.0,
392865,2.4948184490203857,0.002,0.0723891407251358,480.36240600049496,1091442.6138490525,0.1814800780266523,205841760256.0,
393030,2.4969444274902344,0.002,0.0766688585281372,483.1550969975069,1085133.9523438895,0.2636699937283993,205928267776.0,
393195,2.5826404094696045,0.002,0.0812835544347763,480.1607970148325,1091900.886660275,0.1821999903768301,206014775296.0,
393360,2.5199577808380127,0.002,0.0707327201962471,479.9877969780937,1092294.4360269397,0.1505899708718061,206101282816.0,
393525,2.5520052909851074,0.002,0.0752081051468849,481.78509599529207,1088219.6322758878,0.176139990799129,206187790336.0,
393690,2.5645833015441895,0.002,0.0718780308961868,480.5231459904462,1091077.5149433154,0.1994699705392122,206274297856.0,
393855,2.584062099456787,0.002,0.0724614858627319,480.99118703976274,1090015.8134428728,0.1567100407555699,206360805376.0,
394020,2.5595409870147705,0.002,0.0873567685484886,481.30445007700473,1089306.3629810992,0.1852200366556644,206447312896.0,
394185,2.517636299133301,0.002,0.0728069990873336,485.360520076938,1080203.2269062414,0.2273500431329012,206533820416.0,
394350,2.5439774990081787,0.002,0.0850472450256347,482.27966006379575,1087103.69400743,0.1540599623695016,206620327936.0,
394515,2.537513494491577,0.002,0.0731445774435997,479.2406799970194,1093997.2792027183,0.1513799652457237,206706835456.0,
394680,2.53066086769104,0.002,0.0703276023268699,480.1645390689373,1091892.3771768324,0.2008599694818258,206793342976.0,
394845,2.492290496826172,0.002,0.0705355405807495,481.1235199449584,1089716.0048629087,0.2392800524830818,206879850496.0,
395010,2.5186879634857178,0.002,0.0606405064463615,480.0472300266847,1092159.2026910686,0.1734400866553187,206966358016.0,
395175,2.5759010314941406,0.002,0.0736255198717117,481.6090109525248,1088617.5052311933,0.209780060686171,207052865536.0,
395340,2.5394067764282227,0.002,0.0672410801053047,501.6138480277732,1045202.4043223212,0.1712499652057886,207138324480.0,
395505,2.568756103515625,0.002,0.0774770453572273,480.77191901393235,1090512.9423434704,0.1649199984967708,207224832000.0,
395670,2.51412582397461,0.002,0.0736279711127281,481.077229953371,1089820.8590142943,0.1602800330147147,207311339520.0,
395835,2.519009590148926,0.002,0.0731658414006233,480.1746000302955,1091869.4990674667,0.1202999847009778,207397847040.0,
396000,2.5645575523376465,0.002,0.0742040947079658,480.1639399956912,1091893.7394688672,0.1717200502753257,207484354560.0,
396165,2.544309616088867,0.002,0.0798973217606544,488.067590049468,1074211.8728819117,0.1627200981602072,207570862080.0,
396330,2.527897834777832,0.002,0.0769199877977371,481.45631002262235,1088962.7762389595,0.1575300702825188,207657369600.0,
396495,2.509193420410156,0.002,0.075140357017517,478.7106040166691,1095208.6617695726,0.1908299745991826,207743877120.0,
396660,2.533754825592041,0.002,0.0747349187731742,481.8218540167436,1088136.612379107,0.1648099860176444,207830384640.0,
396825,2.576627254486084,0.002,0.0819975286722183,481.1440140474588,1089669.5889232983,0.2490200567990541,207916892160.0,
396990,2.565928220748902,0.002,0.0728339403867721,482.2822939604521,1087097.7569891722,0.161119969561696,208003399680.0,
397155,2.50941801071167,0.002,0.0707822069525718,478.65004499908537,1095347.2280588667,0.163579941727221,208089907200.0,
397320,2.558887481689453,0.002,0.0751437172293663,486.88770399894565,1076815.034953389,0.1682910369709134,208176414720.0,
397485,2.5266571044921875,0.002,0.0629618316888809,479.2657750658691,1093939.9958779514,0.1500699436292052,208262922240.0,
397650,2.510291576385498,0.002,0.0739757865667343,481.3309940509498,1089246.290972285,0.1858699833974242,208349429760.0,
397815,2.588979005813598,0.002,0.0765339210629463,480.9725639643147,1090058.018442189,0.2020399551838636,208435412992.0,
397980,2.5395750999450684,0.002,0.0753978192806243,480.49674497451633,1091137.4644750324,0.1656400272622704,208521920512.0,
398145,2.6054399013519287,0.002,0.0765207558870315,482.079048990272,1087556.078402776,0.1918299822136759,208608428032.0,
398310,2.4581947326660156,0.002,0.109616219997406,479.2592700105161,1093954.8440836542,0.1671500504016876,208694935552.0,
398475,2.49520206451416,0.002,0.0704766511917114,480.6038200622425,1090894.3668656235,0.2120499266311526,208781443072.0,
398640,2.6198570728302,0.002,0.0575667433440685,481.18473996873945,1089577.362810925,0.1782110193744301,208867950592.0,
398805,2.400937557220459,0.002,0.0657247379422187,481.10999003984034,1089746.6501507985,0.2335510216653347,208954458112.0,
398970,2.54293441772461,0.002,0.0721569210290908,1588.0766209447756,330140.2420294378,0.173571053892374,209040965632.0,
399135,2.5634310245513916,0.002,0.0778151527047157,480.10638100095093,1092024.6444276306,0.1670109340921044,209127473152.0,
399300,2.5610904693603516,0.002,0.0656067878007888,485.6298399390653,1079604.169434451,0.1889399718493223,209213980672.0,
399465,2.530468702316284,0.002,0.0694338828325271,481.4814900746569,1088905.8267197472,0.1807700609788298,209300488192.0,
399630,2.52937388420105,0.002,0.0747442319989204,481.81630996987224,1088149.1330851451,0.1656101085245609,209386995712.0,
399795,2.5242109298706055,0.002,0.0750809237360954,479.094050009735,1094332.1044987864,0.1811600523069501,209473503232.0,
399960,2.5611538887023926,0.002,0.0672792345285415,479.5045499922708,1093395.2555996624,0.1514299074187874,209560010752.0,
400125,2.49539566040039,0.002,0.0687480270862579,480.8019200572744,1090444.8965959733,0.237050000578165,209646518272.0,
400290,2.6181821823120117,0.002,0.0707796737551689,481.0170700075105,1089957.1609627365,0.2403300022706389,209731452928.0,
400455,2.5457286834716797,0.002,0.0818383544683456,480.27324001304805,1091645.2475798072,0.2109300112351775,209817960448.0,
400620,2.607754707336426,0.002,0.0837226659059524,495.2157600782811,1058706.209021141,0.1854699803516268,209904467968.0,
400785,2.5404605865478516,0.002,0.0641188621520996,479.1761700762436,1094144.5604788286,0.2116690156981349,209990975488.0,
400950,2.589277744293213,0.002,0.087423175573349,479.45809992961586,1093501.1841013115,0.2172000240534544,210077483008.0,
401115,2.585994243621826,0.002,0.0770763903856277,481.00990103557706,1089973.4056850984,0.1965899718925357,210163990528.0,
401280,2.53684663772583,0.002,0.0882309004664421,481.236009974964,1089461.281227221,0.2309600822627544,210250498048.0,
401445,2.5205283164978027,0.002,0.0800815150141716,492.1291099162772,1065346.44961196,0.2222999464720487,210337005568.0,
401610,2.5733330249786377,0.002,0.0790828242897987,480.88948999065906,1090246.3266772246,0.1854600850492715,210423513088.0,
401775,2.5487959384918213,0.002,0.071959912776947,481.0269799781963,1089934.7059987455,0.2166799968108534,210510020608.0,
401940,2.594963550567627,0.002,0.0785563439130783,481.36037995573133,1089179.7950803856,0.1772099640220403,210596528128.0,
402105,2.5304176807403564,0.002,0.0745384916663169,479.3891810113564,1093658.3902330075,0.1909199636429548,210683035648.0,
402270,2.5957608222961426,0.002,0.088707685470581,480.2056699991226,1091798.8536057018,0.2317100297659635,210769543168.0,
402435,2.5747127532958984,0.002,0.070816121995449,480.53835099563,1091042.991498441,0.2412199974060058,210856050688.0,
402600,2.6466197967529297,0.002,0.0757591873407363,481.299870996736,1089316.7266266637,0.1657599350437522,210942558208.0,
402765,2.557117462158203,0.002,0.0668657049536705,480.35454098135233,1091460.4844348775,0.1997801009565591,211028541440.0,
402930,2.5865941047668457,0.002,0.0742174610495567,486.00300098769367,1078775.231705361,0.1928199781104922,211115048960.0,
403095,2.5521273612976074,0.002,0.068882443010807,479.9897709162906,1092289.944010984,0.1765500055626034,211201556480.0,
403260,2.57547664642334,0.002,0.0667406544089317,480.65688100177795,1090773.9402529446,0.1818999880924821,211288064000.0,
403425,2.587798595428467,0.002,0.071109339594841,479.9934619804844,1092281.5444959467,0.2086600288748741,211374571520.0,
403590,2.5460143089294434,0.002,0.0704030767083168,480.3557209670544,1091457.8032806625,0.1814001007005572,211461079040.0,
403755,2.523728132247925,0.002,0.0748348087072372,480.3164709592238,1091546.9939079168,0.3247400745749473,211547586560.0,
403920,2.586211919784546,0.002,0.0667491257190704,479.9355720169842,1092413.295802642,0.1592000480741262,211634094080.0,
404085,2.559484481811523,0.002,0.0739030689001083,480.72331096045673,1090623.2089151316,0.1931400038301944,211720601600.0,
404250,2.526183605194092,0.002,0.0701681971549987,480.3803210379556,1091401.9101931013,0.1514400355517864,211807109120.0,
404415,2.5126681327819824,0.002,0.0710263848304748,483.7548059877008,1083788.7159168187,0.194160034880042,211893616640.0,
404580,2.557374954223633,0.002,0.0794333815574646,481.7399369785562,1088321.6435994543,0.1595900394022464,211980124160.0,
404745,2.5178885459899902,0.002,0.0743380784988403,481.0064759803936,1089981.1669507972,0.1996899954974651,212066631680.0,
404910,2.6383700370788574,0.002,0.0926657170057296,479.25158694852144,1093972.3816841866,0.1672300277277827,212153139200.0,
405075,2.516004800796509,0.002,0.0755077600479126,478.1749859685078,1096435.4376214258,0.1662198919802904,212239646720.0,
405240,2.5607309341430664,0.002,0.0716252699494361,480.8770709205419,1090274.483240294,0.1681599533185362,212326154240.0,
405405,2.5238094329833984,0.002,0.0768489316105842,481.86097003053874,1088048.2807453205,0.212009996175766,212411613184.0,
405570,2.605584144592285,0.002,0.0875709429383277,479.3392410501838,1093772.3330377417,0.1711599761620164,212498120704.0,
405735,2.506432294845581,0.002,0.089058831334114,480.9122799197212,1090194.6610461257,0.1676899846643209,212584628224.0,
405900,2.5908987522125244,0.002,0.0701127499341964,479.1165799833834,1094280.644635974,0.1563699916005134,212671135744.0,
406065,2.5079658031463623,0.002,0.0731094256043434,480.7110409019515,1090651.0468665035,0.1795599237084388,212757643264.0,
406230,2.4709300994873047,0.002,0.072245568037033,480.0034309737384,1092258.859351121,0.1623299904167652,212844150784.0,
406395,2.5463030338287354,0.002,0.070416659116745,481.5271010156721,1088802.683990441,0.1703799935057759,212930658304.0,
406560,2.570847511291504,0.002,0.0678331106901168,481.6004120511934,1088636.94232942,0.1635899534448981,213017165824.0,
406725,2.6304311752319336,0.002,0.0870048180222511,480.9121110010892,1090195.04397304,0.1591400941833853,213103673344.0,
406890,2.57435941696167,0.002,0.0700848028063774,478.579881018959,1095507.8155055796,0.165009987540543,213190180864.0,
407055,2.562783718109131,0.002,0.0746967792510986,480.90512200724334,1090210.8877769515,0.1671799691393971,213276688384.0,
407220,2.414287567138672,0.002,0.108191467821598,483.1823610002175,1085072.7226769852,0.1575800124555826,213363195904.0,
407385,2.5337352752685547,0.002,0.0647683143615722,481.2319721095264,1089470.4225526275,0.1403799979016184,213449703424.0,
407550,2.55383825302124,0.002,0.0775944739580154,513.8352488866076,1020342.6120260176,0.1458401093259453,213536210944.0,
407715,2.514930248260498,0.002,0.0800120830535888,478.72231202200055,1095181.8764944165,0.1683200243860483,213622718464.0,
407880,2.6203012466430664,0.002,0.0741338655352592,479.43621093872935,1093551.1086520802,0.1782700419425964,213708701696.0,
408045,2.5160164833068848,0.002,0.0725510865449905,477.7368310606107,1097441.0301086528,0.1572200562804937,213795209216.0,
408210,2.5695271492004395,0.002,0.0775664672255516,501.5557889128104,1045323.3949038148,0.1711489167064428,213881716736.0,
408375,2.5318355560302734,0.002,0.0770346671342849,481.21320095378906,1089512.9205949348,0.2158599672839045,213968224256.0,
408540,2.533644437789917,0.002,0.0658309608697891,480.3364709950983,1091501.5445607298,0.1584899146109819,214054731776.0,
408705,2.529496908187866,0.002,0.0723069161176681,480.82091100513935,1090401.8273747584,0.1908600097522139,214141239296.0,
408870,2.557603120803833,0.002,0.0795743763446807,482.2942219907418,1087070.871046148,0.2260699402540922,214227746816.0,
409035,2.547178268432617,0.002,0.0731289312243461,482.3724910384044,1086894.4845328224,0.1937799388542771,214314254336.0,
409200,2.557649850845337,0.002,0.0733520686626434,482.0217810338363,1087685.288568312,0.1869500847533345,214400761856.0,
409365,2.483485221862793,0.002,0.0743022635579109,482.006580918096,1087719.5888101133,0.2080999547615647,214487269376.0,
409530,2.587120056152344,0.002,0.094141699373722,478.9690410252661,1094617.7207564933,0.1729200594127178,214573776896.0,
409695,2.5174248218536377,0.002,0.0831947550177574,479.79999193921685,1092721.985844508,0.2128910273313522,214660284416.0,
409860,2.534160614013672,0.002,0.0755706503987312,482.10812103934586,1087490.4966747318,0.2257599262520671,214746791936.0,
410025,2.595675230026245,0.002,0.0716643631458282,481.72589007299393,1088353.3785584096,0.1752699026837945,214833299456.0,
410190,2.5380091667175293,0.002,0.0740925893187522,478.65757206454873,1095330.0033229138,0.1409900141879916,214919806976.0,
410355,2.5721752643585205,0.002,0.0723746567964553,482.33733198139817,1086973.711626824,0.2001599641516804,215005265920.0,
410520,2.5336790084838867,0.002,0.0835664346814155,479.3611520435661,1093722.3380845657,0.1934199826791882,215091773440.0,
410685,2.616267442703247,0.002,0.0792130455374717,485.1813920540735,1080602.0358290412,0.2110500354319811,215178280960.0,
410850,2.5439975261688232,0.002,0.075991004705429,481.29235091619194,1089333.7469460324,0.4829600220546126,215264788480.0,
411015,2.5656282901763916,0.002,0.0892263427376747,479.6890519792214,1092974.7048358954,0.2111800713464617,215351296000.0,
411180,2.503241062164306,0.002,0.0668888986110687,480.1689620362595,1091882.3194582262,0.2158699790015816,215437803520.0,
411345,2.587712526321411,0.002,0.0719806477427482,480.1347019383684,1091960.2309172382,0.1859000185504555,215524311040.0,
411510,2.5557618141174316,0.002,0.0695144981145858,478.9259940152988,1094716.1076064962,0.2031899057328701,215610818560.0,
411675,2.5516040325164795,0.002,0.0675318390130996,479.980833013542,1092310.283950876,0.1749000512063503,215697326080.0,
411840,2.525068759918213,0.002,0.0862606689333915,481.4506530528888,1088975.5713809475,0.1894300803542137,215783833600.0,
412005,2.578510046005249,0.002,0.0716357380151748,480.1207330310717,1091992.001032936,0.2114800736308097,215870341120.0,
412170,2.5311198234558105,0.002,0.0726381614804267,481.17921396624297,1089589.8758352876,0.1714599784463644,215956848640.0,
412335,2.5419230461120605,0.002,0.0792971402406692,481.1912929872051,1089562.5245944357,0.2128699561581015,216043356160.0,
412500,2.569838523864746,0.002,0.0676168948411941,482.8510730294511,1085817.199722825,0.1853300491347909,216129863680.0,
412665,2.5134549140930176,0.002,0.0829249396920204,478.7671029334888,1095079.4170852525,0.1843000063672661,216216371200.0,
412830,2.57305908203125,0.002,0.0636796802282333,481.9779349491,1087784.2365447043,0.1776200952008366,216302354432.0,
412995,2.5970306396484375,0.002,0.0748948380351066,478.69367501698434,1095247.3938190178,0.1643500290811061,216388861952.0,
413160,2.400094509124756,0.002,0.1146503835916519,479.87945505883545,1092541.0422826288,0.1661600545048713,216475369472.0,
413325,2.464445114135742,0.002,0.0685542523860931,480.4001050069928,1091356.9637799482,0.1943500246852636,216561876992.0,
413490,2.5205931663513184,0.002,0.0770156383514404,479.9326660577208,1092419.910289967,0.1739299623295664,216648384512.0,
413655,2.486938953399658,0.002,0.0898878499865531,481.85078508686274,1088071.2789655144,0.1959599321708083,216734892032.0,
413820,2.556663990020752,0.002,0.0863121822476387,480.6199560407549,1090857.7419859408,0.2056499943137169,216821399552.0,
413985,2.61142897605896,0.002,0.0767843946814537,480.5009649135173,1091127.8816981434,0.2145700855180621,216907907072.0,
414150,2.4730887413024902,0.002,0.0786428824067115,480.89641507249326,1090230.6267368735,0.2020489191636443,216994414592.0,
414315,2.532322645187378,0.002,0.0759163871407508,481.9137160666287,1087929.19255179,0.1937700435519218,217080922112.0,
414480,2.521517753601074,0.002,0.0658923611044883,480.7762660784647,1090503.0821850805,0.190870021469891,217167429632.0,
414645,2.5387940406799316,0.002,0.0780021846294403,480.8425749652088,1090352.7002323675,0.2143800957128405,217253937152.0,
414810,2.5744211673736572,0.002,0.0728734210133552,486.1710999393836,1078402.2334222847,0.1768600195646286,217340444672.0,
414975,2.5897860527038574,0.002,0.0769737213850021,481.2681310577318,1089388.5677568533,0.1816089497879147,217426952192.0,
415140,2.608891010284424,0.002,0.0867453813552856,479.8256609356031,1092663.5290361517,0.183320022188127,217513459712.0,
415305,2.5875515937805176,0.002,0.0639573037624359,481.1697209952399,1089611.3722941154,0.2087099710479378,217598918656.0,
415470,2.516268253326416,0.002,0.0807270482182502,481.57361103221774,1088697.528247503,0.2239700406789779,217685426176.0,
415635,2.5243899822235107,0.002,0.0749877393245697,481.66671104263514,1088487.0969494758,0.2025000285357237,217771933696.0,
415800,2.571432590484619,0.002,0.0759279951453208,481.3828309997916,1089128.9972081014,0.2047900343313813,217858441216.0,
415965,2.564633369445801,0.002,0.0663960203528404,481.0774009674787,1089820.4716031596,0.2080400008708238,217944948736.0,
416130,2.5538253784179688,0.002,0.0789118036627769,481.9122109329328,1087932.590429763,0.1820999896153807,218031456256.0,
416295,2.5821454524993896,0.002,0.0804493501782417,481.6647809930146,1088491.4585598558,0.2011199248954653,218117963776.0,
416460,2.6118969917297363,0.002,0.078105017542839,479.2429819935933,1093992.0242942837,0.1948199933394789,218204471296.0,
416625,2.560373306274414,0.002,0.0772285312414169,480.5755210109055,1090958.6050016528,0.1960790250450372,218290978816.0,
416790,2.5392937660217285,0.002,0.0663991123437881,481.4383799675852,1089003.3321300638,0.2035399666056037,218377486336.0,
416955,2.5997467041015625,0.002,0.074069820344448,494.81280997861177,1059568.3648987631,0.2096400130540132,218463993856.0,
417120,2.5274009704589844,0.002,0.078739158809185,479.6548410085961,1093052.6603203907,0.1886399695649743,218550501376.0,
417285,2.537105083465576,0.002,0.0709498673677444,479.441381059587,1093539.3161960696,0.1918900525197386,218637008896.0,
417450,2.5396888256073,0.002,0.073554016649723,478.6779510322958,1095283.3713550908,0.184129923582077,218723516416.0,
417615,2.571686267852783,0.002,0.0907089412212371,480.7052710093558,1090664.137922041,0.1461000647395849,218810023936.0,
417780,2.5800020694732666,0.002,0.0724940150976181,495.98296999465674,1057068.552183653,0.1934890169650316,218896007168.0,
417945,2.4401631355285645,0.002,0.0751515477895736,479.0412799920887,1094452.6534511985,0.172099913470447,218982514688.0,
418110,2.5286779403686523,0.002,0.0725611522793769,481.4508219715208,1088975.1893102245,0.1824999926611781,219069022208.0,
418275,2.579956531524658,0.002,0.067817285656929,481.361712096259,1089176.7808386823,0.4083600360900163,219155529728.0,
418440,2.4858334064483643,0.002,0.0688460022211074,481.6976420115679,1088417.2025641953,0.2063799183815717,219242037248.0,
418605,2.512955665588379,0.002,0.0694601908326149,479.52712106052786,1093343.7901082183,0.2027099253609776,219328544768.0,
418770,2.525920152664185,0.002,0.0694117173552513,479.7173319384456,1092910.272558744,0.1940199872478842,219415052288.0,
418935,2.5890402793884277,0.002,0.0725043714046478,480.47833202872425,1091179.279170193,0.2199308946728706,219501559808.0,
419100,2.5472772121429443,0.002,0.0807115659117698,481.62615101318806,1088578.763626238,0.1962799578905105,219588067328.0,
419265,2.513665199279785,0.002,0.077146790921688,479.25050102639943,1093974.860489754,0.1772599061951041,219674574848.0,
419430,2.518989086151123,0.002,0.0789196863770484,480.08106101769954,1092082.2389631208,0.202600029297173,219761082368.0,
419595,2.6106889247894287,0.002,0.0762380436062812,480.5614519864321,1090990.5441496011,0.1898800255730748,219847589888.0,
419760,2.5861666202545166,0.002,0.0805919244885444,480.4042610339821,1091347.5223378874,0.2127800835296511,219934097408.0,
419925,2.5177688598632812,0.002,0.0727499574422836,479.3799910694361,1093679.356183348,0.1949099823832512,220020604928.0,
420090,2.576707601547241,0.002,0.0685832723975181,480.6222510524094,1090852.5330485147,0.197820016182959,220107112448.0,
420255,2.619574546813965,0.002,0.0678566992282867,480.3921409184113,1091375.0566311695,0.1888100523501634,220193619968.0,
420420,2.5572495460510254,0.002,0.0918402075767517,484.25883206073195,1082660.687403318,0.180169939994812,220278554624.0,
420585,2.532741069793701,0.002,0.0752331689000129,479.8159520141781,1092685.6387311355,0.1870999112725258,220365062144.0,
420750,2.5822763442993164,0.002,0.0806204751133918,479.62121199816465,1093129.3005489637,0.1866900129243731,220451569664.0,
420915,2.5929055213928223,0.002,0.0699171051383018,498.956419993192,1050769.1232976897,0.1985799754038453,220538077184.0,
421080,2.5533180236816406,0.002,0.0770076513290405,482.1101230336353,1087485.9807982545,0.1887099351733923,220624584704.0,
421245,2.6293864250183105,0.002,0.0739287361502647,500.05802093073726,1048454.3354072483,0.1721199369058013,220711092224.0,
421410,2.571135997772217,0.002,0.0725595578551292,480.0965420436114,1092047.0240595366,0.1965099945664405,220797599744.0,
421575,2.578463554382324,0.002,0.0656721964478492,480.5259519489482,1091071.1437614532,0.263730064034462,220884107264.0,
421740,2.585543394088745,0.002,0.0693560093641281,483.50676195696,1084344.7108743233,0.1837400486692786,220970614784.0,
421905,2.524077892303467,0.002,0.0886361375451088,479.00826192926615,1094528.0941259009,0.1763099571689963,221057122304.0,
422070,2.5541601181030273,0.002,0.0725117027759552,480.3118819836527,1091557.4227202733,0.1682109432294964,221143629824.0,
422235,2.508423328399658,0.002,0.0798778086900711,481.2167020281777,1089504.9938838163,0.1819500466808676,221230137344.0,
422400,2.556057929992676,0.002,0.0618211887776851,479.04451203066856,1094445.2693499073,0.1903600059449672,221316644864.0,
422565,2.5647459030151367,0.002,0.0719552114605903,480.824152007699,1090394.4775045433,0.2221890026703477,221403152384.0,
422730,2.55396032333374,0.002,0.0753911957144737,479.7664609504864,1092798.3564364004,0.1853900030255317,221489659904.0,
422895,2.580258846282959,0.002,0.0803714022040367,480.4600819479674,1091220.7271712096,0.1770509406924247,221575643136.0,
423060,2.607797861099243,0.002,0.0762125253677368,480.974311940372,1090054.0569097956,0.2307799877598881,221662150656.0,
423225,2.550238609313965,0.002,0.0737215876579284,478.640012908727,1095370.1860692073,0.1804999774321913,221748658176.0,
423390,2.479193210601806,0.002,0.0819191858172416,482.4373519513756,1086748.3578527777,0.2078000688925385,221835165696.0,
423555,2.5728371143341064,0.002,0.078152410686016,480.0889629404992,1092064.2640663637,0.2055100630968809,221921673216.0,
423720,2.6223254203796387,0.002,0.074434220790863,478.12200197950006,1096556.941176866,0.1948799472302198,222008180736.0,
423885,2.5960161685943604,0.002,0.0760625004768371,481.2186419731006,1089500.601743743,0.1972090685740113,222094688256.0,
424050,2.5219640731811523,0.002,0.0845368653535842,480.74212193023413,1090580.5338939808,0.1930699218064546,222181195776.0,
424215,2.601217269897461,0.002,0.0840827822685241,479.5894919661805,1093201.6000821209,0.1807200023904442,222267703296.0,
424380,2.563826560974121,0.002,0.0814433470368385,481.5420719096437,1088768.833678103,0.2135899849236011,222354210816.0,
424545,2.5507972240448,0.002,0.0712739825248718,501.73622998408973,1044947.4617701524,0.253709964454174,222440718336.0,
424710,2.5898241996765137,0.002,0.0879865363240242,480.9460809919983,1090118.041753464,0.1779489684849977,222527225856.0,
424875,2.5251879692077637,0.002,0.0853823348879814,480.251812026836,1091693.954859463,0.1898600021377205,222613733376.0,
425040,2.6137940883636475,0.002,0.0782615393400192,482.3326430050656,1086984.2785956615,0.1758299767971038,222700240896.0,
425205,2.5403878688812256,0.002,0.0838089659810066,490.5076210852712,1068868.204004635,0.1810099929571151,222786748416.0,
425370,2.5653743743896484,0.002,0.0854206457734108,481.44186299759895,1088995.453647567,0.1608090242370963,222872207360.0,
425535,2.6151437759399414,0.002,0.0779353529214859,480.7916430290789,1090468.205097921,0.1597700174897909,222958714880.0,
425700,2.5804200172424316,0.002,0.0797625109553337,480.91496306005865,1090188.578587697,0.1612799242138862,223045222400.0,
425865,2.533717632293701,0.002,0.0828548073768615,480.5175820365548,1091090.148622523,0.1630299957469105,223131729920.0,
426030,2.4766886234283447,0.002,0.0816769450902938,483.3127020392567,1084780.0974148929,0.1843400532379746,223218237440.0,
426195,2.5009875297546387,0.002,0.0786416456103324,480.7099560275674,1090653.5082662893,0.1780000748112797,223304744960.0,
426360,2.556116819381714,0.002,0.0744445845484733,481.0260370140895,1089936.8426176135,0.1630400074645877,223391252480.0,
426525,2.578376531600952,0.002,0.0701489076018333,481.64611600805074,1088533.6403112125,0.1844000071287155,223477760000.0,
426690,2.5902886390686035,0.002,0.0655188262462616,479.9436869798228,1092394.8251079745,0.156190013512969,223564267520.0,
426855,2.5219342708587646,0.002,0.0755031555891037,483.2069269614294,1085017.5582061757,0.1695200335234403,223650775040.0,
427020,2.5868327617645264,0.002,0.0795476287603378,481.0585560044274,1089863.164174082,0.1929199788719415,223737282560.0,
427185,2.590728521347046,0.002,0.0791067332029342,481.2779149506241,1089366.42158988,0.2287100069224834,223823790080.0,
427350,2.514009475708008,0.002,0.0860292166471481,481.60938604269177,1088616.657386999,0.1671600621193647,223910297600.0,
427515,2.5365679264068604,0.002,0.0783199295401573,482.2466770419851,1087178.045924316,0.2047000452876091,223996805120.0,
427680,2.5545568466186523,0.002,0.0926603600382804,481.5225660568103,1088812.938287391,0.176900066435337,224083312640.0,
427845,2.5185904502868652,0.002,0.0701626390218734,481.19539697654545,1089553.232001417,0.1602600095793604,224169295872.0,
428010,2.50362491607666,0.002,0.0966933444142341,481.01091594435275,1089971.1058961786,0.1792489783838391,224255803392.0,
428175,2.6127614974975586,0.002,0.067694678902626,481.5337809268385,1088787.579951026,0.1666400348767638,224342310912.0,
428340,2.580604076385498,0.002,0.0709286108613014,481.13901109900326,1089680.919454935,0.1605600118637085,224428818432.0,
428505,2.5690934658050537,0.002,0.0806765332818031,480.2199909463525,1091766.2943743852,0.1601289259269833,224515325952.0,
428670,2.53615140914917,0.002,0.0698714107275009,480.8660509297624,1090299.4690231937,0.1636699307709932,224601833472.0,
428835,2.6110916137695312,0.002,0.0820906311273574,478.97254093550146,1094609.7222525345,0.1618399983271956,224688340992.0,
429000,2.54036283493042,0.002,0.0704285874962806,478.6725010490045,1095295.8418355552,0.1799800666049122,224774848512.0,
429165,2.595484972000122,0.002,0.0969699472188949,479.4574800180271,1093502.5979369166,0.1689789351075887,224861356032.0,
429330,2.499134063720703,0.002,0.0730242952704429,480.2318699657917,1091739.2884344526,0.2206700155511498,224947863552.0,
429495,2.548717498779297,0.002,0.0782241374254226,478.9280609693378,1094711.3830391455,0.1521899830549955,225034371072.0,
429660,2.4907493591308594,0.002,0.0783714205026626,481.5169610083103,1088825.6125020518,0.1600090181455016,225120878592.0,
429825,2.6432807445526123,0.002,0.0688011646270752,487.67193988896906,1075083.3851940867,0.1903899246826768,225207386112.0,
429990,2.5104010105133057,0.002,0.0716595873236656,480.4160309722647,1091320.7849016765,0.2118890406563878,225293893632.0,
430155,2.5342841148376465,0.002,0.0838734805583953,481.1460410710424,1089664.9982465252,0.1805999781936407,225380401152.0,
430320,2.511054515838623,0.002,0.0717887058854103,479.981521028094,1092308.7182127428,0.238909968174994,225465860096.0,
430485,2.48677396774292,0.002,0.0781711041927337,479.704579920508,1092939.3254633506,0.2112799556925892,225552367616.0,
430650,2.5526771545410156,0.002,0.071509800851345,480.61274108476937,1090874.1179367262,0.2043199492618441,225638875136.0,
430815,2.610840320587158,0.002,0.083738587796688,479.9375010188669,1092408.905090727,0.177179928869009,225725382656.0,
430980,2.5252835750579834,0.002,0.0772200003266334,480.075720930472,1092094.3866601642,0.193260028026998,225811890176.0,
431145,2.584686756134033,0.002,0.2118403911590576,480.0095009850338,1092245.047075322,0.2415799535810947,225898397696.0,
431310,2.5252161026000977,0.002,0.0778109580278396,481.3674109755084,1089163.886141589,0.197250978089869,225984905216.0,
431475,2.5258946418762207,0.002,0.0825349316000938,479.72489008679986,1092893.0535689674,0.2209700178354978,226071412736.0,
431640,2.492605686187744,0.002,0.077803649008274,480.68494093604386,1090710.2664357394,0.2324898960068822,226157920256.0,
431805,2.5856478214263916,0.002,0.083483800292015,480.03257100936025,1092192.5545543383,0.1983309630304575,226244427776.0,
431970,2.580789089202881,0.002,0.0737868174910545,480.9597210260108,1090087.1259688002,0.2021200489252805,226330935296.0,
432135,2.560533285140991,0.002,0.0707086324691772,480.32031091861427,1091538.267447607,0.1995100174099207,226417442816.0,
432300,2.5590932369232178,0.002,0.0797018110752105,510.9336789464578,1026137.0929414532,0.4545699339359998,226503950336.0,
432465,2.562777519226074,0.002,0.0875649452209472,481.7709519993514,1088251.5805990433,0.2117400290444493,226590457856.0,
432630,2.5105810165405273,0.002,0.0827856957912445,479.60307204630226,1093170.6458072558,0.2164499601349234,226676965376.0,
432795,2.459042549133301,0.002,0.0829462930560112,479.2086720699445,1094070.350887715,0.1742899185046553,226762948608.0,
432960,2.5349597930908203,0.002,0.0794915035367012,483.57463197316974,1084192.5223841956,0.1827400410547852,226849456128.0,
433125,2.5303735733032227,0.002,0.0780443325638771,481.22041195165366,1089496.5944476046,0.2579300198704004,226935963648.0,
433290,2.5936789512634277,0.002,0.0705726891756057,480.05721194203943,1092136.493229688,0.1844799844548106,227022471168.0,
433455,2.603216648101806,0.002,0.0814807191491127,480.7255220366642,1090618.1926409418,0.244069960899651,227108978688.0,
433620,2.5688211917877197,0.002,0.0656991675496101,480.2823520731181,1091624.5365604907,0.2180800074711442,227195486208.0,
433785,2.5651328563690186,0.002,0.0910285264253616,480.755211901851,1090550.8396381908,0.2110700588673353,227281993728.0,
433950,2.5761830806732178,0.002,0.0913492366671562,481.0584509978071,1089863.4020720904,0.190200051292777,227368501248.0,
434115,2.531083106994629,0.002,0.0849634483456611,480.62877205666155,1090837.73274021,0.2206000499427318,227455008768.0,
434280,2.5117883682250977,0.002,0.0779752135276794,480.6614720728248,1090763.5216507749,0.2042290288954973,227541516288.0,
434445,2.5196328163146973,0.002,0.0719803348183631,480.714182020165,1090643.9202536512,0.2692400012165308,227628023808.0,
434610,2.568333148956299,0.002,0.075510673224926,481.3601500354707,1089180.3153239128,0.2046000445261597,227714531328.0,
434775,2.548545837402344,0.002,0.0708204954862594,480.02237104810774,1092215.76247632,0.187649973668158,227801038848.0,
434940,2.58194899559021,0.002,0.0693686753511428,480.511540081352,1091103.867997086,0.2027290174737572,227887546368.0,
435105,2.555802345275879,0.002,0.081675685942173,480.0794010516256,1092086.0150457078,0.2344300737604499,227974053888.0,
435270,2.486537456512451,0.002,0.0674129948019981,479.4925800524652,1093422.550861232,0.1722599845379591,228060561408.0,
435435,2.5922396183013916,0.002,0.0783485993742942,1101.049233111553,476171.2594071456,0.2282400382682681,228146020352.0,
435600,2.5138039588928223,0.002,0.0773893147706985,478.87551109306514,1094831.512271901,0.2185699995607137,228232527872.0,
435765,2.565938949584961,0.002,0.0804645344614982,480.7425109902397,1090579.65129829,0.1958300126716494,228319035392.0,
435930,2.50639009475708,0.002,0.0763476565480232,479.652110952884,1093058.8816933208,0.1781110186129808,228405542912.0,
436095,2.541902542114258,0.002,0.0775500535964965,480.1552810240537,1091913.4303424135,0.2109600463882088,228492050432.0,
436260,2.677464008331299,0.002,0.0690994337201118,480.76419008430094,1090530.4738026916,0.1908399863168597,228578557952.0,
436425,2.5564680099487305,0.002,0.076391264796257,481.60262999590486,1088631.9287842305,0.2018900122493505,228665065472.0,
436590,2.569392204284668,0.002,0.0692000687122345,480.3428211016581,1091487.1149683355,0.591200077906251,228751572992.0,
436755,2.5976197719573975,0.002,0.0686733722686767,480.13269098009914,1091964.8044163922,0.1920800423249602,228838080512.0,
436920,2.515873432159424,0.002,0.0646958500146865,481.35127092245966,1089200.4065871823,0.2182400785386562,228924588032.0,
437085,2.530698299407959,0.002,0.0758637934923172,480.3495410596952,1091471.8453636337,0.2050399780273437,229011095552.0,
437250,2.587466239929199,0.002,0.0751176699995994,480.7281099492684,1090612.3214956757,0.2376909833401441,229097603072.0,
437415,2.53973126411438,0.002,0.0754638388752937,479.4495600508526,1093520.661369241,0.209110090509057,229184110592.0,
437580,2.5494422912597656,0.002,0.0755456015467643,480.0560709554702,1092139.0889953617,0.2178499707952141,229270618112.0,
437745,2.513011693954468,0.002,0.0868320316076278,480.4803809383884,1091174.626060807,0.184370088391006,229357125632.0,
437910,2.526869297027588,0.002,0.0721980854868888,480.1733309868723,1091872.3847541916,0.2090689959004521,229443108864.0,
438075,2.4959709644317627,0.002,0.0665554329752922,480.1691109314561,1091881.9808774453,0.1845300430431962,229529616384.0,
438240,2.614189386367798,0.002,0.0729814544320106,479.9601010745391,1092357.4664356874,0.191309954971075,229616123904.0,
438405,2.6017305850982666,0.002,0.0659009888768196,480.2312009269371,1091740.8094018565,0.1825900981202721,229702631424.0,
438570,2.5775606632232666,0.002,0.0748943015933036,480.6548310443759,1090778.5923233458,0.1970300218090415,229789138944.0,
438735,2.4789156913757324,0.002,0.0818580985069274,481.2904810532927,1089337.9791194047,0.1803199993446469,229875646464.0,
438900,2.5165061950683594,0.002,0.0704511031508445,483.4527609637007,1084465.830653029,0.1697699772194028,229962153984.0,
439065,2.6046347618103027,0.002,0.073562815785408,489.9997999891639,1069975.94695262,0.1869299449026584,230048661504.0,
439230,2.62782621383667,0.002,0.0726876258850097,481.7740609869361,1088244.5578866827,0.1952599268406629,230135169024.0,
439395,2.4815783500671387,0.002,0.069020390510559,481.1773709952831,1089594.049104066,0.1898399787023663,230221676544.0,
439560,2.4501237869262695,0.002,0.0824547857046127,479.0793909924105,1094365.5892062902,0.197289977222681,230308184064.0,
439725,2.528792381286621,0.002,0.069278284907341,481.4814609708265,1088905.8925402055,0.1624099677428603,230394691584.0,
439890,2.5616841316223145,0.002,0.0792290493845939,482.4006110429764,1086831.12748647,0.1968799624592065,230481199104.0,
440055,2.526301383972168,0.002,0.0767644345760345,480.19330098759383,1091826.9765982125,0.1735499827191233,230567706624.0,
440220,2.586585521697998,0.002,0.0791991874575614,481.33520199917257,1089236.7685189608,0.1615090295672416,230654214144.0,
440385,2.558140993118286,0.002,0.0776724368333816,483.7052209768444,1083899.8159689046,0.1808400265872478,230739148800.0,
440550,2.571005344390869,0.002,0.0690513923764228,480.00992101151496,1092244.0913204018,0.2249199897050857,230825656320.0,
440715,2.604391098022461,0.002,0.0693632811307907,480.0799200311303,1092084.8344709002,0.2199200680479407,230912163840.0,
440880,2.543968439102173,0.002,0.0696689039468765,481.4990309532732,1088866.158176919,0.1986300339922309,230998671360.0,
441045,2.652881622314453,0.002,0.071658544242382,479.76355091668665,1092804.9848685677,0.2170100342482328,231085178880.0,
441210,2.540125608444214,0.002,0.072842352092266,483.36651106365025,1084659.3382034304,0.2055000513792038,231171686400.0,
441375,2.48587965965271,0.002,0.0859326869249343,512.0982090011239,1023803.6196663388,0.2106699394062161,231258193920.0,
441540,2.6565680503845215,0.002,0.089399941265583,479.8513710265979,1092604.984910919,0.1951799495145678,231344701440.0,
441705,2.5260417461395264,0.002,0.0809946358203888,483.04550000466406,1085380.1556891385,0.193490064702928,231431208960.0,
441870,2.5934994220733643,0.002,0.0741104707121849,483.2030610414222,1085026.23901022,0.2008200390264392,231517716480.0,
442035,2.5420589447021484,0.002,0.0780183747410774,479.6910210279748,1092970.218363592,0.2261099871248006,231604224000.0,
442200,2.6206088066101074,0.002,0.0634528771042823,479.7198510495946,1092904.5334540426,0.2483599819242954,231690731520.0,
442365,2.5708630084991455,0.002,0.0748712942004203,479.1597210569307,1094182.1212424226,0.1779199810698628,231777239040.0,
442530,2.5004401206970215,0.002,0.0777709484100341,479.91790995001793,1092453.4990882152,0.1981500536203384,231863746560.0,
442695,2.58410120010376,0.002,0.0837742462754249,480.4889520164579,1091155.1614240692,0.2133799716830253,231950254080.0,
442860,2.6061441898345947,0.002,0.0708488076925277,482.8800510149449,1085752.0390374826,0.2198100555688142,232036237312.0,
443025,2.553852081298828,0.002,0.0706688985228538,480.1861511077732,1091843.233692778,0.216939952224493,232122744832.0,
443190,2.5957396030426025,0.002,0.0747405141592025,482.2652420261875,1087136.1945912964,0.2220090245828032,232209252352.0,
443355,2.5110111236572266,0.002,0.0805120468139648,482.47115104459226,1086672.2266499675,0.1890489365905523,232295759872.0,
443520,2.5274789333343506,0.002,0.0806657969951629,480.06033105775714,1092129.3972463675,0.2171599771827459,232382267392.0,
443685,2.558098554611206,0.002,0.0820071697235107,485.1744010811672,1080617.606435277,0.2356800250709056,232468774912.0,
443850,2.534649133682251,0.002,0.0697345733642578,482.3735610116273,1086892.0736461391,0.1958900829777121,232555282432.0,
444015,2.515695571899414,0.002,0.0702865868806839,481.6399819683283,1088547.5035884294,0.1864000223577022,232641789952.0,
444180,2.564469814300537,0.002,0.0763218626379966,483.013549936004,1085451.950715388,0.2663800260052085,232728297472.0,
444345,2.584665298461914,0.002,0.0797015577554702,480.9173110406846,1090183.2559644466,0.1667799660935998,232814804992.0,
444510,2.468529224395752,0.002,0.0764457359910011,480.73483095504344,1090597.073980332,0.20499003585428,232901312512.0,
444675,2.5407443046569824,0.002,0.0865926742553711,480.9955800883472,1090005.8580656834,0.2086089225485921,232987820032.0,
444840,2.5617635250091553,0.002,0.079585313796997,481.9079100852832,1087942.299820762,0.2022699918597936,233074327552.0,
445005,2.568851947784424,0.002,0.070024773478508,481.2072600470856,1089526.3715445586,0.2364401007071137,233160835072.0,
445170,2.4483375549316406,0.002,0.0727281719446182,481.190740945749,1089563.7745845777,0.190409948118031,233247342592.0,
445335,2.5195488929748535,0.002,0.0766890868544578,480.09234003257006,1092056.5822075638,0.2119509736075997,233332801536.0,
445500,2.534632444381714,0.002,0.083630122244358,496.75756006035954,1055420.2736970834,0.1831799745559692,233419309056.0,
445665,2.5922718048095703,0.002,0.0879520699381828,482.0847900118679,1087543.1269820672,0.1904509263113141,233505816576.0,
445830,2.5391101837158203,0.002,0.0769079700112342,481.3099700259045,1089293.87016808,0.206190044991672,233592324096.0,
445995,2.539612293243408,0.002,0.0783933922648429,479.1046619648114,1094307.865529614,0.2117999829351902,233678831616.0,
446160,2.5409765243530273,0.002,0.0828021317720413,479.3202109867707,1093815.7581977495,0.2133500529453158,233765339136.0,
446325,2.6358046531677246,0.002,0.0822959169745445,479.9069310538471,1092478.4912955826,0.2006089780479669,233851846656.0,
446490,2.531857490539551,0.002,0.0661238878965377,485.8992010122165,1079005.684528422,0.1762199681252241,233938354176.0,
446655,2.5250253677368164,0.002,0.0776979029178619,480.5542799877003,1091006.826561651,0.1872109714895486,234024861696.0,
446820,2.5220329761505127,0.002,0.0785221979022026,493.60673991031945,1062157.2956950604,0.2485499717295169,234111369216.0,
446985,2.6038448810577393,0.002,0.0796201229095459,481.2803709646687,1089360.8624617865,0.1767299836501479,234197876736.0,
447150,2.535022735595703,0.002,0.0802714079618454,480.6756410980597,1090731.36887551,0.1882599899545312,234284384256.0,
447315,2.5384621620178223,0.002,0.0703587010502815,479.093031026423,1094334.4320345258,0.1949199941009283,234370891776.0,
447480,2.5343165397644043,0.002,0.077657051384449,479.36887096147984,1093704.7266928805,0.1865200465545058,234457399296.0,
447645,2.539681911468506,0.002,0.0642870143055915,480.01662001479417,1092228.8482091336,0.2297100145369768,234543906816.0,
447810,2.565702438354492,0.002,0.0660308450460434,479.96303101535887,1092350.7981247471,0.1881599891930818,234629890048.0,
447975,2.5071053504943848,0.002,0.0641189515590667,480.3328509442508,1091509.7707128318,0.1895199529826641,234716397568.0,
448140,2.5991196632385254,0.002,0.070595271885395,481.44860100001097,1088980.212863861,0.1697199186310172,234802905088.0,
448305,2.635636806488037,0.002,0.0741429254412651,479.1058810660616,1094305.0810259385,0.173289910890162,234889412608.0,
448470,2.5477776527404785,0.002,0.073326364159584,1104.1469529736787,474835.34559235274,0.1539000077173113,234975920128.0,
448635,2.585742473602295,0.002,0.0725664049386978,480.8238809928298,1090395.092101963,0.1657799584791064,235062427648.0,
448800,2.483184337615967,0.002,0.0888075605034828,507.2713890112937,1033545.3789772628,0.1766799250617623,235148935168.0,
448965,2.5655837059020996,0.002,0.0680479258298873,481.7203510319814,1088365.892943544,0.2089299960061907,235235442688.0,
449130,2.5422770977020264,0.002,0.0808312892913818,479.88402110058814,1092530.646879164,0.1848400570452213,235321950208.0,
449295,2.2971649169921875,0.002,0.0752839818596839,480.082911089994,1092078.030458617,0.1558889634907245,235408457728.0,
449460,2.5335402488708496,0.002,0.0826408863067627,479.86782994121313,1092567.509816669,0.1557299401611089,235494965248.0,
449625,2.516237497329712,0.002,0.0827667191624641,478.9917009184137,1094565.9371440792,0.1945800613611936,235581472768.0,
449790,2.57076096534729,0.002,0.0785252079367637,482.4210009537637,1086785.1916965963,0.153039931319654,235667980288.0,
449955,2.4983901977539062,0.002,0.0872875079512596,480.27264105621725,1091646.6089906434,0.1692910445854067,235754487808.0,
450120,2.565558910369873,0.002,0.0803732946515083,480.910200974904,1090199.3738896789,0.1873089931905269,235840995328.0,
450285,2.5176844596862793,0.002,0.0733964592218399,480.6078600231558,1090885.196872851,0.21187006495893,235927502848.0,
450450,2.476168632507324,0.002,0.0773909538984298,481.3313910271973,1089245.392620519,0.194051070138812,236012961792.0,
450615,2.609915256500244,0.002,0.0759854912757873,481.0075699351728,1089978.6880082996,0.2341199433431029,236099469312.0,
450780,2.542227983474731,0.002,0.0738564506173133,478.4152909414843,1095884.7050399284,0.1905090175569057,236185976832.0,
450945,2.5743236541748047,0.002,0.0799077525734901,482.0752809755504,1087564.5789990018,0.2006199210882187,236272484352.0,
451110,2.5034983158111572,0.002,0.0707218945026397,480.8559810044244,1090322.3017104906,0.2136999974027276,236358991872.0,
451275,2.5790462493896484,0.002,0.0756114423274993,482.5634399894625,1086464.4035433943,0.2193200634792447,236445499392.0,
451440,2.552065372467041,0.002,0.077555350959301,480.5603710701689,1090992.9980960628,0.1726100454106927,236532006912.0,
451605,2.56284236907959,0.002,0.0707008615136146,481.3594310544431,1089181.942174727,0.2492798957973718,236618514432.0,
451770,2.528480052947998,0.002,0.0807347074151039,486.91970109939575,1076744.2738838291,0.2061509294435382,236705021952.0,
451935,2.473163366317749,0.002,0.0709073692560195,481.09060106799006,1089790.5692526824,0.1960189547389745,236791529472.0,
452100,2.5553016662597656,0.002,0.0763007998466491,480.1732010673731,1091872.680179911,0.1795999705791473,236878036992.0,
452265,2.5693368911743164,0.002,0.0776759833097457,483.1889610504731,1085057.9012818832,0.1868100371211767,236964544512.0,
452430,2.645543336868286,0.002,0.0631278380751609,481.3795710215345,1089136.372961174,0.1965300180017948,237051052032.0,
452595,2.5418992042541504,0.002,0.073685236275196,479.6280999435112,1093113.6021049407,0.2117500407621264,237137559552.0,
452760,2.547023296356201,0.002,0.0725264921784401,481.3457509735599,1089212.8972564647,0.180769944563508,237224067072.0,
452925,2.538316488265991,0.002,0.0782993659377098,479.8006910132244,1092720.3937385522,0.1821399200707674,237310050304.0,
453090,2.5408689975738525,0.002,0.0678946003317833,478.6643909756094,1095314.3995762896,0.1674999948590994,237396557824.0,
453255,2.561206340789795,0.002,0.063232347369194,481.01775092072785,1089955.6180545262,0.1807999797165393,237483065344.0,
453420,2.501861572265625,0.002,0.0810723900794982,481.2000509118662,1089542.6943668916,0.2273899735882878,237569572864.0,
453585,2.574827194213867,0.002,0.0782001167535781,482.25038999225944,1087169.675504908,0.1694699749350547,237656080384.0,
453750,2.5151538848876953,0.002,0.0749225243926048,479.4810409657657,1093448.8649311026,0.1773199765011668,237742587904.0,
453915,2.5719990730285645,0.002,0.0748379528522491,480.7062109466642,1090662.0053181949,0.273589976131916,237829095424.0,
454080,2.6013662815093994,0.002,0.0801905468106269,479.5861210441217,1093209.283993783,0.1711699878796935,237915602944.0,
454245,2.5487966537475586,0.002,0.0726936981081962,482.055401080288,1087609.4300054903,0.1657700631767511,238002110464.0,
454410,2.604544162750244,0.002,0.0729696005582809,481.9479109719395,1087852.0023931083,0.1677799737080931,238088617984.0,
454575,2.5803236961364746,0.002,0.0774576961994171,481.8318010075018,1088114.1487625414,0.2012200420722365,238175125504.0,
454740,2.5202436447143555,0.002,0.0779764279723167,480.4922209586948,1091147.737946563,0.3188500413671136,238261633024.0,
454905,2.4642553329467773,0.002,0.0714960843324661,478.8512110244483,1094887.071243581,0.1658101100474596,238348140544.0,
455070,2.5720102787017822,0.002,0.0736415088176727,481.2122500734404,1089515.0734836564,0.1800199970602989,238434648064.0,
455235,2.607931137084961,0.002,0.0707375109195709,481.9935410050675,1087749.0161107527,0.1939899520948529,238521155584.0,
455400,2.544762372970581,0.002,0.0805488005280494,480.6048310128972,1090892.072172971,0.2062489511445164,238606614528.0,
455565,2.61348819732666,0.002,0.0768071115016937,498.9628690527752,1050755.5421815289,0.192429986782372,238693122048.0,
455730,2.5236153602600098,0.002,0.0688608214259147,481.1125199776143,1089740.919700852,0.2021199325099587,238779629568.0,
455895,2.545640230178833,0.002,0.0966654866933822,480.47793097794056,1091180.189968123,0.2453000051900744,238866137088.0,
456060,2.50380802154541,0.002,0.0774975791573524,479.03741092886776,1094461.4930666687,0.1816799631342291,238952644608.0,
456225,2.496067762374878,0.002,0.0664955675601959,480.9300909982994,1090154.2860661922,0.2334800083190202,239039152128.0,
456390,2.5307140350341797,0.002,0.0739486664533615,483.1227899994701,1085206.516547429,0.1860109623521566,239125659648.0,
456555,2.620755195617676,0.002,0.0815574526786804,479.40009098965675,1093633.5012320883,0.1816089497879147,239212167168.0,
456720,2.5511772632598877,0.002,0.0731653496623039,481.7676099482924,1088259.1298661013,0.1857300521805882,239298674688.0,
456885,2.595970869064331,0.002,0.0738158226013183,481.12034099176526,1089723.2050493862,0.1844200305640697,239385182208.0,
457050,2.6372900009155273,0.002,0.0708524510264396,481.8441009847447,1088086.3726016623,0.1811799593269825,239471689728.0,
457215,2.624577760696411,0.002,0.0754103139042854,479.8059909371659,1092708.3235787677,0.175100052729249,239558197248.0,
457380,2.5380871295928955,0.002,0.0718732774257659,479.5440010493621,1093305.304315614,0.1791800605133175,239644704768.0,
457545,2.5945377349853516,0.002,0.0707987993955612,481.6809319891035,1088454.9609114698,0.2081498969346285,239731212288.0,
457710,2.582157850265503,0.002,0.0656564086675643,481.52214102447033,1088813.8993661692,0.1910000573843717,239817719808.0,
457875,2.505192756652832,0.002,0.0672839730978012,480.92290107160807,1090170.584165912,0.1854199217632413,239903703040.0,
458040,2.5489373207092285,0.002,0.0747354254126548,480.1775299711153,1091862.8367127844,0.1639799447730183,239990210560.0,
458205,2.4957098960876465,0.002,0.089993417263031,481.48293199483305,1088902.5657209095,0.2144699683412909,240076718080.0,
458370,2.4930334091186523,0.002,0.0763118937611579,481.40168003737926,1089086.3529169462,0.209180056117475,240163225600.0,
458535,2.5538902282714844,0.002,0.0749823972582817,485.6764409923926,1079500.5805278749,0.1885599922388792,240249733120.0,
458700,2.5167860984802246,0.002,0.0663086622953414,480.8328520739451,1090374.748186657,0.189670012332499,240336240640.0,
458865,2.5471506118774414,0.002,0.0702738761901855,481.18281993083656,1089581.710492821,0.1994599588215351,240422748160.0,
459030,2.611649751663208,0.002,0.0642320737242698,480.39656202308834,1091365.012672181,0.1726199407130479,240509255680.0,
459195,2.5536856651306152,0.002,0.0690220594406127,481.3956010621041,1089100.1056994752,0.1952099846675992,240595763200.0,
459360,2.5434510707855225,0.002,0.0798551440238952,481.30487103480846,1089305.4102543727,0.163579941727221,240682270720.0,
459525,2.5651612281799316,0.002,0.0766676515340805,480.3266610251739,1091523.8368842532,0.1755800331011414,240768778240.0,
459690,2.526151180267334,0.002,0.1128102466464042,481.07199103105813,1089832.727272937,0.1554499613121152,240855285760.0,
459855,2.5224032402038574,0.002,0.0712900981307029,480.13586190063506,1091957.5928458814,0.1449800329282879,240941793280.0,
460020,2.5513758659362793,0.002,0.0796884819865226,478.8968209177256,1094782.7947474988,0.157829956151545,241028300800.0,
460185,2.553680896759033,0.002,0.0691874474287033,480.31873104628175,1091541.857753371,0.1661500427871942,241114808320.0,
460350,2.5745913982391357,0.002,0.0704120099544525,485.3213810129091,1080290.3406105128,0.1915199682116508,241199742976.0,
460515,2.571653127670288,0.002,0.085439532995224,485.12675100937486,1080723.7467510183,0.1656999811530113,241286250496.0,
460680,2.5592195987701416,0.002,0.0803376510739326,481.5411010058597,1088771.028900439,0.22494001314044,241372758016.0,
460845,2.571122169494629,0.002,0.0818032175302505,480.86059105116874,1090311.8487083716,0.2088600303977728,241459265536.0,
461010,2.6045546531677246,0.002,0.0754904225468635,480.18919094465673,1091836.321780983,0.1684400485828519,241545773056.0,
461175,2.5737133026123047,0.002,0.0725237056612968,486.6472609573975,1077347.0685287544,0.1945099793374538,241632280576.0,
461340,2.549082517623902,0.002,0.067830353975296,482.20181197393686,1087279.1992501635,0.2139799762517213,241718788096.0,
461505,2.561708450317383,0.002,0.0870451033115387,479.7227509552613,1092897.926887972,0.1676899846643209,241805295616.0,
461670,2.556769371032715,0.002,0.0738644897937774,480.1614410243928,1091899.4221640665,0.1849000109359622,241891803136.0,
461835,2.65250825881958,0.002,0.0900558903813362,480.80476105678827,1090438.453329034,0.2069700276479125,241978310656.0,
462000,2.547558546066284,0.002,0.0794274881482124,482.02251095790416,1087683.6414923929,0.1666699536144733,242064818176.0,
462165,2.6097402572631836,0.002,0.0840050429105758,480.42992199771106,1091289.2307371686,0.1677799737080931,242151325696.0,
462330,2.5645179748535156,0.002,0.0805138871073722,481.70908098109066,1088391.356318609,0.1784299965947866,242237833216.0,
462495,2.536363124847412,0.002,0.0776655822992324,482.90379100944847,1085698.6624686527,0.1791199902072549,242324340736.0,
462660,2.5257859230041504,0.002,0.0826313868165016,483.8070109253749,1083671.7702730212,0.1696600811555981,242410848256.0,
462825,2.566345453262329,0.002,0.0696515440940857,481.11294105183333,1089739.9659501472,0.1944500254467129,242496831488.0,
462990,2.541755437850952,0.002,0.079502061009407,481.51108098682016,1088838.9088066504,0.3475199919193983,242583339008.0,
463155,2.5683112144470215,0.002,0.0793669894337654,482.0456819143146,1087631.3587499247,0.2217510482296347,242669846528.0,
463320,2.5808510780334473,0.002,0.0821293517947197,483.8724320288747,1083525.254376785,0.1652400242164731,242756354048.0,
463485,2.5325124263763428,0.002,0.0718293786048889,481.30753193981946,1089299.388037739,0.2940499689429998,242842861568.0,
463650,2.53177547454834,0.002,0.0724693089723587,486.916271969676,1076751.85690375,0.1965899718925357,242929369088.0,
463815,2.574636459350586,0.002,0.0725768208503723,490.4681210173294,1068954.2857801265,0.19399996381253,243015876608.0,
463980,2.616696834564209,0.002,0.0761878117918968,480.14581098686904,1091934.966426976,0.1573699992150068,243102384128.0,
464145,2.59903335571289,0.002,0.071352370083332,478.8045120658353,1094993.8582197628,0.1624600263312459,243188891648.0,
464310,2.6075124740600586,0.002,0.0867599099874496,478.4004319226369,1095918.7429930742,0.2109500346705317,243275399168.0,
464475,2.582611560821533,0.002,0.0898419842123985,483.2289919722826,1084968.014564144,0.2045800210908055,243361906688.0,
464640,2.574831008911133,0.002,0.0759335085749626,478.941221954301,1094681.3011013402,0.1748900394886732,243448414208.0,
464805,2.552685260772705,0.002,0.0883379057049751,482.8721600351855,1085769.7821340468,0.1333900727331638,243534921728.0,
464970,2.5757033824920654,0.002,0.0925707444548606,480.137140955776,1091954.6839395426,0.1428800169378519,243621429248.0,
465135,2.573853015899658,0.002,0.0755055472254753,480.1287919981405,1091973.6719351555,0.1523299142718315,243707936768.0,
465300,,,,,,,243793920000.0,
465465,2.556971549987793,0.002,0.0711752548813819,478.4582710126415,1095786.2613397012,0.2010500757023692,243879903232.0,
465630,2.567021608352661,0.002,0.0717662647366523,481.3481320161373,1089207.5093425794,0.1682400470599532,243966410752.0,
465795,2.549520254135132,0.002,0.0892093405127525,480.4904209449887,1091151.8256053342,0.2390199806541204,244052918272.0,
465960,2.5505332946777344,0.002,0.077540598809719,480.7632209267467,1090532.6721735336,0.1974600600078702,244139425792.0,
466125,2.5184555053710938,0.002,0.0677949339151382,478.5492109367624,1095578.026288464,0.173680018633604,244225933312.0,
466290,2.543589353561402,0.002,0.079970009624958,480.8916720794514,1090241.3795874154,0.1937489723786711,244312440832.0,
466455,2.584960460662842,0.002,0.0770479440689086,478.85687090456486,1094874.1301542053,0.2055600052699446,244398948352.0,
466620,2.607611179351806,0.002,0.0776388943195343,480.6028919992968,1090896.4734252307,0.199310015887022,244485455872.0,
466785,2.58484411239624,0.002,0.0830807834863662,480.6456220103428,1090799.491332344,0.2176399575546383,244571963392.0,
466950,2.56388783454895,0.002,0.0846595466136932,479.60167191922665,1093173.8371593903,0.2346601104363799,244658470912.0,
467115,2.5980262756347656,0.002,0.082249104976654,479.05444097705185,1094422.5857309503,0.1765600172802806,244744978432.0,
467280,2.5738534927368164,0.002,0.0770010873675346,489.45979098789394,1071156.4252128068,0.2068199682980775,244831485952.0,
467445,2.554860830307007,0.002,0.0780759677290916,1228.4970269538462,426771.89158529165,0.22644002456218,244917993472.0,
467610,2.49268102645874,0.002,0.0746465623378753,501.944549032487,1044513.7834658842,0.1950199948623776,245004500992.0,
467775,2.5089502334594727,0.002,0.0776005312800407,482.1847809944302,1087317.6024318696,0.2036289079114794,245091008512.0,
467940,2.561476230621338,0.002,0.0729952603578567,489.2825309652835,1071544.4897770125,0.1916399924084544,245176991744.0,
468105,2.5042243003845215,0.002,0.0824149698019027,480.8846910018474,1090257.206790527,0.1947899581864476,245263499264.0,
468270,2.591878890991211,0.002,0.0764544680714607,481.3869521021843,1089119.6732908313,0.1813999842852354,245350006784.0,
468435,2.4700775146484375,0.002,0.0768710002303123,479.5123820658773,1093377.3967237645,0.1869300613179803,245436514304.0,
468600,2.519894599914551,0.002,0.0795548930764198,480.2509610308334,1091695.8893213735,0.1952799502760172,245523021824.0,
468765,2.4937868118286133,0.002,0.0912099629640579,480.9611609671265,1090083.8623762282,0.197059940546751,245609529344.0,
468930,2.5024733543395996,0.002,0.068781092762947,487.14633099734783,1076243.3516159528,0.1964399125427007,245696036864.0,
469095,2.5930471420288086,0.002,0.0866179466247558,483.7968620704487,1083694.5030115866,0.1878399634733796,245782544384.0,
469260,2.543161392211914,0.002,0.0713977888226509,480.5985109414906,1090906.4178599345,0.210450030863285,245869051904.0,
469425,2.6653831005096436,0.002,0.0883774906396865,481.27006099093705,1089384.1992175635,0.1823799684643745,245955559424.0,
469590,2.490832805633545,0.002,0.0706428959965705,478.91442105174065,1094742.561413404,0.1875599846243858,246042066944.0,
469755,2.57800817489624,0.002,0.0727262943983078,483.12899097800255,1085192.5878815074,0.3708999138325453,246128574464.0,
469920,2.5992543697357178,0.002,0.0766016468405723,484.45102106779814,1082231.1796234748,0.4653399810194969,246215081984.0,
470085,2.5657942295074463,0.002,0.0802805200219154,480.65396095626056,1090780.566869624,0.1679499400779605,246301589504.0,
470250,2.564723491668701,0.002,0.0722422897815704,481.308771064505,1089296.583647205,0.1841000048443675,246388097024.0,
470415,2.59411096572876,0.002,0.0774465054273605,481.04335204698145,1089897.6106186684,0.1913600135594606,246473555968.0,
470580,2.5238285064697266,0.002,0.0830975174903869,479.6098819933832,1093155.1239539164,0.1668200129643082,246560063488.0,
470745,2.5540404319763184,0.002,0.0689576268196106,481.016741017811,1089957.9064350834,0.1483400119468569,246646571008.0,
470910,2.501889228820801,0.002,0.0821193382143974,484.8589410539717,1081320.680320587,0.2006900031119585,246733078528.0,
471075,2.587638139724731,0.002,0.0842928737401962,516.7934589553624,1014502.0044560682,0.1565890852361917,246819586048.0,
471240,2.5563981533050537,0.002,0.0765054821968078,487.41793003864586,1075643.6472462777,0.2052889904007315,246906093568.0,
471405,2.6031761169433594,0.002,0.0742070004343986,481.2460109824314,1089438.6406023423,0.2010000171139836,246992601088.0,
471570,2.5671420097351074,0.002,0.0762606412172317,479.0906410198658,1094339.891265503,0.130420085042715,247079108608.0,
471735,2.6068921089172363,0.002,0.0761881470680236,479.9725810298696,1092329.0636207666,0.1457500038668513,247165616128.0,
471900,2.55812668800354,0.002,0.0694906562566757,516.967628034763,1014160.2134606864,0.1518500503152609,247252123648.0,
472065,2.55261754989624,0.002,0.0739142820239067,488.0821709521115,1074179.782017567,0.1887199468910694,247338631168.0,
472230,2.55236291885376,0.002,0.0738356187939643,482.49981098342687,1086607.679558259,0.1650699414312839,247425138688.0,
472395,2.5559146404266357,0.002,0.0778294429183006,481.3113519921899,1089290.7425306423,0.180560047738254,247511646208.0,
472560,2.5556657314300537,0.002,0.0705021247267723,482.0705510210246,1087575.2499080454,0.3591900458559394,247598153728.0,
472725,2.5299105644226074,0.002,0.0683377906680107,481.57320101745427,1088698.45517213,0.162389944307506,247684661248.0,
472890,2.5437278747558594,0.002,0.0726160481572151,484.154861071147,1082893.1859530692,0.1847300445660948,247770644480.0,
473055,2.5312693119049072,0.002,0.0808403193950653,481.8389610154554,1088097.9796550388,0.1462800428271293,247857152000.0,
473220,2.547726631164551,0.002,0.0729056075215339,481.5169610083103,1088825.6125020518,0.1578900264576077,247943659520.0,
473385,2.5471973419189453,0.002,0.0697383880615234,482.4926609871909,1086623.7818566917,0.1750310184434056,248030167040.0,
473550,2.5757322311401367,0.002,0.0760675519704818,480.5479209171608,1091021.2638093575,0.1780100865289569,248116674560.0,
473715,2.4942591190338135,0.002,0.0698944926261901,478.9914609864354,1094566.485423938,0.1477999612689018,248203182080.0,
473880,2.561053514480591,0.002,0.0656800493597984,483.7995308917016,1083688.5249427035,0.1824509818106889,248289689600.0,
474045,2.5694165229797363,0.002,0.0739019662141799,481.7660709377378,1088262.6063298625,0.1563599798828363,248376197120.0,
474210,2.5781142711639404,0.002,0.0705639794468879,481.402461999096,1089084.5838694207,0.1663799630478024,248462704640.0,
474375,2.5370144844055176,0.002,0.0681445226073265,478.3177309436723,1096108.2269846718,0.1818099990487098,248549212160.0,
474540,2.5669641494750977,0.002,0.0818181186914444,481.1232400825247,1089716.6387349558,0.1795690041035413,248635719680.0,
474705,2.580681324005127,0.002,0.0812527760863304,480.2937610074878,1091598.606028585,0.1787999644875526,248722227200.0,
474870,2.6040873527526855,0.002,0.071849025785923,493.7051710439846,1061945.5309559454,0.1922599039971828,248808734720.0,
475035,2.587052345275879,0.002,0.0860764235258102,480.28149001766,1091626.495913307,0.1470700372010469,248895242240.0,
475200,2.507063865661621,0.002,0.0647847205400466,479.8126720124856,1092693.1083353236,0.1747000496834516,248981749760.0,
475365,2.5040204524993896,0.002,0.0899031013250351,479.3729919474572,1093695.3245323128,0.1799000892788171,249067208704.0,
475530,2.587082862854004,0.002,0.0798521414399147,478.994851000607,1094558.7387939077,0.1800400204956531,249153716224.0,
475695,2.541661500930786,0.002,0.0811151787638664,480.5626110173762,1090987.9128758162,0.1578798983246088,249240223744.0,
475860,2.623220443725586,0.002,0.065622791647911,481.4420110778883,1088995.1186980647,0.1616999506950378,249326731264.0,
476025,2.542283535003662,0.002,0.0786756575107574,480.0956210820004,1092049.118920107,0.1699889544397592,249413238784.0,
476190,2.5960395336151123,0.002,0.0737706646323204,478.4486909629777,1095808.2024318243,0.1574709312990307,249499746304.0,
476355,2.463815450668335,0.002,0.0737991109490394,480.7789520127699,1090496.989947419,0.1635999651625752,249586253824.0,
476520,2.5551600456237793,0.002,0.0720294266939163,480.6044299621135,1090892.9824915058,0.1884400844573974,249672761344.0,
476685,2.5329368114471436,0.002,0.0694857686758041,479.86682993359864,1092569.7866479915,0.1616500085219741,249759268864.0,
476850,2.5675418376922607,0.002,0.0738149732351303,479.4579820008949,1093501.4530616817,0.1780700404196977,249845776384.0,
477015,2.541351318359375,0.002,0.0808525830507278,482.253061956726,1087163.651948043,0.1742499880492687,249932283904.0,
477180,2.5153965950012207,0.002,0.083696462213993,481.5364909591153,1088781.452379098,0.2322000218555331,250018791424.0,
477345,2.5800998210906982,0.002,0.0724717229604721,480.8857609750703,1090254.7809627904,0.2099490957334637,250105298944.0,
477510,2.5326409339904785,0.002,0.0791660249233245,1245.1783649157733,421054.5370626192,0.1986699644476175,250191806464.0,
477675,2.512700080871582,0.002,0.0745827630162239,483.27089101076126,1084873.949067057,0.1704499591141939,250278313984.0,
477840,2.5504446029663086,0.002,0.0689132437109947,478.8523509632796,1094884.4647944614,0.1791099784895777,250364297216.0,
478005,2.639002561569214,0.002,0.0726094245910644,481.9333909545094,1087884.777939133,0.1676901010796427,250450804736.0,
478170,2.572866439819336,0.002,0.0737803429365158,493.90419002156705,1061517.6193931585,0.1783500192686915,250537312256.0,
478335,2.491116762161255,0.002,0.0778504163026809,480.4419509600848,1091261.9078169507,0.1690200297161936,250623819776.0,
478500,2.539668560028076,0.002,0.0661617890000343,503.716990002431,1040838.427938414,0.1629100879654288,250710327296.0,
478665,2.622701406478882,0.002,0.0760248228907585,480.7721209945157,1090512.4842003488,0.1641700509935617,250796834816.0,
478830,2.5525197982788086,0.002,0.0787839516997337,478.66545105353,1095311.9738348697,0.191170023754239,250883342336.0,
478995,2.5015523433685303,0.002,0.0849343463778495,499.8546589631587,1048880.890872405,0.1483300002291798,250969849856.0,
479160,2.538724422454834,0.002,0.0751614570617675,480.2506810519844,1091696.5257634872,0.1726110931485891,251056357376.0,
479325,2.5498955249786377,0.002,0.073711447417736,481.9200810743496,1087914.823618055,0.1689300406724214,251142864896.0,
479490,2.582859992980957,0.002,0.0784688666462898,481.66945099364966,1088480.9051486065,0.2679999452084303,251229372416.0,
479655,2.5245864391326904,0.002,0.0749465227127075,480.9858610387891,1090027.8832888992,0.1591799082234501,251315879936.0,
479820,2.6291756629943848,0.002,0.0708525478839874,481.2882209662348,1089343.0945545244,0.2004289999604225,251402387456.0,
479985,2.5928454399108887,0.002,0.0804425850510597,483.7304309476167,1083843.327724766,0.1877099275588989,251488894976.0,
480150,2.549311637878418,0.002,0.0902011319994926,481.7257919348776,1088353.600279879,0.1831699628382921,251575402496.0,
480315,2.5611231327056885,0.002,0.0800417959690094,477.9535310808569,1096943.4597843876,0.1499900827184319,251660337152.0,
480480,2.5316641330718994,0.002,0.0671887323260307,479.8324309522286,1092648.1125078378,0.1609700266271829,251746844672.0,
480645,2.593270778656006,0.002,0.0764738023281097,479.2302310233936,1094021.1323488208,0.2567000919952988,251833352192.0,
480810,2.5874369144439697,0.002,0.0765885561704635,480.0510610220954,1092150.4868330425,0.1822399208322167,251919859712.0,
480975,2.5328359603881836,0.002,0.0845162123441696,481.0760610271245,1089823.5070783102,0.3713100450113415,252006367232.0,
481140,2.511436939239502,0.002,0.0837427824735641,483.5424009943381,1084264.790268391,0.1679690321907401,252092874752.0,
481305,2.5643606185913086,0.002,0.0734710171818733,480.3813309408724,1091399.615745125,0.1696700928732752,252179382272.0,
481470,2.543768882751465,0.002,0.0712657943367958,490.6503399834037,1068557.2948298254,0.1769800437614321,252265889792.0,
481635,2.4441065788269043,0.002,0.0880214050412178,480.67059100139886,1090742.8284882822,0.1612900523468852,252352397312.0,
481800,2.559431314468384,0.002,0.0663595870137214,502.460669958964,1043440.8727807864,0.168450060300529,252438904832.0,
481965,2.5265088081359863,0.002,0.0733664706349372,480.8064210228622,1090434.6886313115,0.1752299722284078,252525412352.0,
482130,2.564797878265381,0.002,0.07782943546772,479.3547709705308,1093736.8974934674,0.1661200076341629,252611919872.0,
482295,2.549601793289185,0.002,0.0803311094641685,480.9696909505874,1090064.5297706772,0.1641300041228532,252698427392.0,
482460,2.593656301498413,0.002,0.0789840742945671,480.9442110126838,1090122.2802870437,0.2001000102609396,252784934912.0,
482625,2.4480531215667725,0.002,0.0725980550050735,479.4675710145384,1093479.5838029734,0.1646199962124228,252871442432.0,
482790,2.5729291439056396,0.002,0.0928321927785873,480.98917107563466,1090020.3820130427,0.1776700373739004,252957949952.0,
482955,2.5377187728881836,0.002,0.0772482454776763,480.9856700012461,1090028.3162253916,0.1618999522179365,253043933184.0,
483120,2.5781826972961426,0.002,0.0716309621930122,478.70393097400665,1095223.9287721005,0.1555100316181779,253130440704.0,
483285,2.585168838500977,0.002,0.0723876655101776,481.45810107234865,1088958.7252395516,0.1606199657544493,253216948224.0,
483450,2.5542659759521484,0.002,0.0679412335157394,478.0020909383893,1096832.0221586155,0.1699499553069472,253303455744.0,
483615,2.6013290882110596,0.002,0.0811530202627182,478.6127810366452,1095432.5098975108,0.1598300877958536,253389963264.0,
483780,2.638652801513672,0.002,0.0765592455863952,481.90079105552286,1087958.3717877597,0.1759490696713328,253476470784.0,
483945,2.540320634841919,0.002,0.0773481130599975,479.42018206231296,1093587.670307662,0.2018399536609649,253562978304.0,
484110,2.491678237915039,0.002,0.0735601857304573,479.35630194842815,1093733.4042943402,0.1975599443539977,253649485824.0,
484275,2.847731113433838,0.002,0.1183471530675888,481.2190510565415,1089499.6755612614,0.1374599523842334,253735993344.0,
484440,2.480738878250122,0.002,0.0655663758516311,480.43822206091136,1091270.3775960798,0.1883800141513347,253822500864.0,
484605,2.580815315246582,0.002,0.0777811035513877,514.8709889035672,1018290.040222477,0.1697100233286619,253909008384.0,
484770,2.534538745880127,0.002,0.0825590416789054,479.8741010017693,1092553.231994629,0.2007699804380536,253995515904.0,
484935,2.6458189487457275,0.002,0.0775401815772056,481.4727809280157,1088925.5234521462,0.1780700404196977,254082023424.0,
485100,2.5583887100219727,0.002,0.0759550184011459,478.00306999124587,1096829.7756112774,0.1507900888100266,254168530944.0,
485265,2.5426347255706787,0.002,0.0793473720550537,490.0569499004632,1069851.167515305,0.1663999864831566,254255038464.0,
485430,2.566960334777832,0.002,0.0736832320690155,479.6288600191474,1093111.86983008,0.1590700121596455,254340497408.0,
485595,2.5273959636688232,0.002,0.0860094502568245,480.9712510323152,1090060.9940297126,0.1769600203260779,254427004928.0,
485760,2.5410165786743164,0.002,0.0680678710341453,480.26551108341664,1091662.8154648754,0.1586900325492024,254513512448.0,
485925,2.5211803913116455,0.002,0.0791390836238861,480.9414210030809,1090128.6042414743,0.1675599487498402,254600019968.0,
486090,2.582708835601806,0.002,0.0680087283253669,480.03475088626146,1092187.5948189923,0.1982400426641106,254686527488.0,
486255,2.548102378845215,0.002,0.0823842361569404,479.5496410224587,1093292.4459752564,0.1569800078868866,254773035008.0,
486420,2.5958921909332275,0.002,0.0790696293115615,478.8205409422517,1094957.2024798158,0.1779289450496435,254859542528.0,
486585,2.5242066383361816,0.002,0.0725537985563278,482.54191991873085,1086512.8569312692,0.1701900037005543,254946050048.0,
486750,2.520519256591797,0.002,0.0946900323033332,481.0474809492007,1089888.2558650495,0.1827799715101719,255032557568.0,
486915,2.615628957748413,0.002,0.0712086111307144,480.8371110120788,1090365.0903659756,0.198189984075725,255119065088.0,
487080,2.54660701751709,0.002,0.0727183818817138,481.8930010078475,1087975.9591931948,0.2092199865728616,255205572608.0,
487245,2.5753891468048096,0.002,0.0729990899562835,480.8586910367012,1090316.15685196,0.181380077265203,255292080128.0,
487410,2.517007827758789,0.002,0.0760770291090011,490.98025099374354,1067839.2846531842,0.1930199796333909,255378587648.0,
487575,2.61297869682312,0.002,0.0819195732474327,480.442431056872,1091260.8173401274,0.2172499662265181,255465095168.0,
487740,2.5775060653686523,0.002,0.0776589885354042,482.44025104213506,1086741.827340211,0.1824599457904696,255551602688.0,
487905,2.5293192863464355,0.002,0.0739611685276031,481.6047410713509,1088627.1568541836,0.2043400891125202,255637585920.0,
488070,2.5726535320281982,0.002,0.0886848717927932,479.60395098198205,1093168.6424320068,0.2143708989024162,255724093440.0,
488235,2.5948681831359863,0.002,0.0705682784318924,480.3919119294733,1091375.5768581114,0.1936400076374411,255810600960.0,
488400,2.5597996711730957,0.002,0.0841268002986908,503.35090898443013,1041595.4171172808,0.2264099894091487,255897108480.0,
488565,2.5883092880249023,0.002,0.0687803104519844,482.2322310646996,1087210.6139451675,0.2238090382888913,255983616000.0,
488730,2.4946203231811523,0.002,0.0741877928376197,480.55568197742105,1091003.6436207069,0.1739499857649207,256070123520.0,
488895,2.4380459785461426,0.002,0.077553667128086,480.4890110390261,1091155.0273881634,0.186079996638,256156631040.0,
489060,2.5497612953186035,0.002,0.0657753050327301,479.681731085293,1092991.385796128,0.2395899500697851,256243138560.0,
489225,2.574598550796509,0.002,0.071855179965496,479.7425620490685,1092852.7953839863,0.4001200431957841,256329646080.0,
489390,2.4775876998901367,0.002,0.0613483563065528,481.27459094394,1089373.9454885751,0.1974699553102255,256416153600.0,
489555,2.5677578449249268,0.002,0.0813132002949714,478.85297099128366,1094883.047117073,0.1953600440174341,256502661120.0,
489720,2.5414228439331055,0.002,0.0692543163895607,481.84037092141807,1088094.7957876793,0.1738599967211485,256589168640.0,
489885,2.535759925842285,0.002,0.079381488263607,481.570700998418,1088704.1070252368,0.1702490262687206,256675676160.0,
490050,2.5232625007629395,0.002,0.0854687914252281,477.668420993723,1097598.201926959,0.1846998929977417,256762183680.0,
490215,2.559821128845215,0.002,0.074361003935337,480.5813509738073,1090945.370513503,0.1747600035741925,256848691200.0,
490380,2.4900565147399902,0.002,0.0772397518157959,482.2147210361436,1087250.09239339,0.2007909351959824,256934150144.0,
490545,2.609113931655884,0.002,0.0718645751476287,479.1567419888452,1094188.9241166213,0.1927800476551056,257020657664.0,
490710,2.6277432441711426,0.002,0.0720804780721664,482.4848809512332,1086641.3035914218,0.1365089556202292,257107165184.0,
490875,2.4820313453674316,0.002,0.0692493095993995,478.14453998580575,1096505.2534439983,0.1519600627943873,257193672704.0,
491040,2.557849407196045,0.002,0.0721825659275055,482.17538092285395,1087338.799829525,0.1766399946063757,257280180224.0,
491205,2.5743775367736816,0.002,0.0723069161176681,480.1120909396559,1092011.657056761,0.1646899618208408,257366687744.0,
491370,2.6342694759368896,0.002,0.0713646709918975,480.0786509877071,1092087.7212959528,0.1743899192661047,257453195264.0,
491535,2.587280750274658,0.002,0.0741572976112365,480.71983992122114,1090631.083763713,0.1921900548040866,257539702784.0,
491700,2.5425946712493896,0.002,0.0762462839484214,478.4831809811294,1095729.214399862,0.1722900196909904,257626210304.0,
491865,2.547079086303711,0.002,0.0715326815843582,480.1226509734988,1091987.638860511,0.1676699612289667,257712717824.0,
492030,2.531506061553955,0.002,0.0679749920964241,480.4312519263476,1091286.2098329435,0.1761200837790966,257799225344.0,
492195,2.5252480506896973,0.002,0.0727461874485015,497.57599097210914,1053684.280416553,0.1579200616106391,257885732864.0,
492360,2.583688735961914,0.002,0.067372053861618,478.97457203362137,1094605.0805452734,0.1563199330121278,257972240384.0,
492525,2.53961443901062,0.002,0.0735901296138763,479.9128510057926,1092465.0150568103,0.1910000573843717,258058747904.0,
492690,2.580571174621582,0.002,0.0744387432932853,485.0615010363981,1080869.1245951066,0.1730599906295538,258145255424.0,
492855,2.571341037750244,0.002,0.0704261809587478,478.3401909517124,1096056.760266933,0.155750080011785,258231238656.0,
493020,2.5836143493652344,0.002,0.0745605304837226,478.90827199444175,1094756.617622351,0.1875399611890316,258317746176.0,
493185,2.6236114501953125,0.002,0.075444608926773,477.97045193146914,1096904.6263871803,0.1700699795037508,258404253696.0,
493350,2.500535011291504,0.002,0.0681643635034561,486.4633010001853,1077754.4758711413,0.1393400598317384,258490761216.0,
493515,2.526848316192627,0.002,0.0796993225812912,481.5831520827487,1088675.9591413478,0.1650999765843153,258577268736.0,
493680,2.566983699798584,0.002,0.061742540448904,502.3158600088209,1043741.6807639584,0.1962799578905105,258663776256.0,
493845,2.620840549468994,0.002,0.0716450363397598,479.9033319577575,1092486.684477009,0.1579499803483486,258750283776.0,
494010,2.564472198486328,0.002,0.0691072195768356,480.1851810188964,1091845.439477167,0.1606600126251578,258836791296.0,
494175,2.550609827041626,0.002,0.0808214098215103,480.4418209241703,1091262.203176834,0.1506300177425146,258923298816.0,
494340,2.5435073375701904,0.002,0.0747675225138664,477.7779720025137,1097346.530654288,0.1532100141048431,259009806336.0,
494505,2.5405874252319336,0.002,0.0805728808045387,479.71180093009025,1092922.8736576485,0.174010987393558,259096313856.0,
494670,2.6060280799865723,0.002,0.0808252841234207,479.1715419851243,1094155.1283032503,0.1737599959596991,259182821376.0,
494835,2.534509658813477,0.002,0.0780408531427383,481.07899096794426,1089816.8696685715,0.1384400529786944,259269328896.0,
495000,2.552704334259033,0.002,0.0871097818017005,478.8373709889129,1094918.7172196289,0.1610699109733104,259355836416.0,
495165,2.5313034057617188,0.002,0.074706844985485,478.691620985046,1095252.0934482336,0.1488099806010723,259442343936.0,
495330,2.55444073677063,0.002,0.0736179798841476,480.7863309979439,1090480.2532795845,0.1640600385144353,259527802880.0,
495495,2.5064477920532227,0.002,0.0727979838848114,479.9457009648904,1092390.2411167829,0.2067800378426909,259614310400.0,
495660,2.5564751625061035,0.002,0.0878209993243217,481.4463809598237,1088985.234357284,0.1771199749782681,259700817920.0,
495825,2.5594754219055176,0.002,0.0745538100600242,499.0570700028911,1050557.203802288,0.1863200450316071,259787325440.0,
495990,2.48785400390625,0.002,0.0769828557968139,480.7294720085338,1090609.2314446096,0.1861299388110637,259873832960.0,
496155,2.540088653564453,0.002,0.0677430331707,480.0228010863066,1092214.7839925934,0.2059000544250011,259960340480.0,
496320,2.4848427772521973,0.002,0.0760010033845901,479.3712520040572,1093699.294248798,0.2018199302256107,260046848000.0,
496485,2.5034079551696777,0.002,0.0752990543842315,481.7090410506353,1088391.446538968,0.209180056117475,260133355520.0,
496650,2.514127492904663,0.002,0.0712508261203765,479.4701809296385,1093473.6316311995,0.2154710236936807,260219863040.0,
496815,2.534733533859253,0.002,0.0854580476880073,481.9160110782832,1087924.0115448951,0.1864699879661202,260306370560.0,
496980,2.5159144401550293,0.002,0.0604551956057548,483.1745509291068,1085090.2618770697,0.1780310412868857,260392878080.0,
497145,2.578768253326416,0.002,0.0778838917613029,480.41374096646905,1091325.98694048,0.1892510335892439,260479385600.0,
497310,2.5461153984069824,0.002,0.0742869526147842,478.37439097929746,1095978.4007808426,0.1768299844115972,260565893120.0,
497475,2.5883402824401855,0.002,0.0630090460181236,479.96068105567247,1092356.1464385577,0.2013900084421038,260652400640.0,
497640,2.5419304370880127,0.002,0.07246133685112,479.05595193151385,1094419.133894724,0.2306599635630846,260738908160.0,
497805,2.591623544692993,0.002,0.0671761855483055,497.92534997686744,1052944.984673621,0.1509399153292179,260825415680.0,
497970,2.486424446105957,0.002,0.0827265232801437,493.4733600821346,1062444.383852325,0.1908598933368921,260911398912.0,
498135,2.529224634170532,0.002,0.0875932350754737,479.92096201051027,1092446.5516230527,0.2358800265938043,260997906432.0,
498300,2.5410780906677246,0.002,0.0795308426022529,479.1038909461349,1094309.6265919183,0.1802800688892603,261084413952.0,
498465,2.590585231781006,0.002,0.0833110138773918,478.9953010622412,1094557.710351888,0.1893299631774425,261170921472.0,
498630,2.536092519760132,0.002,0.0670308470726013,483.1372610060498,1085174.012263639,0.1829800894483924,261257428992.0,
498795,2.5117287635803223,0.002,0.0759425088763237,482.90396097581834,1085698.280338301,0.1963500399142503,261343936512.0,
498960,2.5579018592834473,0.002,0.0755672454833984,484.130401047878,1082947.897643285,0.1889499835669994,261430444032.0,
499125,2.573291778564453,0.002,0.0883831307291984,479.62517105042934,1093120.277344399,0.1923399977385997,261516951552.0,
499290,2.5445709228515625,0.002,0.0782722011208534,478.82243094500154,1094952.880476522,0.1617600210011005,261603459072.0,
499455,2.5937399864196777,0.002,0.0813460201025009,478.23356091976166,1096301.144134812,0.1713100355118513,261689966592.0,
499620,2.5121724605560303,0.002,0.0877719223499298,477.4827120127157,1098025.094542141,0.170920044183731,261776474112.0,
499785,2.5305216312408447,0.002,0.0680984854698181,479.62677106261253,1093116.6307469464,0.1873300643637776,261862981632.0,
499950,2.5794448852539062,0.002,0.074717566370964,479.2201520176605,1094044.1419097057,0.2061399864032864,261949489152.0,
500115,2.550090789794922,0.002,0.0744814202189445,479.748992016539,1092838.1481246045,0.1906899269670248,262035996672.0,
500280,2.557063341140747,0.002,0.0686453133821487,479.0516619104892,1094428.934677119,0.1830599503591656,262122504192.0,
500445,2.554659366607666,0.002,0.083684429526329,478.3784110331908,1095969.1907242527,0.1680511049926281,262207438848.0,
500610,2.4856700897216797,0.002,0.0690620243549346,482.20413108356297,1087273.9700961711,0.16509008128196,262293946368.0,
500775,2.556089401245117,0.002,0.074483148753643,481.018251972273,1089954.4827047875,0.1885310048237443,262380453888.0,
500940,2.576054096221924,0.002,0.0761383026838302,481.78258107509464,1088225.3128165298,0.1783500192686915,262466961408.0,
501105,2.4950358867645264,0.002,0.0942764952778816,479.43375108297914,1093556.7193917844,0.1976710045710206,262553468928.0,
501270,2.5839710235595703,0.002,0.0721342042088508,479.3061220552772,1093847.9102913172,0.2890899777412414,262639976448.0,
501435,2.57698392868042,0.002,0.0744067728519439,480.1881309831515,1091838.7318873482,0.1859900075942278,262726483968.0,
501600,2.5744895935058594,0.002,0.0669935867190361,490.82817998714745,1068170.1283201154,0.1648800680413842,262812991488.0,
501765,2.482640027999878,0.002,0.0704784095287323,482.4882709654048,1086633.6687334566,0.1612709602341056,262899499008.0,
501930,2.548789978027344,0.002,0.0782678052783012,482.3263509897515,1086998.45845897,0.1698799896985292,262986006528.0,
502095,2.531196117401123,0.002,0.0801993682980537,483.45726099796593,1084455.7364134942,0.1649999758228659,263072514048.0,
502260,2.511690139770508,0.002,0.0736148729920387,482.078080996871,1087558.262171648,0.1867200480774045,263159021568.0,
502425,2.54673171043396,0.002,0.075599692761898,480.055911000818,1092139.4528961575,0.1868399558588862,263245529088.0,
502590,2.5493149757385254,0.002,0.0844830125570297,481.5622710157186,1088723.165322241,0.2073800424113869,263332036608.0,
502755,2.5949928760528564,0.002,0.07221070677042,478.14716096036136,1096499.242925472,0.2169799990952015,263418544128.0,
502920,2.479682445526123,0.002,0.0682202950119972,479.7771309968084,1092774.0530498268,0.2337399637326598,263504527360.0,
503085,2.5682590007781982,0.002,0.0826916620135307,517.4669490661472,1013181.616615636,0.1675200182944536,263591034880.0,
503250,2.494201183319092,0.002,0.0612437576055526,477.7718409895897,1097360.6123669057,0.1492600422352552,263677542400.0,
503415,2.4981706142425537,0.002,0.0666873306035995,480.3530309582129,1091463.9155167714,0.1768199726939201,263764049920.0,
503580,2.567697048187256,0.002,0.0767058804631233,479.77419092785567,1092780.7495981748,0.173719017766416,263850557440.0,
503745,2.5558619499206543,0.002,0.079530268907547,481.5130910137668,1088834.3635604505,0.150879961438477,263937064960.0,
503910,2.5194625854492188,0.002,0.0819977223873138,484.40054105594754,1082343.9603455055,0.172640080563724,264023572480.0,
504075,2.553289890289306,0.002,0.0872154906392097,499.0334309404716,1050606.9683787196,0.2153899986296892,264110080000.0,
504240,2.515763759613037,0.002,0.0807652324438095,481.1459109187126,1089665.293006254,0.1769600203260779,264196587520.0,
504405,2.606668472290039,0.002,0.0818816423416137,481.98795109055936,1087761.631413672,0.1578798983246088,264283095040.0,
504570,2.5817394256591797,0.002,0.0747410729527473,517.7826089784503,1012563.9426831744,0.1585400896146893,264369602560.0,
504735,2.5255699157714844,0.002,0.0706261917948722,500.8102200226858,1046879.59438258,0.1679100096225738,264456110080.0,
504900,2.5748131275177,0.002,0.0680098757147789,495.4789199400693,1058143.906633637,0.230330042541027,264542617600.0,
505065,2.577315330505371,0.002,0.0858041495084762,481.218921020627,1089499.9699679865,0.172180007211864,264629125120.0,
505230,2.492027759552002,0.002,0.0720474869012832,482.91935108136386,1085663.6803350344,0.1726699993014335,264715632640.0,
505395,2.483642101287842,0.002,0.0682501420378685,479.493330931291,1093420.8385791455,0.1627709716558456,264801091584.0,
505560,2.5735421180725098,0.002,0.0697751566767692,479.9170109909028,1092455.545423328,0.1984289847314357,264887599104.0,
505725,2.546527862548828,0.002,0.0730838477611541,479.54900097101927,1093293.9051867286,0.1679299166426062,264974106624.0,
505890,2.520256519317627,0.002,0.084532655775547,479.4310010038316,1093562.992176657,0.1764500048011541,265060614144.0,
506055,2.681785821914673,0.002,0.0755907744169235,478.62982109654695,1095393.5105816214,0.1534899929538369,265147121664.0,
506220,2.5721378326416016,0.002,0.074938878417015,479.4969819486141,1093412.5129825864,0.1679500564932823,265233629184.0,
506385,2.56046199798584,0.002,0.0884848535060882,477.7625220594928,1097382.0167809515,0.1556100323796272,265320136704.0,
506550,2.509399652481079,0.002,0.0822012796998024,479.94230198673904,1092397.9774853983,0.1904800301417708,265406644224.0,
506715,2.5173802375793457,0.002,0.0809217765927314,479.3227619957179,1093809.9367888642,0.1601000549271702,265493151744.0,
506880,2.5208675861358643,0.002,0.077291615307331,484.9840609822422,1081041.7128722854,0.1971489982679486,265579659264.0,
507045,2.5427327156066895,0.002,0.0767862275242805,479.2057719314471,1094076.9721676102,0.1683499431237578,265666166784.0,
507210,2.562830924987793,0.002,0.0811996608972549,480.30673095490783,1091569.1290806024,0.2408800646662712,265752674304.0,
507375,2.5635900497436523,0.002,0.0828043967485427,512.038819026202,1023922.3678335436,0.1681200228631496,265839181824.0,
507540,2.5531177520751953,0.002,0.0767791643738746,480.2822710480541,1091624.720720834,0.1712089870125055,265925689344.0,
507705,2.4946513175964355,0.002,0.0780193135142326,479.13394100032747,1094240.9942935803,0.1819999888539314,266012196864.0,
507870,2.541583776473999,0.002,0.0737455710768699,477.9026620090008,1097060.220999827,0.1724109752103686,266098180096.0,
508035,2.491459846496582,0.002,0.0713379308581352,478.3101319335401,1096125.641078513,0.1827699597924947,266184687616.0,
508200,2.5357723236083984,0.002,0.0725574865937233,481.24306194949895,1089445.316626753,0.1898000482469797,266271195136.0,
508365,2.5742034912109375,0.002,0.0777501463890075,482.48486092779785,1086641.348687742,0.1734799006953835,266357702656.0,
508530,2.607736110687256,0.002,0.0773465633392334,480.86038103792816,1090312.324896333,0.1947799464687705,266444210176.0,
508695,2.5891666412353516,0.002,0.0724812671542167,481.19889094959944,1089545.320782781,0.1645900774747133,266530717696.0,
508860,2.550710678100586,0.002,0.086844690144062,482.14006097987294,1087418.4545761829,0.1686300383880734,266617225216.0,
509025,2.4347453117370605,0.002,0.0802168846130371,479.16109196376055,1094178.9907258423,0.1658500405028462,266703732736.0,
509190,2.529881477355957,0.002,0.0701325982809066,488.6818209197372,1072861.6812740224,0.2748689148575067,266790240256.0,
509355,2.622344970703125,0.002,0.0721122398972511,477.6344519341365,1097676.2624156284,0.1636999659240245,266876747776.0,
509520,2.574383497238159,0.002,0.0768200010061264,480.3505210438743,1091469.6186040204,0.1842300407588482,266963255296.0,
509685,2.578064441680908,0.002,0.0808820202946662,482.17868199571967,1087331.3557330894,0.1752299722284078,267049762816.0,
509850,2.5569159984588623,0.002,0.0710951536893844,498.33295098505914,1052083.7503593436,0.1713499659672379,267136270336.0,
510015,2.4953694343566895,0.002,0.0616216138005256,479.13055098615587,1094248.7364266382,0.1781099708750844,267222777856.0,
510180,2.4736642837524414,0.002,0.0762315019965171,481.5858419751749,1088669.878353746,0.1693710219115018,267309285376.0,
510345,2.536925792694092,0.002,0.0855889096856117,480.34477105829865,1091482.6840831125,0.174649991095066,267394744320.0,
510510,2.5615053176879883,0.002,0.0702454969286918,493.3908910024911,1062621.9688302935,0.1693490194156766,267481251840.0,
510675,2.5379762649536133,0.002,0.0749058872461319,478.4345009829849,1095840.7032160205,0.1773299882188439,267567759360.0,
510840,2.608499765396118,0.002,0.0733133479952812,479.6057710191235,1093164.4940091742,0.1855000155046582,267654266880.0,
511005,2.4981954097747803,0.002,0.0794573649764061,481.5268820384518,1088803.1791299528,0.1946300035342574,267740774400.0,
511170,2.5544755458831787,0.002,0.0758935436606407,494.4258109899238,1060397.7145737745,0.2141490112990141,267827281920.0,
511335,2.6320133209228516,0.002,0.0810475200414657,494.4996410049498,1060239.394581789,0.202900031581521,267913789440.0,
511500,2.4733200073242188,0.002,0.0755864605307579,482.7047709841281,1086146.2979350565,0.2532199723646045,268000296960.0,
511665,2.497952461242676,0.002,0.0754896476864814,492.8217299748212,1063849.1935548102,0.2162600867450237,268086804480.0,
511830,2.535344123840332,0.002,0.0757765024900436,480.69408105220646,1090689.5272194103,0.229060067795217,268173312000.0,
511995,2.460500717163086,0.002,0.066882774233818,481.9022610317916,1087955.0531210564,0.1679200213402509,268259819520.0,
512160,2.5695743560791016,0.002,0.0693392753601074,480.917660985142,1090182.4626818977,0.2296110615134239,268346327040.0,
512325,2.631377696990967,0.002,0.0709232166409492,481.32204497233033,1089266.5430068544,0.2179500879719853,268432834560.0,
512490,2.507760524749756,0.002,0.0751582160592079,481.60130495671183,1088634.9239587816,0.1825409708544612,268519342080.0,
512655,2.492371082305908,0.002,0.079887256026268,482.4033739278093,1086824.90284253,0.1875300658866763,268605849600.0,
512820,2.4454269409179688,0.002,0.0759912133216857,481.9941549794749,1087747.630512918,0.2414799528196454,268692357120.0,
512985,2.605024576187134,0.002,0.0765630006790161,482.8214809531346,1085883.7493414888,0.2204200718551874,268778340352.0,
513150,2.5809011459350586,0.002,0.0696259513497352,482.7698409790173,1085999.902017051,0.1943500246852636,268864847872.0,
513315,2.5673961639404297,0.002,0.0884599089622497,480.19051109440625,1091833.3200818377,0.1817099982872605,268951355392.0,
513480,2.574568748474121,0.002,0.0794056355953216,480.6972910882905,1090682.2437318522,0.2475000219419598,269037862912.0,
513645,2.5079703330993652,0.002,0.0721248537302017,481.5295709995553,1088797.0990269342,0.233990023843944,269124370432.0,
513810,2.570791721343994,0.002,0.0791334807872772,478.7423809757456,1095135.9663028494,0.1810400281101465,269210877952.0,
513975,2.5323970317840576,0.002,0.0779522061347961,499.5591299375519,1049501.3874844792,0.2073800424113869,269297385472.0,
514140,2.529432535171509,0.002,0.0839626267552375,488.26129105873406,1073785.7159701244,0.1757600111886859,269383892992.0,
514305,2.54317569732666,0.002,0.0761713609099388,481.4244389999658,1089034.867214203,0.1607299782335758,269470400512.0,
514470,2.5691254138946533,0.002,0.0854175314307212,483.1314389593899,1085187.0893131208,0.1575310016050934,269556908032.0,
514635,2.5363945960998535,0.002,0.0755747854709625,485.0820680148899,1080823.2968609892,0.1914000604301691,269643415552.0,
514800,2.546365261077881,0.002,0.0687855705618858,496.3207880500704,1056349.0642006076,0.1568109728395939,269729923072.0,
514965,2.5667784214019775,0.002,0.0691468343138694,482.677198946476,1086208.3420230884,0.1580499811097979,269816430592.0,
515130,2.540225028991699,0.002,0.0725032985210418,481.43095907289535,1089020.1182940863,0.1785090425983071,269902938112.0,
515295,2.5513665676116943,0.002,0.0769169777631759,481.633287970908,1088562.6328047086,0.1939201029017567,269989445632.0,
515460,2.5898497104644775,0.002,0.0812727287411689,1139.8383430205286,459966.9797128044,0.1629289472475648,270074904576.0,
515625,2.5567474365234375,0.002,0.0761781707406044,481.6230799769982,1088585.7048732785,0.1572599867358803,270161412096.0,
515790,2.5263478755950928,0.002,0.0787024348974227,482.7030809829011,1086150.1006631693,0.164210912771523,270247919616.0,
515955,2.534731864929199,0.002,0.0781665220856666,481.5287209348753,1088799.021130263,0.159549992531538,270334427136.0,
516120,2.5628583431243896,0.002,0.0808370560407638,481.4254200318828,1089032.648016963,0.1612500054761767,270420934656.0,
516285,2.508394241333008,0.002,0.0757598951458931,481.20065103285015,1089541.3355627577,0.1635599182918667,270507442176.0,
516450,2.578096866607666,0.002,0.0640418976545333,482.5187500100583,1086565.0298337028,0.1654799561947584,270593949696.0,
516615,2.550445556640625,0.002,0.0656026229262352,483.20152901578695,1085029.679164924,0.1613199710845947,270680457216.0,
516780,2.5640673637390137,0.002,0.0678689554333686,481.29726096522063,1089322.6338927492,0.1760699087753892,270766964736.0,
516945,2.5570755004882812,0.002,0.0733249709010124,479.79158093221486,1092741.141854408,0.1629510661587119,270853472256.0,
517110,2.529906988143921,0.002,0.07212994992733,480.8782999170944,1090271.69678979,0.1559399534016847,270939979776.0,
517275,2.5895142555236816,0.002,0.0753320679068565,481.0195410391316,1089951.561775218,0.1771399984136223,271026487296.0,
517440,2.599757194519043,0.002,0.084643580019474,502.937269047834,1042452.0755691607,0.3114399733021855,271112994816.0,
517605,2.5499186515808105,0.002,0.076625719666481,480.68219097331166,1090716.506343605,0.1779599115252494,271199502336.0,
517770,2.561391592025757,0.002,0.065146617591381,485.5477008968592,1079786.8037096732,0.2184199402108788,271286009856.0,
517935,2.5013067722320557,0.002,0.074943371117115,479.8556020250544,1092595.35115863,0.1668710028752684,271371993088.0,
518100,2.5219268798828125,0.002,0.070687748491764,478.60777098685503,1095443.976847588,0.1728599891066551,271458500608.0,
518265,2.499765396118164,0.002,0.0737772211432457,481.1063410015777,1089754.9155318255,0.1690901117399335,271545008128.0,
518430,2.5720791816711426,0.002,0.0779119655489921,478.8580910535529,1094871.340372458,0.1743299653753638,271631515648.0,
518595,2.494889736175537,0.002,0.0725528821349144,502.14586907532066,1044095.0175801568,0.1719699939712882,271718023168.0,
518760,2.566827297210694,0.002,0.0661531463265419,482.7228899812326,1086105.5294485483,0.1936699263751506,271804530688.0,
518925,2.48911714553833,0.002,0.0679709017276763,480.0108600175008,1092241.9546526195,0.1547799911350011,271891038208.0,
519090,2.5066123008728027,0.002,0.0804634243249893,478.7732510594651,1095065.3547160716,0.1784900669008493,271977545728.0,
519255,2.5621728897094727,0.002,0.0721215307712555,480.7534399442374,1090554.859182728,0.1853300491347909,272064053248.0,
519420,2.5640597343444824,0.002,0.0726960450410842,479.19678897596896,1094097.481580354,0.1513099996373057,272150560768.0,
519585,2.5896387100219727,0.002,0.0955797880887985,481.2575399409979,1089412.5421168,0.1753800315782427,272237068288.0,
519750,2.523780345916748,0.002,0.0727401152253151,481.00030899513513,1089995.141781297,0.1725599868223071,272323575808.0,
519915,2.5741312503814697,0.002,0.0731120035052299,479.2789400089532,1093909.9472849902,0.1520899822935462,272410083328.0,
520080,2.525515079498291,0.002,0.0673581957817077,478.15803007688373,1096474.3181573234,0.1585499849170446,272496590848.0,
520245,2.5819411277770996,0.002,0.0900021269917488,482.7385499374941,1086070.2963703352,0.1746000489220023,272583098368.0,
520410,2.6015636920928955,0.002,0.0871705189347267,481.1835900181904,1089579.9667236784,0.1601199619472026,272668033024.0,
520575,2.529118776321411,0.002,0.083229012787342,480.4402310401201,1091265.8144072415,0.9359099203720688,272754540544.0,
520740,2.583688259124756,0.002,0.0776923894882202,480.7589210104197,1090542.4259171195,0.2047200687229633,272841048064.0,
520905,2.5747368335723877,0.002,0.07281194627285,479.33055099565536,1093792.1626546858,0.2207499928772449,272927555584.0,
521070,2.5613207817077637,0.002,0.0761321410536766,485.4911200236529,1079912.64592946,0.1599289244040846,273014063104.0,
521235,2.57311487197876,0.002,0.0714672058820724,479.5835609547794,1093215.1197097348,0.1855900045484304,273100570624.0,
521400,2.5942938327789307,0.002,0.0650248527526855,481.6732610343024,1088472.2952529904,0.201739021576941,273187078144.0,
521565,2.654888153076172,0.002,0.080863632261753,482.0904900552705,1087530.2683110212,0.175019958987832,273273585664.0,
521730,2.575611352920532,0.002,0.066381387412548,480.9631999814883,1090079.241031703,0.1787299988791346,273360093184.0,
521895,2.53200626373291,0.002,0.0690863877534866,481.2426510034129,1089446.2469335075,0.2263599308207631,273446600704.0,
522060,2.5040462017059326,0.002,0.0803776383399963,480.5653509683907,1090981.6925908276,0.1803489867597818,273533108224.0,
522225,2.531043529510498,0.002,0.0692009329795837,480.5430700071156,1091032.2772779486,0.1705799950286746,273619615744.0,
522390,2.553932428359986,0.002,0.0750370845198631,482.93683398514986,1085624.37798257,0.1903600059449672,273706123264.0,
522555,2.579834461212158,0.002,0.0785248130559921,478.9315849775448,1094703.3280851203,0.1701799919828772,273792630784.0,
522720,2.474794387817383,0.002,0.0919013619422912,481.2471539480612,1089436.0531773327,0.1712200464680791,273879138304.0,
522885,2.560544490814209,0.002,0.0785377025604248,491.11847404856235,1067538.7461563048,0.1595199573785066,273965121536.0,
523050,2.569159984588623,0.002,0.0818116292357444,481.7882049828768,1088212.609975858,0.1938699278980493,274051629056.0,
523215,2.500744581222534,0.002,0.0793397352099418,479.7885649604723,1092748.0108726514,0.1749399816617369,274138136576.0,
523380,2.59005069732666,0.002,0.075743556022644,480.4027749923989,1091350.8982297103,0.1702199224382639,274224644096.0,
523545,2.535238742828369,0.002,0.0805456638336181,480.19355500582606,1091826.3990311967,0.2069899346679449,274311151616.0,
523710,2.3234126567840576,0.002,0.0821669325232505,479.55712396651506,1093275.3863888136,0.1621900591999292,274397659136.0,
523875,2.497130870819092,0.002,0.0733028650283813,497.5282039958984,1053785.4855045006,0.1635700464248657,274484166656.0,
524040,2.5719408988952637,0.002,0.0824137851595878,480.3454240318388,1091481.2003397967,0.1577700022608041,274570674176.0,
524205,2.5577313899993896,0.002,0.0783060789108276,481.4520450308919,1088972.4229260664,0.2230600221082568,274657181696.0,
524370,2.5324766635894775,0.002,0.0716020688414573,482.0438950555399,1087635.3904235067,0.2325699897482991,274743689216.0,
524535,2.5429282188415527,0.002,0.0830200985074043,481.6450129728764,1088536.133207145,0.2035199431702494,274830196736.0,
524700,2.559412002563477,0.002,0.0824148505926132,479.00220402516425,1094541.9365386816,0.2418399089947343,274916704256.0,
524865,2.5686776638031006,0.002,0.0779791697859764,482.34128404874355,1086964.805498626,0.1908299745991826,275003211776.0,
525030,2.586385488510132,0.002,0.0855546593666076,481.62626393605024,1088578.5083963245,0.1718599814921617,275089719296.0,
525195,2.5587644577026367,0.002,0.0644630566239357,481.17746296338737,1089593.8408484708,0.2084400039166212,275176226816.0,
525360,2.413379430770874,0.002,0.0965215563774108,481.56145401299,1088725.01241733,0.2277699531987309,275261685760.0,
525525,2.57857608795166,0.002,0.0730504244565963,481.0403829906136,1089904.3376369304,0.1883290242403745,275348193280.0,
525690,2.5082221031188965,0.002,0.0854667276144027,489.949623006396,1070085.5259014163,0.1891199499368667,275434700800.0,
525855,2.613457202911377,0.002,0.0815569013357162,481.07647395227104,1089822.571643809,0.2381800441071391,275521208320.0,
526020,2.492837190628052,0.002,0.0730104222893714,507.49837211333215,1033083.116733463,0.1576599897816777,275607715840.0,
526185,2.5382654666900635,0.002,0.0850651785731315,480.7220340007916,1090626.1059777772,0.2303599612787366,275694223360.0,
526350,2.565051794052124,0.002,0.0804599523544311,480.1918730372563,1091830.223372653,0.2220399910584092,275780730880.0,
526515,2.583280086517334,0.002,0.0744777172803878,480.5604430148378,1090992.8347635805,0.2041689585894346,275867238400.0,
526680,2.5062906742095947,0.002,0.0746375918388366,485.72782205883414,1079386.3892286888,0.2219490706920623,275953745920.0,
526845,2.5704874992370605,0.002,0.0675971210002899,481.719680945389,1088367.4068932985,0.2169100334867835,276040253440.0,
527010,2.5684642791748047,0.002,0.0702867954969406,478.8105220068246,1094980.1140596638,0.1558100339025259,276126760960.0,
527175,2.5154948234558105,0.002,0.0799014195799827,479.2283319402486,1094025.4677291692,0.1891599968075752,276213268480.0,
527340,2.546453952789306,0.002,0.0724528133869171,480.53096095100045,1091059.770555474,0.2069700276479125,276299776000.0,
527505,2.5459208488464355,0.002,0.0884673371911048,479.8406119225547,1092629.4835682209,0.1620299881324172,276386283520.0,
527670,2.5538837909698486,0.002,0.0737848281860351,482.16617200523615,1087359.566971667,0.1642400166019797,276472791040.0,
527835,2.578583002090454,0.002,0.0862825065851211,522.3922090372071,1003629.0567316978,0.1560299424454569,276559298560.0,
528000,2.6017770767211914,0.002,0.072806604206562,479.8521720804274,1092603.1609420844,0.1649300102144479,276645281792.0,
528165,2.557267189025879,0.002,0.0782860815525055,480.3015519864857,1091580.8991904985,0.1823899801820516,276731789312.0,
528330,2.5568530559539795,0.002,0.0843713507056236,478.84424205403775,1094903.0059357672,0.1792800612747669,276818296832.0,
528495,2.536404609680176,0.002,0.0820971950888633,1413.1520480150357,371006.0787417984,0.1783310435712337,276904804352.0,
528660,2.59321928024292,0.002,0.0675979927182197,480.6794369360432,1090722.7555685083,0.2041900297626853,276991311872.0,
528825,2.6157140731811523,0.002,0.0767465680837631,482.0920170750469,1087526.8235739828,0.2440600655972957,277077819392.0,
528990,2.4874439239501953,0.002,0.0792557522654533,480.3005660651252,1091583.139897675,0.2358310157433152,277164326912.0,
529155,2.5853021144866943,0.002,0.081930860877037,479.58550602197647,1093210.6859292262,0.1982910325750708,277250834432.0,
529320,2.500459671020508,0.002,0.0830998867750167,481.2444160925224,1089442.2511059372,0.2320300554856658,277337341952.0,
529485,2.6301846504211426,0.002,0.0780811235308647,480.52165703848,1091080.8957732683,0.2187800128012895,277423849472.0,
529650,2.597026824951172,0.002,0.0762964412569999,480.2143760025501,1091779.059936381,0.1821399200707674,277510356992.0,
529815,2.4714159965515137,0.002,0.0743185877799987,483.97356702480465,1083298.8322544673,0.2171800006181001,277596864512.0,
529980,2.5578794479370117,0.002,0.0695515424013137,481.2256069853902,1089484.832871575,0.2269690157845616,277683372032.0,
530145,2.674154281616211,0.002,0.0796767473220825,481.4991659950465,1088865.8527923466,0.1908100675791502,277769879552.0,
530310,2.5663881301879883,0.002,0.0698978975415229,480.3443469572812,1091483.647764521,0.2079299883916974,277856387072.0,
530475,2.509472370147705,0.002,0.0812579095363617,481.92704503890127,1087899.1029807827,0.2369499998167157,277941846016.0,
530640,2.61310076713562,0.002,0.0692628771066665,483.0785859376192,1085305.818270533,0.225609983317554,278028353536.0,
530805,2.520544052124023,0.002,0.0714429095387458,481.94064502604306,1087868.4033210534,0.2152890665456652,278114861056.0,
530970,2.5321998596191406,0.002,0.0900674238801002,480.8936250628903,1090236.951948437,0.2514499938115477,278201368576.0,
531135,2.48512601852417,0.002,0.067989096045494,481.7827349761501,1088224.9651929808,0.1930400030687451,278287876096.0,
531300,2.5105810165405273,0.002,0.0741016343235969,481.2981750583276,1089320.565024919,0.4197499947622418,278374383616.0,
531465,2.5530893802642822,0.002,0.0748510584235191,480.7453639805317,1090573.17923763,0.2151699736714363,278460891136.0,
531630,2.471384048461914,0.002,0.0867420434951782,481.5594250103459,1088729.5996516652,0.1972710015252232,278547398656.0,
531795,2.4536166191101074,0.002,0.0852033495903015,485.2580250008032,1080431.3849299704,0.2146910410374403,278633906176.0,
531960,2.5260815620422363,0.002,0.0945280045270919,482.4574950616807,1086702.984960305,0.1781099708750844,278720413696.0,
532125,2.585961103439331,0.002,0.0716922655701637,488.37184498552233,1073542.6404762182,0.1813500421121716,278806921216.0,
532290,2.569917678833008,0.002,0.0687065422534942,481.4721349393949,1088926.9844577704,0.1923489617183804,278893428736.0,
532455,2.5468456745147705,0.002,0.0733459517359733,480.65558599773794,1090776.879065476,0.2287700772285461,278979936256.0,
532620,2.5926380157470703,0.002,0.071068562567234,480.017215013504,1092227.4943519484,0.1665399176999926,279066443776.0,
532785,2.443056344985962,0.002,0.0834981203079223,480.0944949965924,1092051.6803753837,0.1924890093505382,279152951296.0,
532950,2.578894853591919,0.002,0.0820524469017982,483.8852669345215,1083496.514207666,0.18654006998986,279238934528.0,
533115,2.549513339996338,0.002,0.0821870416402816,487.132144975476,1076274.6934435924,0.2914400538429618,279325442048.0,
533280,2.5541467666625977,0.002,0.0764731764793396,480.92414694838226,1090167.759982058,0.2184200566262006,279411949568.0,
533445,2.541356086730957,0.002,0.0747716501355171,507.5034439796582,1033072.792351365,0.177831039763987,279498457088.0,
533610,2.4957478046417236,0.002,0.073750764131546,481.5800779033452,1088682.908733667,0.1770899398252368,279584964608.0,
533775,2.546525001525879,0.002,0.0782158523797988,479.14143197704107,1094223.8867481663,0.181599985808134,279671472128.0,
533940,2.519932746887207,0.002,0.0934742167592048,480.0524719757959,1092147.2768219272,0.2142200246453285,279757979648.0,
534105,2.5322160720825195,0.002,0.0743184462189674,480.55954196024686,1090994.880387518,0.1918800408020615,279844487168.0,
534270,2.548034906387329,0.002,0.066927321255207,480.77394091524184,1090508.3561765456,0.1797500299289822,279930994688.0,
534435,2.644320011138916,0.002,0.0764436647295951,479.5176920015365,1093365.2892171496,0.1676490064710378,280017502208.0,
534600,2.3663430213928223,0.002,0.0883846282958984,480.13636108953506,1091956.4575577553,0.1753401011228561,280104009728.0,
534765,2.5666966438293457,0.002,0.0629956126213073,479.7976920381189,1092727.223786534,0.1974200131371617,280190517248.0,
534930,2.5914297103881836,0.002,0.0858044624328613,479.5128640253097,1093376.2977677423,0.192060018889606,280277024768.0,
535095,2.5851845741271973,0.002,0.0801580175757408,481.2498850515112,1089429.8706042955,1.208019908517599,280363532288.0,
535260,2.511141777038574,0.002,0.0893744826316833,480.926223914139,1090163.0518979612,0.1849200343713164,280450039808.0,
535425,2.594637870788574,0.002,0.0811256468296051,480.28446396347135,1091619.736506562,0.2024599816650152,280535498752.0,
535590,2.627777099609375,0.002,0.0641073808073997,479.2551049031317,1093964.351419836,0.2512100618332624,280622006272.0,
535755,2.5937013626098633,0.002,0.0922104567289352,502.5084529770538,1043341.6530486518,0.2518600085750222,280708513792.0,
535920,2.585078239440918,0.002,0.0896566584706306,481.9309340091422,1087890.3241144803,0.1673700753599405,280795021312.0,
536085,2.6704843044281006,0.002,0.0844770595431327,484.70649495720863,1081660.7688458678,0.166730023920536,280881528832.0,
536250,2.5210697650909424,0.002,0.0687024593353271,481.8029450252652,1088179.3177343633,0.1702599693089723,280968036352.0,
536415,2.604654312133789,0.002,0.0799139961600303,482.1312139974907,1087438.4084220042,0.1883889781311154,281054543872.0,
536580,2.635611772537231,0.002,0.0717863589525222,479.81469007208943,1092688.5125614405,0.1496599288657307,281141051392.0,
536745,2.579085350036621,0.002,0.0866093784570694,481.53964907396585,1088774.3117482478,0.1904399832710623,281227558912.0,
536910,2.6039836406707764,0.002,0.0873041972517967,481.4437000313774,1088991.2983923776,0.1768999500200152,281314066432.0,
537075,2.595050811767578,0.002,0.0784166753292083,479.6202189754694,1093131.5638025992,0.163670047186315,281400573952.0,
537240,2.536160945892334,0.002,0.0733429640531539,479.3718589935452,1093697.9093865824,0.161050003953278,281487081472.0,
537405,2.5506527423858643,0.002,0.0727061852812767,481.3625500537455,1089174.8847962138,0.1699799904599785,281573588992.0,
537570,2.5164499282836914,0.002,0.0739262104034423,481.81600007228553,1088149.8329680676,0.1931090373545885,281660096512.0,
537735,2.5277280807495117,0.002,0.0830586180090904,480.68295896518975,1090714.763695145,0.1590109895914793,281746604032.0,
537900,2.501975774765014,0.002,0.0742238014936447,480.34821008332074,1091474.8696764323,0.1753000542521476,281832587264.0,
538065,2.5779709815979004,0.002,0.0719005465507507,503.5904380492866,1041099.9899658296,0.25922991335392,281919094784.0,
538230,2.5919971466064453,0.002,0.0756783410906791,481.8788700504229,1088007.8637711164,0.1672198995947837,282005602304.0,
538395,2.5364603996276855,0.002,0.0737701058387756,481.8684689234942,1088031.348411885,0.1854110741987824,282092109824.0,
538560,2.535776138305664,0.002,0.0716650560498237,480.44141998980194,1091263.1138487784,0.1670399215072393,282178617344.0,
538725,2.545021295547486,0.002,0.0702519416809082,482.1648000506684,1087362.6609509964,0.1755799166858196,282265124864.0,
538890,2.5816471576690674,0.002,0.0766773000359535,482.3942390503362,1086845.4835450312,0.2158900024369359,282351632384.0,
539055,2.4424803256988525,0.002,0.0794859230518341,487.2761490987614,1075956.6233021943,0.182650052011013,282438139904.0,
539220,2.558656692504883,0.002,0.080994427204132,518.8286739867181,1010522.4061178656,0.1890399726107716,282524647424.0,
539385,2.535308837890625,0.002,0.0816972330212593,481.93334706593305,1087884.8770103315,0.2014499623328447,282611154944.0,
539550,2.556731700897217,0.002,0.0755311250686645,481.68721701949835,1088440.7588063048,0.18093001563102,282697662464.0,
539715,2.561989068984986,0.002,0.0742457658052444,481.4774460392073,1088914.9726803747,0.1701199216768145,282784169984.0,
539880,2.543638229370117,0.002,0.0891622900962829,478.2304180553183,1096308.3488749436,0.2056499943137169,282870677504.0,
540045,2.4648380279541016,0.002,0.0760062709450721,481.3949270173907,1089101.6306473452,0.1663399161770939,282957185024.0,
540210,2.547499418258667,0.002,0.0720155760645866,481.7466059466824,1088306.577624391,0.1727499766275286,283043692544.0,
540375,2.57165002822876,0.002,0.0739955604076385,480.966127011925,1090072.607102747,0.1590499887242913,283128627200.0,
540540,2.5586700439453125,0.002,0.074995569884777,480.1593660376966,1091904.1407573812,0.1919600181281566,283215134720.0,
540705,2.500718116760254,0.002,0.0765348151326179,481.861207052134,1088047.7455477668,0.1543399412184953,283301642240.0,
540870,2.517600774765014,0.002,0.0762926116585731,480.0400889944285,1092175.4495510166,0.1833700807765126,283388149760.0,
541035,2.571472644805908,0.002,0.0782659277319908,481.49505991023034,1088875.1384027656,0.2595899859443307,283474657280.0,
541200,2.489910364151001,0.002,0.0759685188531875,480.3114699898288,1091558.3590187894,0.174119952134788,283561164800.0,
541365,2.5643577575683594,0.002,0.073389358818531,482.9582999227569,1085576.1254829937,0.1757089048624038,283647672320.0,
541530,2.5606937408447266,0.002,0.0682084634900093,494.5996589958668,1060024.9928687906,0.2184499753639102,283734179840.0,
541695,2.5225884914398193,0.002,0.0737292543053627,498.20520903449506,1052353.509141449,0.2019000239670276,283820687360.0,
541860,2.536273241043091,0.002,0.1017099395394325,479.23276002984494,1094015.3589820303,0.1792690018191933,283907194880.0,
542025,2.5583620071411133,0.002,0.0777699127793312,481.4059089403599,1089076.7858542271,0.1833100104704499,283993702400.0,
542190,2.487095594406128,0.002,0.0672961920499801,480.0271900603548,1092204.797678399,0.1947500277310609,284080209920.0,
542355,2.631225347518921,0.002,0.0696435123682022,481.38480994384736,1089124.5198641752,0.3185400273650884,284166717440.0,
542520,2.582535743713379,0.002,0.0636600852012634,480.98342993762344,1090033.3927677977,0.2152899978682398,284253224960.0,
542685,2.5801448822021484,0.002,0.0803668275475502,503.8322190521285,1040600.3827749552,0.1862599747255444,284339732480.0,
542850,2.5855154991149902,0.002,0.0755446180701255,479.88592891488224,1092526.3034603235,0.1789800589904189,284426240000.0,
543015,2.4979772567749023,0.002,0.0780130103230476,479.25727104302496,1093959.4069360138,0.1935799373313784,284512223232.0,
543180,2.5426836013793945,0.002,0.0770842880010604,481.2534210504964,1089421.8660421495,0.2420099917799234,284598730752.0,
543345,2.433237075805664,0.002,0.063965119421482,479.31269998662174,1093832.898678949,0.197670073248446,284685238272.0,
543510,2.534054756164551,0.002,0.0787559524178505,480.7903510518372,1090471.1353982082,0.2426300197839737,284771745792.0,
543675,2.5802314281463623,0.002,0.0763668641448021,486.91147996578366,1076762.453899922,0.2434090711176395,284858253312.0,
543840,2.532153606414795,0.002,0.0755405351519584,481.7047509131953,1088401.1399224882,0.2458600793033838,284944760832.0,
544005,2.5666251182556152,0.002,0.088126502931118,480.41358997579664,1091326.3299366983,0.3736000508069992,285031268352.0,
544170,2.4647345542907715,0.002,0.0716441646218299,480.7530699763447,1090555.698429128,0.1875798916444182,285117775872.0,
544335,2.5109148025512695,0.002,0.0768267810344696,1667.9543280042708,314329.94968592306,0.1604600111022591,285204283392.0,
544500,2.541393756866455,0.002,0.0818091928958892,478.63041004166007,1095392.162721892,0.2836600178852677,285290790912.0,
544665,2.5688366889953613,0.002,0.0639647617936134,481.2402800889686,1089451.614281068,0.1630289480090141,285377298432.0,
544830,2.5425214767456055,0.002,0.0737423151731491,481.1076500918716,1089751.9503169046,0.2154700923711061,285463805952.0,
544995,2.4461328983306885,0.002,0.065883494913578,481.0027410276234,1089989.630578614,0.1842000056058168,285550313472.0,
545160,2.6193017959594727,0.002,0.0698987320065498,479.62872101925313,1093112.1866218562,0.1719599822536111,285636820992.0,
545325,2.53391695022583,0.002,0.0702297315001487,479.41093100234866,1093608.7729660706,0.1904700184240937,285723328512.0,
545490,2.5421810150146484,0.002,0.0679400414228439,479.6586510492489,1093043.9779479112,0.1940199872478842,285808787456.0,
545655,2.577737808227539,0.002,0.0827307403087616,481.8892809562385,1087984.3580658766,0.1968999858945608,285895294976.0,
545820,2.5834641456604004,0.002,0.0989747047424316,495.032459963113,1059098.2256781035,0.1773000694811344,285981802496.0,
545985,2.482539176940918,0.002,0.1058549657464027,481.38928099069744,1089114.4042946224,0.1645000884309411,286068310016.0,
546150,2.536707639694214,0.002,0.0895473435521125,480.7878809515387,1090476.7378128774,0.1887199468910694,286154817536.0,
546315,2.5114388465881348,0.002,0.0684640780091285,480.73423199821264,1090598.4327780288,0.2040599938482046,286241325056.0,
546480,2.5649163722991943,0.002,0.0870365723967552,497.4937610095367,1053858.4422367252,0.1969999866560101,286327832576.0,
546645,2.5530028343200684,0.002,0.0799222663044929,482.4800220085308,1086652.2469001422,0.1872400753200054,286414340096.0,
546810,2.558483123779297,0.002,0.0825292989611625,481.52194102294743,1088814.3516081534,0.2072399947792291,286500847616.0,
546975,2.582247018814087,0.002,0.0815485715866088,480.6091820355505,1090882.1961733112,0.1817200100049376,286587355136.0,
547140,2.6301157474517822,0.002,0.0857182443141937,481.92841198761016,1087896.017248053,0.1773890107870102,286673862656.0,
547305,2.6190154552459717,0.002,0.0803420767188072,480.725321918726,1090618.646647116,0.1687109470367431,286760370176.0,
547470,2.564945697784424,0.002,0.0763209238648414,481.74389102496207,1088312.7108981512,0.182720017619431,286846877696.0,
547635,2.5620250701904297,0.002,0.0771130472421646,497.97463102731854,1052840.7821065043,0.1972099998965859,286933385216.0,
547800,2.5589749813079834,0.002,0.0746139138936996,480.968602001667,1090066.9977583752,0.2602100139483809,287019892736.0,
547965,2.536623954772949,0.002,0.0805184170603752,481.2336110044271,1089466.7122392182,0.2203099429607391,287105875968.0,
548130,2.6081700325012207,0.002,0.0830808281898498,480.819760938175,1090404.4354936865,0.1746099442243576,287192383488.0,
548295,2.579291343688965,0.002,0.0780838802456855,486.1320209456608,1078488.9236058043,0.1439100597053766,287278891008.0,
548460,2.5007612705230713,0.002,0.0773172006011009,481.3812330830842,1089132.612507788,0.1798400189727544,287365398528.0,
548625,2.5892577171325684,0.002,0.0803872942924499,479.893752024509,1092508.4933658892,0.153130036778748,287451906048.0,
548790,2.5480496883392334,0.002,0.0812075287103653,481.7813920089975,1088227.99862351,0.1646099844947457,287538413568.0,
548955,2.54910659790039,0.002,0.0756318345665931,481.8573830416426,1088056.3802727717,0.1870999112725258,287624921088.0,
549120,2.5952577590942383,0.002,0.07121142745018,483.0026719719171,1085476.396765116,0.1818500459194183,287711428608.0,
549285,2.566033363342285,0.002,0.0856583714485168,480.3831819444895,1091395.4103842543,0.1667289761826396,287797936128.0,
549450,2.53891658782959,0.002,0.0845178812742233,480.75100302230567,1090560.387194188,0.172029947862029,287884443648.0,
549615,2.5636842250823975,0.002,0.0835577845573425,480.14444299042225,1091938.077497355,0.1672899816185236,287970951168.0,
549780,2.4894189834594727,0.002,0.0791231989860534,480.3549430798739,1091459.5707883053,0.195569940842688,288057458688.0,
549945,2.5822861194610596,0.002,0.0671499967575073,482.23706195130944,1087199.7226396017,0.2248699311167001,288143966208.0,
550110,2.573448657989502,0.002,0.0780351608991622,481.8949819309637,1087971.4868562578,0.1632600324228406,288230473728.0,
550275,2.546088457107544,0.002,0.073750652372837,479.5386720215902,1093317.4540225507,0.1563200494274497,288316981248.0,
550440,2.643681764602661,0.002,0.0738631635904312,481.69627296738327,1088420.2959890885,0.202708994038403,288402440192.0,
550605,2.555006742477417,0.002,0.0915071442723274,480.2652728976682,1091663.3568709265,0.1955799525603652,288488947712.0,
550770,2.598860502243042,0.002,0.0772760510444641,481.0295320348814,1089928.9234532523,0.2050700131803751,288575455232.0,
550935,2.5401859283447266,0.002,0.0832138434052467,482.1012429893017,1087506.011702265,0.1907700207084417,288661962752.0,
551100,2.5644898414611816,0.002,0.077824629843235,480.2931930171326,1091599.896943153,0.2114300150424242,288748470272.0,
551265,2.6553449630737305,0.002,0.0769813507795333,480.75024492572993,1090562.1069022983,0.1859300537034869,288834977792.0,
551430,2.461838960647583,0.002,0.0707408785820007,483.9293949771673,1083397.7134716872,0.1826100051403045,288921485312.0,
551595,2.555844306945801,0.002,0.0728283151984214,503.6755260080099,1040924.1127027924,0.2341399667784571,289007992832.0,
551760,2.5298590660095215,0.002,0.077653057873249,484.0740150539205,1083074.0417694186,0.2025800058618188,289094500352.0,
551925,2.566229343414306,0.002,0.0780273377895355,480.7486340869218,1090565.7610359555,0.2179889706894755,289181007872.0,
552090,2.5472350120544434,0.002,0.0877035185694694,517.4983369652182,1013120.163969219,0.194680062122643,289267515392.0,
552255,2.6051185131073,0.002,0.0777544528245925,478.7556519731879,1095105.609383724,0.1853599678725004,289354022912.0,
552420,2.522005081176758,0.002,0.0853358283638954,480.6996219558642,1090676.9551155127,0.1809699460864067,289440530432.0,
552585,2.4902544021606445,0.002,0.0766452625393867,500.542531022802,1047439.463193421,0.1889700070023536,289527037952.0,
552750,2.537850141525269,0.002,0.0659442022442817,480.9544010786339,1090099.1836735082,0.2079700352624058,289613545472.0,
552915,2.560795545578003,0.002,0.0784431025385856,484.1944209765643,1082804.7108485298,0.1926299883052706,289699528704.0,
553080,2.5222902297973633,0.002,0.0724026560783386,480.4835409158841,1091167.449774902,0.2039800165221095,289786036224.0,
553245,2.546943187713623,0.002,0.0655605196952819,481.9700720254332,1087801.9828009857,0.3864290192723274,289872543744.0,
553410,2.5835134983062744,0.002,0.0775001943111419,481.24842206016183,1089433.1824623784,0.2115309471264481,289959051264.0,
553575,2.59478759765625,0.002,0.06755892932415,502.93236097786576,1042462.2487616662,0.1959599321708083,290045558784.0,
553740,2.5555882453918457,0.002,0.0821133777499198,480.6337220361456,1090826.4983549602,0.19399996381253,290132066304.0,
553905,2.5254740715026855,0.002,0.0910040810704231,479.7354220645502,1092869.0604994665,0.1886500976979732,290218573824.0,
554070,2.5273914337158203,0.002,0.0725214630365371,481.38158197980374,1089131.823124044,0.1850700937211513,290305081344.0,
554235,2.5141589641571045,0.002,0.0779006257653236,478.1135820085183,1096576.2524409087,0.1525400439277291,290391588864.0,
554400,2.5150418281555176,0.002,0.0821055546402931,480.8119519148022,1090422.1451069536,0.1668999902904033,290478096384.0,
554565,2.5210533142089844,0.002,0.0875571891665458,482.4903319822624,1086629.0270439535,0.208549085073173,290564603904.0,
554730,2.563021183013916,0.002,0.0808766484260559,479.7642519697547,1092803.388012853,0.1742199528962373,290651111424.0,
554895,2.5780069828033447,0.002,0.0802531689405441,478.4700209274888,1095759.3518266734,0.1600499963387847,290737618944.0,
555060,2.607704162597656,0.002,0.0672961771488189,479.74432189948857,1092848.7864622269,0.2133400412276387,290824126464.0,
555225,2.5537877082824707,0.002,0.0694486275315284,481.6651049768552,1088490.7264045896,0.1803900813683867,290910633984.0,
555390,2.570370674133301,0.002,0.0799088552594184,479.20882201287895,1094070.00855654,0.152149936184287,290996092928.0,
555555,2.493408679962158,0.002,0.0836598500609397,479.85969099681824,1092586.0409547847,0.1639199908822775,291082600448.0,
555720,2.600325584411621,0.002,0.0740271285176277,482.5677810003981,1086454.6300897107,0.2382800448685884,291169107968.0,
555885,2.53353214263916,0.002,0.0726358443498611,480.8126909192651,1090420.4691386465,0.1695200335234403,291255615488.0,
556050,2.538830280303955,0.002,0.0743622407317161,481.37413093354553,1089148.6814699206,0.2391289453953504,291342123008.0,
556215,2.5682592391967773,0.002,0.0982703864574432,480.2670910721645,1091659.2240987443,0.177720095962286,291428630528.0,
556380,2.5422585010528564,0.002,0.0719023421406745,481.0446809278801,1089894.599787921,0.1858599716797471,291515138048.0,
556545,2.5249974727630615,0.002,0.0784127116203308,478.7880020448938,1095031.616834124,0.1890490530058741,291601645568.0,
556710,2.627072334289551,0.002,0.0755062699317932,479.6149319736287,1093143.613862355,0.1891490537673235,291688153088.0,
556875,2.603313446044922,0.002,0.0812734365463256,492.2395310131833,1065107.466929466,0.1758299767971038,291774660608.0,
557040,2.537691354751587,0.002,0.0769257023930549,482.0150410523638,1087700.4975930697,0.1851599663496017,291861168128.0,
557205,2.521603584289551,0.002,0.071982130408287,481.1769410734996,1089595.0226341274,0.1833799760788679,291947675648.0,
557370,2.58644700050354,0.002,0.0717637240886688,480.25390203110874,1091689.2039453725,0.2098799450322985,292034183168.0,
557535,2.508573055267334,0.002,0.0836582630872726,481.0530350077898,1089875.6724225015,0.2417699433863163,292120690688.0,
557700,2.557241678237915,0.002,0.0879371240735054,480.4432441014797,1091258.9706210117,0.1967300195246935,292207198208.0,
557865,2.6010990142822266,0.002,0.0820514038205146,490.55596394464374,1068762.8701608502,0.169471139088273,292293181440.0,
558030,2.5027666091918945,0.002,0.0709574669599533,480.9266640804708,1090162.0541303025,0.1948699355125427,292379688960.0,
558195,2.5375423431396484,0.002,0.0720190182328224,480.11014400981367,1092016.085353288,0.1829301472753286,292466196480.0,
558360,2.561527967453003,0.002,0.0809900239109993,481.8183849565685,1088144.4468900035,0.1662999857217073,292552704000.0,
558525,2.549870252609253,0.002,0.0779323354363441,483.45619486644864,1084458.1278865004,0.16613001935184,292639211520.0,
558690,2.54127836227417,0.002,0.074676290154457,481.2763449735939,1089369.9752244544,0.1570498570799827,292725719040.0,
558855,2.5535480976104736,0.002,0.0737346187233924,481.5527240280062,1088744.749722376,0.1931288279592991,292812226560.0,
559020,2.564887285232544,0.002,0.0787456929683685,482.5560550671071,1086481.030534555,0.1934000756591558,292898734080.0,
559185,2.487356424331665,0.002,0.0680911689996719,479.67360401526093,1093009.9042583958,0.1513599418103695,292985241600.0,
559350,2.503586530685425,0.002,0.0818189829587936,480.73448007926345,1090597.869979194,0.1797799486666917,293071749120.0,
559515,2.5144505500793457,0.002,0.0822400972247123,481.9684911053628,1087805.550934627,0.2452598419040441,293158256640.0,
559680,2.6146087646484375,0.002,0.0790386870503425,483.07404411025345,1085316.0222376597,0.1559099182486534,293244764160.0,
559845,2.543025255203247,0.002,0.0791685953736305,1626.2083819601685,322399.0269734335,0.1974289771169424,293331271680.0,
560010,2.5561418533325195,0.002,0.0827997326850891,481.9600540213287,1087824.5938133248,0.1879599876701831,293417779200.0,
560175,2.5625014305114746,0.002,0.0751932263374328,486.7079940158874,1077212.633542415,0.1758099533617496,293504286720.0,
560340,2.5247321128845215,0.002,0.0717676356434822,480.59669393114746,1090910.5422916454,0.2063899300992488,293590794240.0,
560505,2.546139717102051,0.002,0.0880198031663894,480.8722939342261,1090285.3140291595,0.1995509956032037,293675728896.0,
560670,2.4526848793029785,0.002,0.0723723247647285,480.16282403841615,1091896.277163793,0.1810700632631778,293762236416.0,
560835,2.547348976135254,0.002,0.0770861282944679,492.65253404155374,1064214.560511685,0.1667500473558902,293848743936.0,
561000,2.5815770626068115,0.002,0.0837044790387153,481.5760040655732,1088692.1183236758,0.2259900793433189,293935251456.0,
561165,2.4513349533081055,0.002,0.0799778029322624,495.6869629677385,1057699.7967850992,0.1783699262887239,294021758976.0,
561330,2.586360216140747,0.002,0.078907586634159,481.1133239418268,1089739.0986897582,0.2544301096349954,294108266496.0,
561495,2.616384267807007,0.002,0.0735144391655922,479.78249192237854,1092761.8427660794,0.2554499078541994,294194774016.0,
561660,2.5340158939361572,0.002,0.0868432968854904,480.1423221360892,1091942.9007372493,0.2138800919055938,294281281536.0,
561825,2.5907795429229736,0.002,0.0801502987742424,502.44920095428824,1043464.6905681886,0.2034800127148628,294367789056.0,
561990,2.489966630935669,0.002,0.0742867141962051,484.6928019542247,1081691.3267251588,0.1970701850950718,294454296576.0,
562155,2.524292230606079,0.002,0.0856939554214477,480.141923064366,1091943.8083096026,0.2097098622471094,294540804096.0,
562320,2.5036330223083496,0.002,0.0758974999189376,482.0752020459622,1087564.7570646314,0.1844400539994239,294627311616.0,
562485,2.608427047729492,0.002,0.0844902694225311,479.52585318125784,1093346.6809386446,0.2210109960287809,294713819136.0,
562650,2.575860023498535,0.002,0.0710242018103599,480.0797030329704,1092085.3280981,0.1803899649530649,294800326656.0,
562815,2.561629295349121,0.002,0.0762343779206276,485.3407919872552,1080247.134911684,0.1819499302655458,294886834176.0,
562980,2.558107852935791,0.002,0.0675162076950073,480.2283030003309,1091747.3974865633,0.2165199257433414,294972817408.0,
563145,2.5185275077819824,0.002,0.0658672824501991,480.02080200240016,1092219.3326058784,0.2218398731201887,295059324928.0,
563310,2.62564468383789,0.002,0.0723627880215644,492.8705829661339,1063743.7455585066,0.1666599418967962,295145832448.0,
563475,2.5392916202545166,0.002,0.0805123299360275,481.9372328929603,1087876.1054687924,0.2227998338639736,295232339968.0,
563640,2.534249782562256,0.002,0.0746124312281608,482.7395428437739,1086068.0625238777,0.1716199330985546,295318847488.0,
563805,2.562917470932007,0.002,0.0776078626513481,482.7212530653924,1086109.2124505583,0.2986500039696693,295405355008.0,
563970,2.425692558288574,0.002,0.0709125325083732,480.0684929359704,1092110.8294226828,0.2469799946993589,295491862528.0,
564135,2.583843231201172,0.002,0.0740304738283157,481.02828301489353,1089931.7535217926,0.2180098090320825,295578370048.0,
564300,2.5553643703460693,0.002,0.0775812491774559,479.8914829734713,1092513.659028583,0.1596198417246341,295664877568.0,
564465,2.611203670501709,0.002,0.0717408657073974,481.57944297418,1088684.3440867343,0.2228000666946172,295751385088.0,
564630,2.610588312149048,0.002,0.0738052278757095,479.0414031594992,1094452.37205402,0.1847899984568357,295837892608.0,
564795,2.533834934234619,0.002,0.0746963918209075,480.0463439896703,1092161.2185245217,0.1825198996812105,295924400128.0,
564960,2.548086166381836,0.002,0.0731730088591575,480.5501429364085,1091016.2190283218,0.1987598370760679,296010907648.0,
565125,2.573080539703369,0.002,0.0717538595199585,481.1111339367926,1089744.0591530353,0.190479913726449,296097415168.0,
565290,2.5795977115631104,0.002,0.0829551368951797,482.49075398780406,1086628.0766351274,0.1875299494713544,296183922688.0,
565455,2.4469592571258545,0.002,0.0645978972315788,479.7873650677502,1092750.7437090718,0.227420125156641,296269381632.0,
565620,2.502596378326416,0.002,0.086953155696392,479.78835506364703,1092748.4889258093,0.1882198266685009,296355889152.0,
565785,2.624516487121582,0.002,0.0810449346899986,480.1946450024843,1091823.920688011,0.201128888875246,296442396672.0,
565950,2.543161153793335,0.002,0.0854673162102699,479.7827750444412,1092761.197922198,0.1809000968933105,296528904192.0,
566115,2.5963644981384277,0.002,0.0697515234351158,482.8337640501559,1085856.1248950642,0.1642999704927206,296615411712.0,
566280,2.570411205291748,0.002,0.0602675415575504,481.4519449137151,1088972.6493761735,0.2225099597126245,296701919232.0,
566445,2.5106799602508545,0.002,0.0856256633996963,478.8453448563814,1094900.4843249505,0.1551290042698383,296788426752.0,
566610,2.47965145111084,0.002,0.068769559264183,480.7245850097388,1090620.3184706655,0.1946999691426754,296874934272.0,
566775,2.5545554161071777,0.002,0.0804954692721366,479.9661538563669,1092343.6908780378,0.2058499958366155,296961441792.0,
566940,2.5560150146484375,0.002,0.0785147473216056,480.23516102693975,1091731.8067233087,0.1978699583560228,297047949312.0,
567105,2.527010440826416,0.002,0.0653917863965034,480.8294309768826,1090382.5061931512,0.1790798269212246,297134456832.0,
567270,2.5872669219970703,0.002,0.0861722975969314,480.77114089392126,1090514.707320339,0.1767601352185011,297220964352.0,
567435,2.5535659790039062,0.002,0.0749012306332588,500.584650086239,1047351.3319069562,0.2017999067902565,297307471872.0,
567600,2.570026159286499,0.002,0.0786731615662574,492.9670200217515,1063535.6498632838,0.1951998565346002,297393979392.0,
567765,2.519806385040283,0.002,0.0791946947574615,480.67562095820904,1090731.414576115,0.1977800857275724,297480486912.0,
567930,2.504354476928711,0.002,0.0864336714148521,481.4170419704169,1089051.6003631994,0.1905797980725765,297566470144.0,
568095,2.5850300788879395,0.002,0.0790502056479454,481.9398899562657,1087870.107717328,0.1687298063188791,297652977664.0,
568260,2.55641508102417,0.002,0.0663397312164306,481.471300823614,1088928.8709485757,0.1702501904219389,297739485184.0,
568425,2.4989566802978516,0.002,0.0784206390380859,482.25396196357906,1087161.6230279834,0.1655998639762401,297825992704.0,
568590,2.5550241470336914,0.002,0.07221120595932,483.15240116789937,1085140.0070302158,0.2051200717687606,297912500224.0,
568755,2.5847086906433105,0.002,0.0705431625247001,482.3309511411935,1086988.0913914735,0.1740800216794014,297999007744.0,
568920,2.526752471923828,0.002,0.0722400695085525,481.20998102240264,1089520.210877737,0.1823101192712783,298085515264.0,
569085,2.5999855995178223,0.002,0.0717833712697029,481.0098309535533,1089973.564491711,0.1919700298458337,298172022784.0,
569250,2.598724126815796,0.002,0.0716819018125534,478.61328115686774,1095431.3652407029,0.176439993083477,298258530304.0,
569415,2.554659128189087,0.002,0.06930723041296,481.1849407851696,1089576.9080896366,0.1763401087373495,298345037824.0,
569580,2.613592624664306,0.002,0.0935110375285148,481.4967620186508,1088871.2891898777,0.2013200428336858,298431545344.0,
569745,2.4954833984375,0.002,0.0810907185077667,480.78833101317286,1090475.7170274071,0.2110002096742391,298518052864.0,
569910,2.547455310821533,0.002,0.0722363367676734,479.5128211844713,1093376.3954526328,0.1782700419425964,298604560384.0,
570075,2.568458318710327,0.002,0.0763568505644798,480.2373310085386,1091726.8736667167,0.2203700132668018,298691067904.0,
570240,2.526221752166748,0.002,0.0751188695430755,481.4318220596761,1089018.1661797415,0.1882100477814674,298777575424.0,
570405,2.503213405609131,0.002,0.0818902179598808,478.6098920740187,1095439.122095949,0.1618699170649051,298863034368.0,
570570,2.564006805419922,0.002,0.0756667703390121,481.6052210517227,1088626.0718998583,0.2517502289265394,298949541888.0,
570735,2.58317494392395,0.002,0.0733278021216392,478.59961190260947,1095462.651788961,0.1482500229030847,299036049408.0,
570900,2.583665609359741,0.002,0.0834490954875946,479.854010976851,1092598.973868518,0.1776290591806173,299122556928.0,
571065,2.5511560440063477,0.002,0.0798704475164413,481.2486218288541,1089432.7302332555,0.1989200245589018,299209064448.0,
571230,2.59444522857666,0.002,0.0859813839197158,480.2467320114374,1091705.502719618,0.1829599495977163,299295571968.0,
571395,2.6105384826660156,0.002,0.0847592875361442,488.10531105846167,1074128.8572809745,0.1650599297136068,299382079488.0,
571560,2.5604248046875,0.002,0.0846599787473678,480.6130020879209,1090873.525523326,0.1705400645732879,299468587008.0,
571725,2.5360465049743652,0.002,0.0758017152547836,481.1669720802456,1089617.597262189,0.1659698318690061,299555094528.0,
571890,2.5666308403015137,0.002,0.0794107913970947,481.26633116044104,1089392.6419822972,0.1669288612902164,299641602048.0,
572055,2.5215067863464355,0.002,0.0713087916374206,481.1128119472414,1089740.2583772663,0.1226488966494798,299728109568.0,
572220,2.6035804748535156,0.002,0.0818593949079513,481.92699113860726,1087899.2246549835,0.1854200381785631,299814617088.0,
572385,2.567145347595215,0.002,0.0974529162049293,480.4358819965273,1091275.6928588229,0.1238998956978321,299901124608.0,
572550,2.574954032897949,0.002,0.0918853506445884,481.1073918826878,1089752.5351841638,0.3667899873107672,299987632128.0,
572715,2.489811897277832,0.002,0.0635180175304412,482.63868200592697,1086295.0267909972,0.1824998762458562,300074139648.0,
572880,2.534677028656006,0.002,0.0808353349566459,481.9650419522077,1087813.3357480918,0.1702699810266494,300160122880.0,
573045,2.4709296226501465,0.002,0.0733207613229751,481.80704191327095,1088170.0647587797,0.1676001120358705,300246630400.0,
573210,2.5337092876434326,0.002,0.0800039023160934,481.3385820016265,1089229.119801222,0.1866691745817661,300333137920.0,
573375,2.51466965675354,0.002,0.0662312656641006,479.4076818507165,1093616.1848221258,0.1699300482869148,300419645440.0,
573540,2.622227191925049,0.002,0.072184108197689,486.2036309204995,1078330.0795335437,0.200279988348484,300506152960.0,
573705,2.5371556282043457,0.002,0.0854174271225929,480.5063419044018,1091115.6716934836,0.2456700894981622,300592660480.0,
573870,2.5413732528686523,0.002,0.0841074958443641,480.74137209914625,1090582.2349150197,0.1798400189727544,300679168000.0,
574035,2.523561954498291,0.002,0.0825920030474662,480.7859610300511,1090481.092411161,0.2233199775218963,300765675520.0,
574200,2.572272539138794,0.002,0.0744189918041229,479.0528209414333,1094426.286791654,0.2046509180217981,300852183040.0,
574365,2.624224901199341,0.002,0.0955700948834419,481.33132117800415,1089245.5506881708,0.2136400435119867,300938690560.0,
574530,2.5949997901916504,0.002,0.0722991153597831,480.9864321723581,1090026.5889664954,0.2042499836534261,301025198080.0,
574695,2.5632050037384033,0.002,0.0805043801665306,481.89776111394167,1087965.2123472623,0.2058998215943575,301111705600.0,
574860,2.5223546028137207,0.002,0.0728516057133674,480.7801810093224,1090494.2023594645,0.2069491893053054,301198213120.0,
575025,2.556962728500366,0.002,0.0686261877417564,480.38391186855733,1091393.752052745,0.1987898722290992,301284720640.0,
575190,2.5940513610839844,0.002,0.0786557421088218,480.9337011538446,1090146.1027624824,0.2094102092087268,301371228160.0,
575355,2.609684944152832,0.002,0.082047663629055,481.0831709764898,1089807.4005287157,0.1365700736641883,301457735680.0,
575520,2.513862133026123,0.002,0.0855829566717147,481.9969711825251,1087741.2750410414,0.1799501478672027,301543194624.0,
575685,2.604245185852051,0.002,0.0721221715211868,481.1832008417696,1089580.847965648,0.2632690593600273,301629702144.0,
575850,2.567500114440918,0.002,0.0742750093340873,479.8898419830948,1092517.3948951168,0.1791401300579309,301716209664.0,
576015,2.581851005554199,0.002,0.0762374773621559,480.9880410321057,1090022.942930101,0.1837690360844135,301802717184.0,
576180,2.5283970832824707,0.002,0.0731761455535888,494.5449309889227,1060142.2988030657,0.2013500779867172,301889224704.0,
576345,2.5470924377441406,0.002,0.0781294927000999,480.7966807857156,1090456.7792423423,0.2099999692291021,301975732224.0,
576510,2.563870429992676,0.002,0.0817762613296508,482.3169009760022,1087019.755971782,0.4319699946790933,302062239744.0,
576675,2.552131175994873,0.002,0.0659308210015297,486.7903608828783,1077030.3648763984,0.2745490055531263,302148747264.0,
576840,2.5149786472320557,0.002,0.0826955512166023,502.68677016720176,1042971.5503067912,0.2432900946587324,302235254784.0,
577005,2.5756757259368896,0.002,0.0779530480504036,482.40712098777294,1086816.4610142407,0.242600217461586,302321762304.0,
577170,2.5315346717834473,0.002,0.0836827903985977,480.3581510204822,1091452.2817739064,0.209989957511425,302408269824.0,
577335,2.587557315826416,0.002,0.0907836481928825,478.3930410631001,1095935.674220743,0.1716488040983677,302494777344.0,
577500,2.5806775093078613,0.002,0.0722492337226867,481.02740198373795,1089933.7497985708,0.1641898415982723,302581284864.0,
577665,2.5543479919433594,0.002,0.0754041671752929,482.95036097988486,1085593.9706437795,0.1708199270069599,302667792384.0,
577830,2.6252572536468506,0.002,0.0814645886421203,481.09386092983186,1089783.1849001043,0.1841902267187833,302754299904.0,
577995,2.6374151706695557,0.002,0.0750410109758377,489.9707019794732,1070039.4898753853,0.1516100019216537,302840283136.0,
578160,2.5361082553863525,0.002,0.0734500214457511,482.0833830162883,1087546.301056151,0.1555399503558874,302926790656.0,
578325,2.557619571685791,0.002,0.0816762372851371,481.45820293575525,1088958.494845626,0.167159829288721,303013298176.0,
578490,2.552816390991211,0.002,0.0674465298652648,482.1130619384349,1087479.3516109935,0.1618298701941967,303099805696.0,
578655,2.576359510421753,0.002,0.0746930688619613,502.0487408619374,1044297.0120787104,0.1930799335241317,303186313216.0,
578820,2.5808348655700684,0.002,0.0625103861093521,480.7355520315468,1090595.4381455756,0.1688799820840358,303272820736.0,
578985,2.619370698928833,0.002,0.0778426900506019,480.121772037819,1091989.6379094052,0.2106798347085714,303359328256.0,
579150,2.5356850624084473,0.002,0.0933341309428215,479.7040519770235,1092940.5283095504,0.2197101712226867,303445835776.0,
579315,2.585115432739258,0.002,0.0672823190689086,480.3721019998193,1091420.583787768,0.2304001245647668,303532343296.0,
579480,2.5009891986846924,0.002,0.0862202644348144,483.0058221705258,1085469.3172102168,0.160010065883398,303618850816.0,
579645,2.529343605041504,0.002,0.0866072252392768,480.56999198161066,1090971.1566428023,0.189289916306734,303705358336.0,
579810,2.5752382278442383,0.002,0.0740689933300018,480.096491985023,1092047.1379248395,0.1693300437182188,303791865856.0,
579975,2.581082344055176,0.002,0.0784069597721099,481.36336100287735,1089173.0498717085,0.1944699324667453,303878373376.0,
580140,2.5952391624450684,0.002,0.0776255056262016,481.69544199481606,1088422.173622399,0.1862100325524807,303964880896.0,
580305,2.5671398639678955,0.002,0.0680398195981979,481.8177118431777,1088145.9670595203,0.1671400386840105,304051388416.0,
580470,2.5333404541015625,0.002,0.0797235667705535,480.7003419846296,1090675.3214183568,0.2045307774096727,304136323072.0,
580635,2.5752434730529785,0.002,0.0854713767766952,481.34359321556985,1089217.7799595173,0.2009491436183452,304222830592.0,
580800,2.534107446670532,0.002,0.0741022527217865,479.5056129805744,1093392.8317148602,0.200960086658597,304309338112.0,
580965,2.572460651397705,0.002,0.0731555595993995,480.88461300358176,1090257.3836274836,0.1576701179146766,304395845632.0,
581130,2.5943455696105957,0.002,0.0774895697832107,480.8058929629624,1090435.886234837,0.1923800446093082,304482353152.0,
581295,2.505798816680908,0.002,0.0703418105840683,500.6307209841907,1047254.94865617,0.2105298917740583,304568860672.0,
581460,2.613611221313477,0.002,0.0602947548031806,481.70840297825634,1088392.8882255054,0.2128109335899353,304655368192.0,
581625,2.617030382156372,0.002,0.0829432755708694,480.1322128623724,1091965.8917996504,0.2069799229502678,304741875712.0,
581790,2.5769550800323486,0.002,0.0797633603215217,500.2205909695476,1048113.5912134364,0.1744299661368131,304828383232.0,
581955,2.540027141571045,0.002,0.072829745709896,479.1552620008588,1094192.3037862002,0.1482199877500534,304914890752.0,
582120,2.5432372093200684,0.002,0.0726388022303581,481.27270210534334,1089378.2209264827,0.1646310556679964,305001398272.0,
582285,2.552600860595703,0.002,0.0720905736088752,479.6298719011247,1093109.5636763873,0.1864498481154441,305087905792.0,
582450,2.5899577140808105,0.002,0.0630155727267265,487.0144708547741,1076534.746657129,0.188350910320878,305174413312.0,
582615,2.52510929107666,0.002,0.0801362618803978,480.5289518553763,1091064.3322856303,0.1673598308116197,305260920832.0,
582780,2.588420152664185,0.002,0.0774808451533317,481.5340810455382,1088786.9013583248,0.1613101921975612,305347428352.0,
582945,2.508514881134033,0.002,0.0672346428036689,482.44491103105247,1086731.3303803392,0.2275099977850914,305433411584.0,
583110,2.5326895713806152,0.002,0.0919351130723953,479.1156719438732,1094282.7185611634,0.1387998927384615,305519919104.0,
583275,2.6083500385284424,0.002,0.0789225846529007,482.0392611436546,1087645.8460170005,0.1606300938874483,305606426624.0,
583440,2.5597991943359375,0.002,0.0729127079248428,479.20328192412853,1094082.6571446764,0.1504397951066494,305692934144.0,
583605,2.611233711242676,0.002,0.0788561031222343,479.2767718899995,1093914.8958387894,0.1666601747274398,305779441664.0,
583770,2.57493257522583,0.002,0.0718030259013176,480.57554196566343,1090958.5574320797,0.1915199682116508,305865949184.0,
583935,2.655003070831299,0.002,0.0833614096045494,478.6337220575661,1095384.5829043842,0.1867299433797598,305952456704.0,
584100,2.531578063964844,0.002,0.0745507478713989,483.57571195811033,1084190.1010227257,0.1965700648725032,306038964224.0,
584265,2.5429491996765137,0.002,0.0803523659706115,480.3730421699583,1091418.4476957065,0.2085899468511343,306125471744.0,
584430,2.5860862731933594,0.002,0.0733187347650528,480.55253201164305,1091010.795022296,0.2252999693155288,306211979264.0,
584595,2.5948729515075684,0.002,0.0777314230799675,479.9105708952993,1092470.205484143,0.2053698990494012,306298486784.0,
584760,2.547562599182129,0.002,0.0707501396536827,481.60955193452537,1088616.282409774,0.1858600880950689,306384994304.0,
584925,2.5166425704956055,0.002,0.0849133506417274,481.0167821124196,1089957.813316932,0.202160095795989,306471501824.0,
585090,2.4918973445892334,0.002,0.0842828601598739,480.5033509619534,1091122.4634550228,0.2088798210024833,306558009344.0,
585255,2.5038375854492188,0.002,0.0846104621887207,481.2609918881208,1089404.7280729574,0.2645200584083795,306644516864.0,
585420,2.5713305473327637,0.002,0.0639038607478141,480.84336100146174,1090350.917829156,0.1935698091983795,306729975808.0,
585585,2.5218875408172607,0.002,0.0746994242072105,480.38797196932137,1091384.527907127,0.1754709519445896,306816483328.0,
585750,2.5862627029418945,0.002,0.0827010795474052,480.2859518676996,1091616.354717827,0.2138998825103044,306902990848.0,
585915,2.5286173820495605,0.002,0.0872656852006912,482.2094710543752,1087261.9296622649,0.1865301746875047,306989498368.0,
586080,2.511705160140991,0.002,0.0841912627220153,482.0700008422136,1087576.4911403495,0.2517199609428644,307076005888.0,
586245,2.5453414916992188,0.002,0.0732427984476089,480.137491133064,1091953.8875473903,0.1860898919403553,307162513408.0,
586410,2.5323917865753174,0.002,0.0774294212460517,479.5209120493382,1093357.9471213045,0.1818090677261352,307249020928.0,
586575,2.5339317321777344,0.002,0.0684909746050834,480.0189910456538,1092223.4531969505,0.1686601899564266,307335528448.0,
586740,2.5012083053588867,0.002,0.0679863020777702,479.16875104419887,1094161.5012612524,0.1606801524758339,307422035968.0,
586905,2.554159164428711,0.002,0.0601241216063499,498.84722009301186,1050999.1413849003,0.1437498722225427,307508543488.0,
587070,2.4993858337402344,0.002,0.0743265226483345,479.0419510100037,1094451.120396868,0.1408099196851253,307595051008.0,
587235,2.518956184387207,0.002,0.0798707529902458,480.7972419075668,1090455.506607907,0.1960599329322576,307681558528.0,
587400,2.5797574520111084,0.002,0.0863215178251266,481.1188410967589,1089726.6022773765,0.1899201888591051,307768066048.0,
587565,2.581672191619873,0.002,0.0804007723927497,1534.480328205973,341671.372622266,0.1616999506950378,307854573568.0,
587730,2.490875005722046,0.002,0.0784898027777671,480.0546809565276,1092142.2512854906,0.2114300150424242,307941081088.0,
587895,2.5177865028381348,0.002,0.0889472365379333,481.0292609035969,1089929.537789745,0.20295986905694,308027064320.0,
588060,2.3602890968322754,0.002,0.0696465820074081,497.3564080428332,1054149.4821855144,0.1861890777945518,308113571840.0,
588225,2.5856473445892334,0.002,0.0640186443924903,480.9400599915534,1090131.6891947156,0.2140200231224298,308200079360.0,
588390,2.547412395477295,0.002,0.0656444877386093,481.129540130496,1089702.369673245,0.1896901521831751,308286586880.0,
588555,2.449115753173828,0.002,0.0695679485797882,481.88413004390895,1087995.9876500338,0.1685700844973325,308373094400.0,
588720,2.6121253967285156,0.002,0.0821278169751167,480.154599994421,1091914.9790631847,0.2234899438917637,308459601920.0,
588885,2.57705020904541,0.002,0.0732777267694473,481.4825691282749,1088903.386366041,1.709009986370802,308546109440.0,
589050,2.577486991882324,0.002,0.0743345990777015,480.6277919560671,1090839.9571865036,0.1874510198831558,308632616960.0,
589215,2.543990135192871,0.002,0.0765608176589012,481.2175708357245,1089503.0268522317,0.1593998167663812,308719124480.0,
589380,2.540583372116089,0.002,0.0754741355776786,481.00041202269495,1089994.9083105207,0.1706101465970277,308805632000.0,
589545,2.576726198196411,0.002,0.0762819275259971,481.40957090072334,1089068.501523662,0.1696699764579534,308892139520.0,
589710,2.552000045776367,0.002,0.0695626512169838,481.55578109435737,1088737.8380309998,0.1644701696932315,308978647040.0,
589875,2.487844228744507,0.002,0.0749544277787208,481.01095110177994,1089971.0262294274,0.1615199726074934,309065154560.0,
590040,2.540740966796875,0.002,0.0689150094985961,493.3001499157399,1062817.4349623716,0.1385000068694353,309151662080.0,
590205,2.5667712688446045,0.002,0.0704768151044845,478.97403012029827,1094606.3189862731,0.1974799670279026,309238169600.0,
590370,2.53216552734375,0.002,0.0695033222436904,480.6754901073873,1090731.7114980614,0.1661998685449361,309324677120.0,
590535,2.512066602706909,0.002,0.0858341977000236,478.220549877733,1096330.9714190348,0.1398199237883091,309410136064.0,
590700,2.55009126663208,0.002,0.0681356340646743,478.6907508969307,1095254.084223756,0.1663400325924158,309496643584.0,
590865,2.609508514404297,0.002,0.0719526708126068,478.6729901097715,1095294.7227704823,0.1730900257825851,309583151104.0,
591030,2.53037691116333,0.002,0.0719145238399505,482.8379189129919,1085846.7810074326,0.1674001105129718,309669658624.0,
591195,2.5253055095672607,0.002,0.0661385953426361,483.3921398967505,1084601.8309523703,0.1337099820375442,309756166144.0,
591360,2.548598289489746,0.002,0.0669279024004936,490.35690911114216,1069196.7223432497,0.1852100249379873,309842673664.0,
591525,2.5839641094207764,0.002,0.0687583163380622,479.10269000567496,1094312.369637895,0.1507101114839315,309929181184.0,
591690,2.579465866088867,0.002,0.067862182855606,481.1681509017944,1089614.92779061,0.1515299081802368,310015688704.0,
591855,2.5530734062194824,0.002,0.0616316422820091,478.6655299831182,1095311.79322332,0.1710900105535984,310102196224.0,
592020,2.571941375732422,0.002,0.0949978902935981,481.0431699734181,1089898.0231420218,0.1734399702399969,310188703744.0,
592185,2.5688977241516113,0.002,0.0734159350395202,482.6226800214499,1086331.0443195463,0.1613099593669176,310275211264.0,
592350,2.594608783721924,0.002,0.0586624033749103,482.3630901519209,1086915.6672722923,0.2047799061983823,310361718784.0,
592515,2.4668989181518555,0.002,0.0904057845473289,480.0330998841673,1092191.35123497,0.1656890381127596,310448226304.0,
592680,2.5038130283355713,0.002,0.0793996453285217,481.2365111429244,1089460.1466435485,0.1857900060713291,310534733824.0,
592845,2.5226900577545166,0.002,0.0740099474787712,481.37265001423657,1089152.0321823314,0.2065498847514391,310621241344.0,
593010,2.449570894241333,0.002,0.0782943964004516,512.0977889746428,1023804.459397814,0.1717300619930029,310707224576.0,
593175,2.5858678817749023,0.002,0.066114142537117,482.50573105178773,1086594.3475057457,0.1594000495970249,310793732096.0,
593340,2.530183792114258,0.002,0.0750190094113349,482.2452899534255,1087181.17298903,0.2464689314365387,310880239616.0,
593505,2.575009822845459,0.002,0.0759837105870246,479.2870010714978,1093891.5489631423,0.1781110186129808,310966747136.0,
593670,2.523421049118042,0.002,0.0718320310115814,479.8823699820786,1092534.4059203083,0.1641490962356329,311053254656.0,
593835,2.564324140548706,0.002,0.0652480721473693,481.2584901228547,1089410.3912144196,0.1961200032383203,311139762176.0,
594000,2.557347297668457,0.002,0.0740747153759002,488.10217110440135,1074135.7671360548,0.1555599737912416,311226269696.0,
594165,2.5375659465789795,0.002,0.07838024944067,487.66059009358287,1075108.4066469022,0.1547799911350011,311312777216.0,
594330,2.5975141525268555,0.002,0.0739039555191993,482.61879407800734,1086339.791225075,0.2142700832337141,311399284736.0,
594495,2.5389318466186523,0.002,0.0703966841101646,495.1221738010645,1058906.3219993336,0.275240046903491,311485792256.0,
594660,2.571883201599121,0.002,0.0651240795850753,480.99558404646814,1090005.8490960065,0.2294001169502735,311572299776.0,
594825,2.534306287765503,0.002,0.0754039511084556,480.3752650041133,1091413.3973894569,0.4041600041091442,311658807296.0,
594990,2.4626269340515137,0.002,0.0772187262773513,481.7427040543407,1088315.392402622,0.1787201035767793,311745314816.0,
595155,2.5800466537475586,0.002,0.0756914839148521,482.0796949788928,1087554.6210735035,0.182329211384058,311831822336.0,
595320,2.543973922729492,0.002,0.0832561999559402,479.479833971709,1093451.617468723,0.2006199210882187,311918329856.0,
595485,2.6061320304870605,0.002,0.0667602568864822,1610.9341140836475,325455.89258827775,0.1643598079681396,312003788800.0,
595650,2.499894618988037,0.002,0.0669885948300361,497.059762943536,1054778.5982418314,0.2416700590401888,312090296320.0,
595815,2.5817437171936035,0.002,0.0826794430613517,481.273443903774,1089376.5418414115,0.2491099294275045,312176803840.0,
595980,2.5826289653778076,0.002,0.0626370459794998,481.5102641005069,1088840.7560312443,0.3363899886608124,312263311360.0,
596145,2.5602869987487793,0.002,0.0777876377105712,482.7241839375347,1086102.6181108914,0.1790691167116165,312349818880.0,
596310,2.564197540283203,0.002,0.080685943365097,481.34604492224753,1089212.232095288,0.194899970665574,312436326400.0,
596475,2.4940640926361084,0.002,0.0582170113921165,481.72958684153855,1088345.0265894935,0.2205399796366691,312522833920.0,
596640,2.666250705718994,0.002,0.071927972137928,480.35239591263235,1091465.3584768602,0.1683400478214025,312609341440.0,
596805,2.6010680198669434,0.002,0.0818675458431243,481.596115976572,1088646.653507282,0.1918200869113207,312695848960.0,
596970,2.495938301086426,0.002,0.0751139000058174,478.5941359587014,1095475.1857746155,0.1607201993465423,312782356480.0,
597135,2.5425076484680176,0.002,0.0846851095557212,478.6118359770626,1095434.6729217253,0.163000077009201,312868864000.0,
597300,2.5437018871307373,0.002,0.0675277337431907,482.8100660815835,1085909.4224257695,0.2015999052673578,312955371520.0,
597465,2.518535614013672,0.002,0.0705265998840332,481.9028060883283,1087953.8225886628,0.2063200809061527,313041879040.0,
597630,2.5701775550842285,0.002,0.0750162601470947,481.69463709928095,1088423.9923392383,0.1750797964632511,313128386560.0,
597795,2.575077533721924,0.002,0.0746221095323562,480.94656597822905,1090116.9424790796,0.1807499211281538,313214894080.0,
597960,2.555150270462036,0.002,0.0723442882299423,482.98423597589135,1085517.830495342,0.1993200276046991,313300877312.0,
598125,2.554631233215332,0.002,0.0819036737084388,481.42512678168714,1089033.3113787598,0.1436688471585512,313387384832.0,
598290,2.6089253425598145,0.002,0.0831200778484344,481.1355920974165,1089688.6628454756,0.2095289528369903,313473892352.0,
598455,2.5050058364868164,0.002,0.0743331387639045,481.34964192286134,1089204.0926957205,0.1654988154768943,313560399872.0,
598620,2.568061590194702,0.002,0.0762603655457496,481.4338330179453,1089013.6173301665,0.2329701092094183,313646907392.0,
598785,2.562924385070801,0.002,0.0745949670672416,478.6276030354202,1095398.5868658745,0.1846500672399997,313733414912.0,
598950,2.54476547241211,0.002,0.0721439495682716,480.5054320022464,1091117.73786888,0.1546000130474567,313819922432.0,
599115,2.5384538173675537,0.002,0.0688076689839363,483.03037183359265,1085414.149031235,0.2128300257027149,313906429952.0,
599280,2.563718318939209,0.002,0.0735576376318931,482.8264620155096,1085872.546859618,0.1734800171107053,313992937472.0,
599445,2.5978775024414062,0.002,0.0724143385887146,479.1636418085546,1094173.1681083485,0.1883399672806263,314079444992.0,
599610,2.5808682441711426,0.002,0.0723513066768646,480.4125810042024,1091328.6219609096,0.2109899651259184,314165952512.0,
599775,2.5581421852111816,0.002,0.0782592967152595,485.3051919490099,1080326.3774995548,0.1813690178096294,314252460032.0,
599940,2.505614995956421,0.002,0.0737949684262275,514.2319810111076,1019555.4134325132,0.1672902144491672,314338967552.0,
600105,2.512193441390991,0.002,0.0749495923519134,481.0487620998174,1089885.353225814,0.1683200243860483,314425475072.0,
600270,2.4927165508270264,0.002,0.0727298706769943,481.2018221709877,1089538.6838616382,0.1970699522644281,314511982592.0,
600435,2.5973167419433594,0.002,0.0731534883379936,479.61251391097903,1093149.125165056,0.1803198829293251,314596917248.0,
600600,2.5836634635925293,0.002,0.0694154053926467,481.0125629883259,1089967.3737060467,0.1794709824025631,314683424768.0,
600765,2.619259834289551,0.002,0.0678828209638595,481.0528128873557,1089876.175659674,0.2344900276511907,314769932288.0,
600930,2.532593250274658,0.002,0.0757805034518241,483.93419315107167,1083386.9716586256,0.1886000391095876,314856439808.0,
601095,2.6279091835021973,0.002,0.0768278986215591,480.7937240693718,1090463.485177175,0.1866798847913742,314942947328.0,
601260,2.56980037689209,0.002,0.0644269883632659,481.1048340052366,1089758.3290428824,0.2743499353528023,315029454848.0,
601425,2.570995330810547,0.002,0.0691274404525756,479.42923405207694,1093567.0225379923,0.2013498451560735,315115962368.0,
601590,2.601003646850586,0.002,0.0641278773546218,481.9409139454365,1087867.796298693,0.1686301548033952,315202469888.0,
601755,2.5823893547058105,0.002,0.0682659149169921,482.94515116140246,1085605.6815958808,0.1581301912665367,315288977408.0,
601920,2.555356502532959,0.002,0.0687249451875686,479.8822810407728,1092534.608410462,0.1676708925515413,315375484928.0,
602085,2.539959192276001,0.002,0.0764655023813247,481.42882087267935,1089024.9550278906,0.1713600941002369,315461992448.0,
602250,2.5037841796875,0.002,0.0691240057349205,488.28425095416605,1073735.224872558,0.1823510974645614,315548499968.0,
602415,2.520219564437866,0.002,0.0690099745988845,482.4599321000278,1086697.4957234378,0.1763501204550266,315635007488.0,
602580,2.424752712249756,0.002,0.0726587548851966,482.23108192905784,1087213.2047206557,0.186548801138997,315721515008.0,
602745,2.571672201156616,0.002,0.0678576231002807,481.3173629809171,1089277.138794568,0.1635199878364801,315808022528.0,
602910,2.51558256149292,0.002,0.0679463893175125,481.6372429486364,1088553.6940421197,0.1794490963220596,315894005760.0,
603075,2.5896263122558594,0.002,0.0685041397809982,481.1912828590721,1089562.5475275903,0.1500002108514309,315980513280.0,
603240,2.5332274436950684,0.002,0.0737542733550071,479.6898630447686,1092972.8568207603,0.175700057297945,316067020800.0,
603405,2.5227441787719727,0.002,0.0759016126394271,482.5605631340295,1086470.8806599698,0.1833599526435136,316153528320.0,
603570,2.5889012813568115,0.002,0.0796280950307846,481.8210289813578,1088138.4756253243,0.2335798926651477,316240035840.0,
603735,2.5127077102661133,0.002,0.061742004007101,479.51152897439897,1093379.3419344286,0.1669800840318203,316326543360.0,
603900,2.582629680633545,0.002,0.0724202692508697,482.80257917940617,1085926.2618089248,0.1797100994735956,316413050880.0,
604065,2.5685558319091797,0.002,0.0718283355236053,481.75248014740646,1088293.3074668937,0.1773098483681678,316499558400.0,
604230,2.500667095184326,0.002,0.0696712210774421,479.3755700811744,1093689.4425204447,0.1488500274717807,316586065920.0,
604395,2.3687233924865723,0.002,0.0801680758595466,481.52735689654946,1088802.1054069358,0.1649600453674793,316672573440.0,
604560,2.5528640747070312,0.002,0.0755278617143631,496.88664614222944,1055146.0862764406,0.1607900485396385,316759080960.0,
604725,2.586787462234497,0.002,0.0693801343441009,481.031907023862,1089923.5421695055,0.1645400188863277,316845588480.0,
604890,2.4937946796417236,0.002,0.0651438310742378,479.37382687814534,1093693.4196310882,0.1726499758660793,316932096000.0,
605055,2.6256237030029297,0.002,0.0799197927117347,480.9952569194138,1090006.5904139248,0.1767401117831468,317018603520.0,
605220,2.6340465545654297,0.002,0.0534598529338836,481.6981269977987,1088416.106717384,0.152920139953494,317105111040.0,
605385,2.695627450942993,0.002,0.0713113620877265,477.7947070542723,1097308.0954210877,0.153769040480256,317191618560.0,
605550,2.538301467895508,0.002,0.0784615203738212,480.5386369116604,1091042.342337984,0.1610799226909876,317277077504.0,
605715,2.2995903491973877,0.002,0.0769207924604415,479.02392596006393,1094492.3031750813,0.1698001287877559,317363585024.0,
605880,2.5415799617767334,0.002,0.0677255094051361,481.8423760589212,1088090.2677930684,0.1783000770956277,317450092544.0,
606045,2.5516207218170166,0.002,0.0745559260249137,481.21122014708817,1089517.4053500765,0.163491116836667,317536600064.0,
606210,2.438558578491211,0.002,0.0758050605654716,478.3711798954755,1095985.7575754405,0.1274910755455494,317623107584.0,
606375,2.5975494384765625,0.002,0.0768390744924545,483.3644891623408,1084663.875305732,0.1627400051802396,317709615104.0,
606540,2.5941390991210938,0.002,0.0817312523722648,479.7817899379879,1092763.441621585,0.2338998019695282,317796122624.0,
606705,2.625246286392212,0.002,0.0846157446503639,488.279579905793,1073745.4965885617,0.1594799105077982,317882630144.0,
606870,2.533576488494873,0.002,0.0702986866235733,480.1838500425219,1091848.4658606749,0.1948100980371236,317969137664.0,
607035,2.573547840118408,0.002,0.0689593851566314,480.43046006932855,1091288.0085170758,0.2002401743084192,318055645184.0,
607200,2.6390645503997803,0.002,0.0776888281106948,480.671179946512,1090741.4920493914,0.2142200246453285,318142152704.0,
607365,2.5359647274017334,0.002,0.0782061964273452,480.6847309228033,1090710.742971778,0.2113701775670051,318228660224.0,
607530,2.5444135665893555,0.002,0.0786464065313339,480.0953408703208,1092049.756303751,0.1865699887275695,318315167744.0,
607695,2.5859334468841553,0.002,0.0746210590004921,479.4019600376487,1093629.2374750122,0.1836090814322233,318401675264.0,
607860,2.5514285564422607,0.002,0.0830613151192665,479.9245798494667,1092438.3163797285,0.1904400996863842,318488182784.0,
608025,2.655827045440674,0.002,0.0707228034734726,502.331139985472,1043709.9320881502,0.2188100479543209,318574166016.0,
608190,2.568917751312256,0.002,0.0688464045524597,481.25315993092954,1089422.457143444,0.1848300453275442,318660673536.0,
608355,2.473209857940674,0.002,0.0715281963348388,480.9097400866449,1090200.4187013132,0.2010099124163389,318747181056.0,
608520,2.5470123291015625,0.002,0.0824863612651825,481.9877811241895,1087762.0149978686,0.2213099505752325,318833688576.0,
608685,2.564566135406494,0.002,0.0748555064201355,479.1399009991437,1094227.3830810366,0.1974198967218399,318920196096.0,
608850,2.489481210708618,0.002,0.0745860636234283,482.26964101195335,1087126.2783613724,0.2141599543392658,319006703616.0,
609015,2.5377211570739746,0.002,0.0653758570551872,482.7444099355489,1086057.1126447588,0.2197700086981058,319093211136.0,
609180,2.479772567749023,0.002,0.0747363865375518,481.1194110661745,1089725.3113071506,0.2541497815400362,319179718656.0,
609345,2.5818471908569336,0.002,0.0678990557789802,480.3942700382322,1091370.2196287117,0.2035500947386026,319266226176.0,
609510,2.677523612976074,0.002,0.0831512510776519,480.8894908055663,1090246.3248297116,0.2327000256627798,319352733696.0,
609675,2.547865867614746,0.002,0.075579822063446,484.90315093658864,1081222.093499165,0.176670029759407,319439241216.0,
609840,2.5110318660736084,0.002,0.0767908617854118,480.64665007404983,1090797.158201824,0.1846798695623874,319525748736.0,
610005,2.573644638061523,0.002,0.0705497488379478,479.6964500565082,1092957.8485274154,0.2106700558215379,319612256256.0,
610170,2.5741865634918213,0.002,0.0689207315444946,480.9325209353119,1090148.778003972,0.2234000712633133,319698763776.0,
610335,2.54439640045166,0.002,0.0972515121102333,480.31000001356006,1091561.6997047707,0.1954399049282074,319785271296.0,
610500,2.5998854637145996,0.002,0.0734862685203552,483.08099107816815,1085300.414801799,0.1906398683786392,319870730240.0,
610665,2.495242118835449,0.002,0.0651791840791702,481.28876998089254,1089341.851921487,0.1994599588215351,319957237760.0,
610830,2.536738395690918,0.002,0.0867787599563598,481.4292199444026,1089024.0523010774,0.1867201644927263,320043745280.0,
610995,2.5532054901123047,0.002,0.0771946310997009,481.8383001256734,1088099.4720910622,0.3940397873520851,320130252800.0,
611160,2.567617893218994,0.002,0.0767494142055511,481.621690094471,1088588.8463560685,0.1903600059449672,320216760320.0,
611325,2.553877830505371,0.002,0.0772832110524177,479.5525099616498,1093285.905316037,0.1385200303047895,320303267840.0,
611490,2.5541162490844727,0.002,0.0803813114762306,480.92149989679456,1090173.7604006303,0.165819888934493,320389775360.0,
611655,2.6235880851745605,0.002,0.0790563374757766,481.1603999696672,1089632.480214605,0.1711400691419839,320476282880.0,
611820,2.550731897354126,0.002,0.081287495791912,493.3426799252629,1062725.8117611576,0.1780600287020206,320562790400.0,
611985,2.510261297225952,0.002,0.0667501240968704,480.82282999530435,1090397.475521535,0.198710011318326,320649297920.0,
612150,2.5565848350524902,0.002,0.0756130963563919,479.5742388814688,1093236.3698742848,0.1967500429600477,320735805440.0,
612315,2.5596933364868164,0.002,0.0694696903228759,480.3391299210489,1091495.5025341674,0.174220185726881,320822312960.0,
612480,2.5570273399353027,0.002,0.0853810533881187,481.9645108655095,1087814.534432185,0.2008199226111173,320908820480.0,
612645,2.486877202987671,0.002,0.0830257460474968,482.4230500962585,1086780.5754625285,0.1947199925780296,320995328000.0,
612810,2.572187900543213,0.002,0.0707760453224182,480.2990600001067,1091586.562755054,0.2040499821305275,321081835520.0,
612975,2.5231504440307617,0.002,0.0648806691169738,481.6049509681761,1088626.682400207,0.2408900763839483,321167818752.0,
613140,2.522819757461548,0.002,0.0847761109471321,479.3893911410123,1093657.9108522255,0.1838800963014364,321254326272.0,
613305,2.5964837074279785,0.002,0.07233627140522,481.02798080071807,1089932.4382903285,0.1422299537807703,321340833792.0,
613470,2.532602548599243,0.002,0.0645661428570747,483.38453005999327,1084618.9056462569,0.2041400875896215,321427341312.0,
613635,2.5377018451690674,0.002,0.0790318101644516,482.2832611389458,1087095.576906105,0.1851099077612161,321513848832.0,
613800,2.51840877532959,0.002,0.0657413303852081,522.5207479670644,1003382.16623897,0.1838100142776966,321600356352.0,
613965,2.52475643157959,0.002,0.0737801939249038,480.3486098535359,1091473.9612962797,0.2362001687288284,321686863872.0,
614130,2.506457567214966,0.002,0.0668594390153884,505.06645906716585,1038057.448852049,0.1973200123757124,321773371392.0,
614295,2.5349931716918945,0.002,0.0714997947216034,481.5962100401521,1088646.440876868,0.1903912052512169,321859878912.0,
614460,2.5158026218414307,0.002,0.0784960910677909,480.7839500717819,1090485.6535284151,0.1972999889403581,321946386432.0,
614625,2.52942156791687,0.002,0.0750361010432243,480.39585002698,1091366.63018749,0.1747298520058393,322032893952.0,
614790,2.493705987930298,0.002,0.0720016062259674,487.8951599821448,1074591.5167905889,0.2138710115104913,322119401472.0,
614955,2.5599637031555176,0.002,0.0983540341258049,480.47555098310113,1091185.5950365304,0.2285998780280351,322205908992.0,
615120,2.631852626800537,0.002,0.0868813619017601,479.5907998923212,1093198.6187343758,0.1845201477408409,322292416512.0,
615285,2.566826105117798,0.002,0.073694109916687,480.86461005732417,1090302.7360185632,0.2088099718093872,322378924032.0,
615450,2.5426228046417236,0.002,0.0677240490913391,480.01649999059737,1092229.121312017,0.1793000847101211,322464382976.0,
615615,2.56455135345459,0.002,0.0797172114253044,496.949469903484,1055012.69596248,0.2223700284957885,322550890496.0,
615780,2.4619226455688477,0.002,0.0750708356499672,492.7273578941822,1064052.9526119712,0.1333600375801324,322637398016.0,
615945,2.555074691772461,0.002,0.0718996599316597,491.5132790338248,1066681.252296176,0.2838498912751674,322723905536.0,
616110,2.477061033248902,0.002,0.0719861164689064,481.1762298922986,1089596.63306176,0.2501499839127064,322810413056.0,
616275,2.556772947311402,0.002,0.0713931322097778,513.4812579490244,1021046.030178668,0.1746800262480974,322896920576.0,
616440,2.589566946029663,0.002,0.0671391785144805,482.1052299812436,1087497.018068851,0.1701889559626579,322983428096.0,
616605,2.5539512634277344,0.002,0.0744262859225273,481.0978588648141,1089774.128775165,0.180030008777976,323069935616.0,
616770,2.6070237159729004,0.002,0.0762064084410667,481.84553999453783,1088083.1230811917,0.217169988900423,323156443136.0,
616935,2.594379425048828,0.002,0.0806659758090972,503.63176804967225,1041014.553212796,0.2207099460065364,323242950656.0,
617100,2.5519375801086426,0.002,0.0829552114009857,482.21023892983794,1087260.1982976235,0.176670029759407,323329458176.0,
617265,2.574430227279663,0.002,0.069131352007389,479.50003878213465,1093405.5424304465,0.178379938006401,323415965696.0,
617430,2.4915685653686523,0.002,0.072923757135868,485.66063889302313,1079535.70459204,0.1648999750614166,323502473216.0,
617595,2.5504770278930664,0.002,0.0665911361575126,481.00675898604095,1089980.5256483206,0.2264690119773149,323588980736.0,
617760,2.5714681148529053,0.002,0.0787219777703285,479.95681897737086,1092364.936322989,0.1756800338625908,323675488256.0,
617925,2.5428690910339355,0.002,0.0713952407240867,481.3495089765638,1089204.3935283765,0.2285798545926809,323761471488.0,
618090,2.4973649978637695,0.002,0.0739713609218597,483.0464879050851,1085377.93592864,0.2308499533683061,323847979008.0,
618255,2.588149070739746,0.002,0.0828543454408645,479.36499980278313,1093713.559011815,0.1823501661419868,323934486528.0,
618420,2.4789323806762695,0.002,0.0741252154111862,482.53096803091466,1086537.517248862,0.2059701364487409,324020994048.0,
618585,2.556492567062378,0.002,0.0639882385730743,493.26134799048305,1062901.0404644874,0.20787981338799,324107501568.0,
618750,2.548176527023315,0.002,0.0714638158679008,481.297988910228,1089320.9863334594,0.2118200063705444,324194009088.0,
618915,2.614656448364258,0.002,0.0715515464544296,479.2767490725964,1093914.9479178796,0.2061799168586731,324280516608.0,
619080,2.54181170463562,0.002,0.0788804963231086,479.8639100044966,1092576.434837717,0.1531110610812902,324367024128.0,
619245,2.573695182800293,0.002,0.0687362551689148,479.949580039829,1092381.4121401908,0.1862999051809311,324453531648.0,
619410,2.5120720863342285,0.002,0.0762714222073555,481.4988989382982,1088866.4567168304,0.2421000972390175,324540039168.0,
619575,2.5181357860565186,0.002,0.0786327198147773,480.9195890557021,1090178.091995489,0.1865699887275695,324626546688.0,
619740,2.538238286972046,0.002,0.0940325856208801,480.0196310970932,1092221.9968415264,0.1841101329773664,324713054208.0,
619905,2.547238349914551,0.002,0.0769265666604042,481.4977499190718,1088869.0551266754,0.1859599724411964,324799561728.0,
620070,2.5737175941467285,0.002,0.0881978943943977,479.3658701237291,1093711.5733013616,0.2246908843517303,324886069248.0,
620235,2.578289270401001,0.002,0.074937917292118,480.4129188414663,1091327.8545138629,0.2172400709241628,324972576768.0,
620400,,,,,,,325058560000.0,
620565,2.5977797508239746,0.002,0.0783338025212287,486.211579060182,1078312.4519852395,0.2231800463050604,325144018944.0,
620730,2.636197566986084,0.002,0.0689540430903434,481.8564900197089,1088058.3967615662,0.1963309478014707,325230526464.0,
620895,2.6022891998291016,0.002,0.0731381624937057,480.6836531497538,1090713.188527469,0.1824691426008939,325317033984.0,
621060,2.500293731689453,0.002,0.0759086981415748,482.6706419698894,1086223.0979291813,0.1889709383249282,325403541504.0,
621225,2.4986252784729004,0.002,0.0765453279018402,482.01621300540864,1087697.8530058635,0.1726099289953708,325490049024.0,
621390,2.553957462310791,0.002,0.0719173625111579,517.9078120272607,1012319.1576272332,0.2302301581948995,325576556544.0,
621555,2.583906888961792,0.002,0.0858525782823562,481.39717313461006,1089096.54908463,0.2232701517641544,325663064064.0,
621720,2.6010708808898926,0.002,0.0815040469169616,481.75278189592063,1088292.625808373,0.1571399625390768,325749571584.0,
621885,2.5267086029052734,0.002,0.0795349851250648,478.9200220257044,1094729.758389305,0.157990027219057,325836079104.0,
622050,2.4061508178710938,0.002,0.0757129862904548,491.9833729509264,1065662.0301115254,0.2027289010584354,325922586624.0,
622215,2.5142664909362793,0.002,0.0758233740925788,489.0710220206529,1072007.9014983226,0.2193099353462457,326009094144.0,
622380,2.567896842956543,0.002,0.0803177580237388,479.614902054891,1093143.6820534742,0.1929111313074827,326095601664.0,
622545,2.6103124618530273,0.002,0.0817119404673576,479.8304229043424,1092652.6851435606,0.2084597945213318,326182109184.0,
622710,2.683040142059326,0.002,0.0818909183144569,483.56742202304304,1084208.6876047174,0.4394399002194404,326268616704.0,
622875,2.5635077953338623,0.002,0.0738320350646972,482.1883451659232,1087309.5653516678,0.2177301794290542,326355124224.0,
623040,2.506831169128418,0.002,0.0724343508481979,480.7677548378706,1090522.3878352777,0.2353901509195566,326441107456.0,
623205,2.6014318466186523,0.002,0.0961305722594261,486.15614394657314,1078435.4091339374,0.180999981239438,326527614976.0,
623370,2.477299213409424,0.002,0.0769850090146064,479.8028338700533,1092715.5135186107,0.1911800354719162,326614122496.0,
623535,2.5656180381774902,0.002,0.0749537348747253,479.7244151122868,1092894.135640944,0.1778898295015096,326700630016.0,
623700,2.5983967781066895,0.002,0.0752802416682243,483.46170503646135,1084445.7679651373,0.1908109989017248,326787137536.0,
623865,2.569357395172119,0.002,0.0686407387256622,479.5124048832804,1093377.344695845,0.2231600228697061,326873645056.0,
624030,2.6042962074279785,0.002,0.0818371400237083,480.91548518277705,1090187.3949863326,0.1983200199902057,326960152576.0,
624195,2.4994637966156006,0.002,0.0785544961690902,479.2538550682366,1093967.204343826,0.1838898751884699,327046660096.0,
624360,2.5468287467956543,0.002,0.0838506147265434,482.41584515199065,1086796.8066737466,0.1811999827623367,327133167616.0,
624525,2.519422769546509,0.002,0.0732554569840431,480.34231504425406,1091488.2648881292,0.1995100174099207,327219675136.0,
624690,2.646108865737915,0.002,0.0840959921479225,480.2766549400985,1091637.4856183478,0.2302101347595453,327306182656.0,
624855,2.5474777221679688,0.002,0.0743821263313293,512.0604038238525,1023879.2066030432,0.1777401193976402,327392690176.0,
625020,2.5474767684936523,0.002,0.0781565085053443,481.3857779372483,1089122.329800828,0.1856600865721702,327479197696.0,
625185,2.5730085372924805,0.002,0.0814761966466903,480.7964579667896,1090457.284600492,0.2389498986303806,327565705216.0,
625350,2.569962978363037,0.002,0.0695178508758544,479.201918002218,1094085.771162488,0.1642501447349786,327652212736.0,
625515,2.2579574584960938,0.002,0.0680511891841888,481.5312181599438,1088793.3746091083,0.1650499179959297,327737671680.0,
625680,2.580012321472168,0.002,0.0756765082478523,493.3222578838467,1062769.8053783013,0.2400111407041549,327824179200.0,
625845,2.513566493988037,0.002,0.0736599043011665,481.41088779084384,1089065.5223979575,0.1918510533869266,327910686720.0,
626010,2.509358167648315,0.002,0.0759394690394401,480.2904478274286,1091606.136186119,0.2115801908075809,327997194240.0,
626175,2.5680947303771973,0.002,0.0732770711183548,482.2862280998379,1087088.889238337,0.1926000695675611,328083701760.0,
626340,2.5187230110168457,0.002,0.0771906524896621,482.3221580591053,1087007.9079712364,0.1613399945199489,328170209280.0,
626505,2.5663461685180664,0.002,0.0693527907133102,481.1094079632312,1089747.9685952612,0.2371100708842277,328256716800.0,
626670,2.538632869720459,0.002,0.0726855844259262,481.34777904488146,1089208.3080560234,0.2067198511213064,328343224320.0,
626835,2.5433826446533203,0.002,0.0714192762970924,479.9546680878848,1092369.8316941827,0.2047091256827116,328429731840.0,
627000,2.556579828262329,0.002,0.0808659270405769,482.06634796224535,1087584.7323013332,0.1961500383913517,328516239360.0,
627165,2.6316752433776855,0.002,0.0823716223239898,479.6474210452288,1093069.5694297536,0.1721300650388002,328602746880.0,
627330,2.5726637840270996,0.002,0.0808005630970001,481.6368098836392,1088554.6728180205,0.1756898127496242,328689254400.0,
627495,2.6431918144226074,0.002,0.0809366479516029,498.01677791401744,1052751.6807687115,0.203130068257451,328775761920.0,
627660,2.6552112102508545,0.002,0.0834074914455413,481.63668997585773,1088554.9438234868,0.199310015887022,328862269440.0,
627825,2.6468400955200195,0.002,0.0810897052288055,495.5813700798899,1057925.1595262398,0.1745298504829406,328948776960.0,
627990,2.6377086639404297,0.002,0.0710674226284027,480.0771300215274,1092091.1812160062,0.4050200805068016,329034760192.0,
628155,2.5790209770202637,0.002,0.0772440284490585,488.97501011379063,1072218.3938970452,0.2049400936812162,329121267712.0,
628320,2.568237543106079,0.002,0.069614939391613,486.3585911225527,1077986.5094803884,0.2125499304383993,329207775232.0,
628485,2.5718486309051514,0.002,0.0680102705955505,480.6470919866115,1090796.1553101505,0.2040308900177478,329294282752.0,
628650,2.5558724403381348,0.002,0.0820119827985763,479.7051709610969,1092937.9788622682,0.1705598551779985,329380790272.0,
628815,2.5518949031829834,0.002,0.0773651227355003,479.73457095213234,1092870.9993933565,0.182370888069272,329467297792.0,
628980,2.5405404567718506,0.002,0.0792717859148979,480.36586097441614,1091434.7637787757,0.2200291492044925,329553805312.0,
629145,2.541968584060669,0.002,0.0715393871068954,479.8933560959995,1092509.3947229383,0.2031100448220968,329640312832.0,
629310,2.5065817832946777,0.002,0.0775791406631469,480.9983870945871,1089999.4970188956,0.2000799868255853,329726820352.0,
629475,2.538560390472412,0.002,0.0707516595721244,483.0127560999245,1085453.73466604,0.1986799761652946,329813327872.0,
629640,2.496222972869873,0.002,0.0800081640481948,479.3931161984802,1093649.4127356897,0.1997000072151422,329899835392.0,
629805,2.4794654846191406,0.002,0.0761839896440506,480.19763617776334,1091817.119661778,0.190588878467679,329986342912.0,
629970,2.5938539505004883,0.002,0.0791316777467727,482.09957708604634,1087509.7695977106,0.3441800363361835,330072850432.0,
630135,2.5885767936706543,0.002,0.0809697806835174,480.16943596303463,1091881.2417714188,0.237189931795001,330159357952.0,
630300,2.4614150524139404,0.002,0.0718027800321579,480.6345470715314,1090824.6258918457,0.1860999036580324,330245865472.0,
630465,2.5207250118255615,0.0019999968417282,0.0740739926695823,479.766387026757,1092798.524817788,0.2134600654244423,330331324416.0,
630630,2.5663349628448486,0.0019999508125105,0.0962844565510749,482.94563801027834,1085604.587216174,0.177549896761775,330417831936.0,
630795,2.51815128326416,0.00199984994951,0.0816806107759475,482.1608769707382,1087371.5082275714,0.1990599557757377,330504339456.0,
630960,2.5063304901123047,0.0019996942582579,0.0780151933431625,479.4772369787097,1093457.5399317236,0.1828400418162346,330590846976.0,
631125,2.57492995262146,0.0019994837472915,0.0788515955209732,480.0780869554728,1092089.0043636332,0.1981498207896947,330677354496.0,
631290,2.508582592010498,0.0019992184281546,0.0739386901259422,480.14211282134056,1091943.376762467,0.1900489442050457,330763862016.0,
631455,2.5495681762695312,0.0019988983153964,0.0686484053730964,492.097012931481,1065415.936741321,0.1859299372881651,330850369536.0,
631620,2.5881834030151367,0.0019985234265707,0.0713985785841941,480.560694122687,1090992.2646860282,0.2783900126814842,330936877056.0,
631785,2.533109188079834,0.0019980937822351,0.0775084495544433,479.3713828548789,1093698.9957089676,0.2003300469368696,331023384576.0,
631950,2.5912582874298096,0.0019976094059498,0.0733039677143096,479.9803339410573,1092311.4197099246,0.1732399687170982,331109892096.0,
632115,2.546693801879883,0.0019970703242762,0.0729084908962249,479.95828301645815,1092361.6042313864,0.2536899410188198,331196399616.0,
632280,2.538654327392578,0.0019964765667758,0.0717068463563919,480.4906928911805,1091151.208039608,0.5827101413160563,331282907136.0,
632445,2.9733290672302246,0.0019958281660081,0.1830600649118423,484.5414129085839,1082029.2879670018,0.2576510887593031,331369414656.0,
632610,2.566605806350708,0.0019951251575291,0.0875893384218216,482.77724301442504,1085983.2512534868,0.2325701061636209,331455922176.0,
632775,2.509779930114746,0.0019943675798893,0.0702458396553993,480.12673389166594,1091978.3527786196,0.2028599847108125,331542429696.0,
632940,2.5344841480255127,0.0019935605606277,0.0777505710721015,480.60036287643015,1090902.2141849748,0.1762399915605783,331628412928.0,
633105,2.573176860809326,0.0019926943023455,0.0753023847937583,481.6806029994041,1088455.704330383,0.2361000515520572,331714920448.0,
633270,2.5800671577453613,0.0019917736082021,0.0871390178799629,480.4187431000173,1091314.6240234212,0.1944098621606826,331801427968.0,
633435,2.485980987548828,0.001990798528685,0.0825124755501747,479.80964509770274,1092700.0016709547,0.1765401102602481,331887935488.0,
633600,2.4676353931427,0.0019897691172643,0.0701875910162925,482.8620948828757,1085792.414762175,0.1758199650794267,331974443008.0,
633765,2.5423731803894043,0.0019886854303891,0.0778726637363433,481.9762248080224,1087788.096205017,0.2028299495577812,332060950528.0,
633930,2.5733141899108887,0.0019875475274851,0.0733993798494339,481.3780051190406,1089139.91587619,0.2051799092441797,332147458048.0,
634095,2.50764536857605,0.001986355470951,0.0727590546011924,479.9432549625635,1092395.808418842,0.1775198616087436,332233965568.0,
634260,2.5913374423980713,0.0019851093261547,0.0784381777048111,478.8255461025983,1094945.756899237,0.1765710767358541,332320473088.0,
634425,2.6061835289001465,0.0019838091614306,0.0772077664732933,479.7920559067279,1092740.060085368,0.2273700665682554,332406980608.0,
634590,2.5662190914154053,0.0019824550480752,0.0747237578034401,480.9722441714257,1090058.7432091734,0.1850398257374763,332493488128.0,
634755,2.5427637100219727,0.0019810470603431,0.0888597145676612,479.9220559652895,1092444.0614538444,0.2006900031119585,332579995648.0,
634920,2.5672731399536133,0.0019795852754436,0.0936124771833419,480.23821390233934,1091724.8665817722,0.1609199680387973,332666503168.0,
635085,2.536564588546753,0.0019780697735357,0.0829109102487564,481.0432849917561,1089897.7625453917,0.2147399354726076,332753010688.0,
635250,2.484151840209961,0.0019765006377242,0.0680835098028183,495.7545790821314,1057555.5367954385,0.1890708226710558,332839518208.0,
635415,2.491621255874634,0.0019748979431967,0.0696858540177345,481.6893709357828,1088435.8917479543,0.2200899180024862,332924977152.0,
635580,2.5024471282958984,0.0019732224480941,0.0758010521531105,479.6180499251932,1093136.5074391467,0.4620300605893135,333011484672.0,
635745,2.525681495666504,0.0019714935848983,0.0952411070466041,480.4767807945609,1091182.802076281,0.5582890007644892,333097992192.0,
635910,2.487183094024658,0.0019697114484139,0.0709785893559455,478.35753997787833,1096017.0085836751,0.1853599678725004,333184499712.0,
636075,2.5731866359710693,0.001967876136367,0.0792317539453506,479.5391010120511,1093316.475952655,0.1877311151474714,333271007232.0,
636240,2.534038782119751,0.0019659877493998,0.0784108489751815,482.81351989135146,1085901.654365399,0.1714001409709453,333357514752.0,
636405,2.4793455600738525,0.0019640463910647,0.0781528353691101,481.8928099703044,1087976.3905012573,0.1755100674927234,333444022272.0,
636570,2.5413260459899902,0.001962052167819,0.0697416141629219,481.9594610016793,1087825.932310463,0.332969008013606,333530529792.0,
636735,2.526068210601806,0.0019600051890188,0.074939452111721,480.6363410316408,1090820.5544230489,0.2324699889868497,333617037312.0,
636900,2.5640101432800293,0.0019579055669133,0.0873812958598136,483.43907995149493,1084496.5203322072,0.1647800672799348,333703544832.0,
637065,2.535147905349731,0.0019557534166384,0.0761068761348724,511.4300991408527,1025141.0718312184,0.1629700418561697,333790052352.0,
637230,2.56770658493042,0.0019535488562103,0.0673110410571098,492.68423998728395,1064146.0746005022,0.1939898356795311,333876559872.0,
637395,2.537062168121338,0.0019512920065195,0.0824532732367515,481.9197298493236,1087915.6164947287,0.1881700009107589,333963067392.0,
637560,2.58521032333374,0.0019489829913235,0.0873931273818016,479.7136599663645,1092918.638249244,0.2156400587409734,334049574912.0,
637725,2.5677409172058105,0.0019466219372408,0.0737157687544822,481.1860700137913,1089574.351113226,0.2072199713438749,334136082432.0,
637890,2.560077667236328,0.0019442089737432,0.0783046185970306,500.4884989466518,1047552.5433720008,0.1982999965548515,334222589952.0,
638055,2.5357236862182617,0.0019417593266511,0.0765048637986183,479.98323012143373,1092304.8287902838,0.1982999965548515,334308573184.0,
638220,2.52079176902771,0.0019392432566868,0.0663684159517288,481.40686890110373,1089074.6141549249,0.2001700922846794,334395080704.0,
638385,2.504497528076172,0.0019366756819285,0.0885877460241317,481.2730490230024,1089377.4356663418,0.1785599160939455,334481588224.0,
638550,2.5612685680389404,0.001934056743173,0.0794062539935112,479.5436698477715,1093306.0594177635,0.2149401698261499,334568095744.0,
638715,2.4982428550720215,0.0019313865840335,0.0780752375721931,479.87883910536766,1092542.4446250305,0.2172200474888086,334654603264.0,
638880,2.5708980560302734,0.0019286653509322,0.0687060430645942,482.31027903966606,1087034.6803387983,0.20626001060009,334741110784.0,
639045,2.507627010345459,0.0019258931930921,0.0652087852358818,481.1815901193768,1089584.4952628568,0.1851900015026331,334827618304.0,
639210,2.568620204925537,0.0019230702625283,0.07889074832201,480.7711199391633,1090514.7548512134,0.1894598826766014,334914125824.0,
639375,2.6675782203674316,0.0019201967140406,0.0968664065003395,479.7524199821055,1092830.339489597,0.1911199651658535,335000633344.0,
639540,2.4647536277770996,0.0019172727052042,0.0763651207089424,480.56737519800663,1090977.0971947052,0.1896598841995,335087140864.0,
639705,2.5330557823181152,0.0019142983963615,0.0867041945457458,480.7006239425391,1090674.6816760346,0.201389892026782,335173648384.0,
639870,2.543194055557251,0.001911273950613,0.0764523446559906,484.7774039953947,1081502.5528809107,0.1566598657518625,335260155904.0,
640035,2.4599900245666504,0.0019081995338088,0.0699673667550087,479.1979449801147,1094094.8422092178,0.2039200626313686,335346663424.0,
640200,2.554875373840332,0.001905075314539,0.0751514956355094,478.90950506553054,1094753.7989004003,0.1875099260360002,335433170944.0,
640365,2.5268383026123047,0.0019019014641248,0.0808071419596672,515.5199610162526,1017008.1464284386,0.1964000985026359,335519678464.0,
640530,2.4729809761047363,0.0018987372025974,0.073495015501976,481.3233648892492,1089263.55594775,0.2200999297201633,335604613120.0,
640695,2.5679476261138916,0.0018954655091477,0.0723097249865531,480.460774153471,1091219.155036639,0.1963090617209673,335691120640.0,
640860,2.5492866039276123,0.0018921447115214,0.0699936971068382,478.3101549837738,1096125.5882551477,0.2014099154621362,335777628160.0,
641025,2.5170164108276367,0.0018887749918195,0.0650056824088096,481.2089940533042,1089522.4455050894,0.1649488694965839,335864135680.0,
641190,2.574164867401123,0.0018853565348256,0.0729298144578933,480.31834000721574,1091542.7464046527,0.1711600925773382,335950643200.0,
641355,2.558220386505127,0.0018818895279958,0.0867025852203369,481.44904896616936,1088979.1996179451,0.1763910986483097,336037150720.0,
641520,2.576690673828125,0.0018783741614485,0.0818480923771858,480.8506590779871,1090334.3691059973,0.1767890062183141,336123658240.0,
641685,2.5885796546936035,0.0018748106279541,0.0772445723414421,479.8992401920259,1092495.9993481392,0.1999700907617807,336210165760.0,
641850,2.5439741611480713,0.0018711991229242,0.0719097033143043,499.7972089331597,1049001.4562488594,0.2162398304790258,336296673280.0,
642015,2.525871515274048,0.0018675398444011,0.083499751985073,482.0873490534723,1087537.354028029,0.2242601476609707,336383180800.0,
642180,2.555065393447876,0.0018638329930466,0.0836385712027549,482.5786789879203,1086430.094880184,0.1814509741961956,336469688320.0,
642345,2.5045065879821777,0.0018600787721315,0.0854810252785682,479.2837800923735,1093898.9003528403,0.2165099140256643,336556195840.0,
642510,2.518296003341675,0.001856277387524,0.084267184138298,479.66539999470115,1093028.5986977415,0.2014501951634884,336642703360.0,
642675,2.5067591667175293,0.0018524290476787,0.1021854057908058,479.333858937025,1093784.6142616873,0.1911800354719162,336729210880.0,
642840,2.585451126098633,0.0018485339636249,0.068000853061676,478.8949701469392,1094787.0257211784,0.2115098759531974,336815718400.0,
643005,2.546790599822998,0.0018446163772451,0.0665247067809104,478.6371800582856,1095376.6691007065,0.1618401147425174,336901701632.0,
643170,2.522909164428711,0.0018406287281419,0.078266754746437,479.5762989670038,1093231.6737280474,0.2010499592870474,336988209152.0,
643335,2.5416250228881836,0.0018365949819183,0.0744811743497848,479.64068897999823,1093084.9113634387,0.1792002003639936,337074716672.0,
643500,2.5882856845855713,0.0018325153597706,0.0695496872067451,493.6832198873162,1061992.7493579169,0.189739977940917,337161224192.0,
643665,2.6337289810180664,0.0018283900854112,0.0704362317919731,480.9061218984425,1090208.6210304447,0.1953199971467256,337247731712.0,
643830,2.636721611022949,0.0018242193850553,0.0767439231276512,479.96894107200205,1092337.3475563067,0.2091699279844761,337334239232.0,
643995,2.547616481781006,0.0018200034874097,0.0708942860364914,480.5150812026113,1091095.8271857686,0.1852200366556644,337420746752.0,
644160,2.495769739151001,0.0018157426236592,0.0746978148818016,479.1406909935176,1094225.5789481532,0.1982399262487888,337507254272.0,
644325,2.5871217250823975,0.0018114370274547,0.0764289945363998,507.1857802104205,1033719.8329623598,0.2374399919062852,337593761792.0,
644490,2.5636191368103027,0.0018070869348998,0.0647870376706123,482.42343100719154,1086779.7173644835,0.1850798726081848,337680269312.0,
644655,2.557558059692383,0.0018026925845384,0.0603177957236766,480.0559622235596,1092139.3363631254,0.2095689997076988,337766776832.0,
644820,2.5500149726867676,0.0017982542173412,0.0763340145349502,480.66670098342,1090751.6558299814,0.1789801754057407,337853284352.0,
644985,2.5528578758239746,0.0017937720766925,0.0713488832116127,479.423071956262,1093581.0783170466,0.195210101082921,337939791872.0,
645150,2.505305767059326,0.0017892464083772,0.0690744891762733,478.1267119105906,1096546.1392126563,0.1974508631974458,338026299392.0,
645315,2.5024189949035645,0.0017846774605671,0.0681203156709671,479.7788818832487,1092770.0651225878,0.1994399353861808,338112806912.0,
645480,2.5579240322113037,0.0017801216431753,0.0729921162128448,480.2070159930736,1091795.7933533443,0.1769301015883684,338198265856.0,
645645,2.561422348022461,0.001775467407344,0.0832984969019889,482.0686159655452,1087579.6155074164,0.1862898934632539,338284773376.0,
645810,2.576169967651367,0.0017707706476098,0.0723400861024856,480.87819502688944,1090271.93460224,0.1876198220998048,338371280896.0,
645975,2.530860424041748,0.0017660316215263,0.087567038834095,482.7760658226907,1085985.8992938465,0.1553508918732404,338457788416.0,
646140,2.549987554550171,0.0017612505889652,0.0704588145017623,481.4349161460996,1089011.16727665,0.1744099427014589,338544295936.0,
646305,2.4826431274414062,0.0017564278121014,0.076163113117218,484.15076499804854,1082902.3475819835,0.1779601443558931,338630803456.0,
646470,2.5029726028442383,0.0017515635553991,0.0716963931918144,481.83649592101574,1088103.5464070432,0.2146000042557716,338717310976.0,
646635,2.4571657180786133,0.0017466580855968,0.0838920548558235,479.1620559990406,1094176.7893262603,0.1631299965083599,338803818496.0,
646800,2.5569536685943604,0.0017417116716934,0.0694262981414794,479.1305870749056,1094248.6540063757,0.1488488633185625,338890326016.0,
646965,2.5736608505249023,0.0017367245849328,0.0698758587241172,482.6640859246254,1086237.8521402455,0.256560044363141,338976833536.0,
647130,2.6041290760040283,0.0017316970987891,0.0778317898511886,481.25867592170835,1089409.9706272967,0.1901199575513601,339063341056.0,
647295,2.425225734710694,0.0017266294889522,0.0765723809599876,481.4489600248635,1088979.4007924,0.1887001562863588,339149848576.0,
647460,2.5343270301818848,0.0017215220333119,0.0803867056965828,482.3734699748457,1086892.2787717576,0.205660006031394,339236356096.0,
647625,2.5918123722076416,0.001716375011943,0.0778558179736137,480.13467993587255,1091960.2809570527,0.1783701591193676,339322863616.0,
647790,2.475100040435791,0.0017111887070901,0.0737103447318077,478.73986000195146,1095141.7331280145,0.1882398501038551,339409371136.0,
647955,2.5330090522766113,0.0017059951885509,0.0726488158106803,482.9696009401232,1085550.724060994,0.1994702033698558,339495354368.0,
648120,2.6019678115844727,0.0017007314058189,0.093426801264286,479.3444802053273,1093760.3782887438,0.2234799321740865,339581861888.0,
648285,2.5047121047973633,0.0016954291974431,0.0735440850257873,479.8175599426031,1092681.9770054196,0.1827399246394634,339668369408.0,
648450,2.5450844764709473,0.0016900888541781,0.0642731189727783,480.8857499156147,1090254.806036572,0.1737501006573438,339754876928.0,
648615,2.540287971496582,0.0016847106688695,0.0773715302348136,481.6147501114756,1088604.5327279682,0.1982601825147867,339841384448.0,
648780,2.557612419128418,0.001679294936438,0.0705070346593856,520.2070279046893,1007844.8999655928,0.2194300759583711,339927891968.0,
648945,2.481973886489868,0.0016738419538633,0.0666570961475372,481.2485200818628,1089432.9605643586,0.2652099356055259,340014399488.0,
649110,2.5320053100585938,0.0016683520201677,0.0760351195931434,481.3726700376719,1089151.9868773804,0.1797399017959833,340100907008.0,
649275,2.42098617553711,0.0016628254364,0.0799449905753135,490.262100007385,1069403.4884444512,0.2023400738835334,340187414528.0,
649440,2.5287060737609863,0.0016572625056185,0.0680523067712783,482.0517718326301,1087617.6183458455,0.182420015335083,340273922048.0,
649605,2.563169479370117,0.0016516635328748,0.0774785727262497,481.2528018373996,1089423.2677675728,0.1827490050345659,340360429568.0,
649770,2.5576748847961426,0.0016460288251968,0.072091557085514,480.2587921731174,1091678.0880317783,0.2226301003247499,340446937088.0,
649935,2.507169008255005,0.0016403586915721,0.0754041001200676,480.95468198880553,1090098.5469816115,0.1777298748493194,340533444608.0,
650100,2.5915913581848145,0.0016346534429308,0.0647422596812248,481.3141019549221,1089284.5189254452,0.1733489334583282,340619952128.0,
650265,2.5220558643341064,0.0016289133921286,0.0747132003307342,480.3121720906347,1091556.763423158,0.2126700710505247,340706459648.0,
650430,2.526538372039795,0.0016232090535589,0.0782209560275077,479.38525187782943,1093667.3540670667,0.2125399187207222,340791918592.0,
650595,2.507631778717041,0.0016174007569063,0.0808625295758247,480.3964819293469,1091365.1946291905,0.1872000284492969,340878426112.0,
650760,2.54978084564209,0.0016115586041695,0.0859058126807212,480.04582105204463,1092162.4082696864,0.192590057849884,340964933632.0,
650925,2.567168712615967,0.0016056829157115,0.083078995347023,482.9285219311714,1085643.0634981696,0.1884098164737224,341051441152.0,
651090,2.541341781616211,0.0015997740137344,0.070058137178421,479.17888103984296,1094138.370335245,0.2077198587357998,341137948672.0,
651255,2.5270347595214844,0.0015938322222616,0.0757425129413604,481.0098821762949,1089973.4484204282,0.1898000482469797,341224456192.0,
651420,2.562936305999756,0.0015878578671201,0.0749420151114463,483.05228096432984,1085364.9194106904,0.1970399171113968,341310963712.0,
651585,2.483030080795288,0.0015818512759224,0.0685509368777275,481.7196719814092,1088367.4271459556,0.1899099443107843,341397471232.0,
651750,2.6003975868225098,0.0015758127780488,0.0750101432204246,482.3156399652362,1087022.5979771027,0.2046502195298671,341483978752.0,
651915,2.505216598510742,0.0015697427046294,0.0719017162919044,507.9868088942021,1032089.7921370886,0.1742199528962373,341570486272.0,
652080,2.5162975788116455,0.0015636413885255,0.072664625942707,492.52736987546086,1064485.005437505,0.157840084284544,341656993792.0,
652245,2.5129075050354004,0.0015575091643119,0.0764261111617088,480.40520097129047,1091345.3870607284,0.2219900488853454,341743501312.0,
652410,2.5731616020202637,0.0015513463682582,0.0683947429060936,482.1957810781896,1087292.7980159682,0.2266298979520797,341830008832.0,
652575,2.5118861198425293,0.0015451533383104,0.0707263201475143,479.4549508951605,1093508.366158561,0.1775198616087436,341916516352.0,
652740,2.4722845554351807,0.0015389304140725,0.077579915523529,479.88432087004185,1092529.9644077832,0.2125999890267849,342003023872.0,
652905,2.492917537689209,0.0015326779367877,0.072078138589859,483.12695091590285,1085197.1702387226,0.2443001139909029,342089531392.0,
653070,2.463693141937256,0.0015264344074435,0.0785704478621482,480.12478998862207,1091982.7739209728,0.2059598919004202,342175514624.0,
653235,2.592229127883911,0.0015201240281613,0.0773977413773536,480.9061021078378,1090208.6658955188,0.2027899026870727,342262022144.0,
653400,2.46205472946167,0.0015137851271083,0.0888537019491195,478.29251107759774,1096166.0236301296,0.1879299525171518,342348529664.0,
653565,2.566835403442383,0.0015074180518874,0.0747071653604507,480.1375127863139,1091953.8383024351,0.1847399398684501,342435037184.0,
653730,2.550358772277832,0.0015010231516467,0.0715670585632324,479.618804063648,1093134.788623559,0.2081200946122408,342521544704.0,
653895,2.5882372856140137,0.00149460077706,0.0662813484668731,480.5620841216296,1090989.1090519398,0.1996699720621109,342608052224.0,
654060,2.482239246368408,0.0014881512803077,0.0748594403266906,480.6358329951763,1090821.707430336,0.1898088958114385,342694559744.0,
654225,2.5800843238830566,0.0014816750150574,0.0674438625574112,482.687653042376,1086184.8168177025,0.1998599618673324,342781067264.0,
654390,2.351898193359375,0.0014751723364448,0.0732695087790489,489.1012529842555,1071941.6415334293,0.1545900013297796,342867574784.0,
654555,2.489933490753174,0.0014686436010539,0.067563347518444,481.26271297223866,1089400.832160964,0.2018699888139963,342954082304.0,
654720,2.468334674835205,0.0014620891668976,0.0926931574940681,480.22586293518543,1091752.9447404242,0.1906000543385744,343040589824.0,
654885,2.5276830196380615,0.0014555093933979,0.0657461956143379,481.3841029535979,1089126.119419315,0.2237199805676937,343127097344.0,
655050,2.6199686527252197,0.0014489046413664,0.0715118199586868,479.8121729400009,1092694.244890616,0.1800400204956531,343213604864.0,
655215,2.516270637512207,0.0014422752729846,0.0772365033626556,480.4723139386624,1091192.9465865772,0.2000099048018455,343300112384.0,
655380,2.520888328552246,0.0014356216517836,0.0717183127999305,482.16549307107925,1087361.0980757414,0.1743200700730085,343386619904.0,
655545,2.522634506225586,0.0014290252236989,0.068208672106266,488.9881229028106,1072189.641105466,0.1760600134730339,343472078848.0,
655710,2.4933106899261475,0.0014223244756682,0.0709408521652221,493.27901005744934,1062862.9828358989,0.1943500246852636,343558586368.0,
655875,2.5354349613189697,0.0014156005688498,0.0736011862754821,479.7243010252714,1092894.3955507083,0.1859401818364858,343645093888.0,
656040,2.4384000301361084,0.0014088538719591,0.0676519125699997,501.31747988052666,1045820.3055775109,0.1783601474016904,343731601408.0,
656205,2.4708468914031982,0.0014020847549612,0.0671732127666473,481.1566399876028,1089640.9951102587,0.174789922311902,343818108928.0,
656370,2.543198585510254,0.0013952935890508,0.0783656015992164,491.8947198893875,1065854.0919445057,0.2121108118444681,343904616448.0,
656535,2.496567726135254,0.0013884807466313,0.0747077614068985,479.7869811300188,1092751.6181559784,0.1763799227774143,343991123968.0,
656700,2.592205762863159,0.0013816466012952,0.0761654824018478,480.04696192219853,1092159.81265802,0.1944601535797119,344077631488.0,
656865,2.44630765914917,0.0013747915278028,0.068202443420887,481.8507011514157,1088071.468500881,0.207030912861228,344164139008.0,
657030,2.53340744972229,0.0013679159020624,0.0663056597113609,480.4920421447605,1091148.144014516,0.1653600484132766,344250646528.0,
657195,2.424981117248535,0.0013610201011089,0.0796632766723632,481.28632991574705,1089347.374756687,0.1562710385769605,344337154048.0,
657360,2.4883713722229004,0.0013541045030839,0.0720922499895095,481.4927810803056,1088880.2918782637,0.1718399580568075,344423661568.0,
657525,2.5051169395446777,0.0013471694872144,0.0854304060339927,501.1788299307227,1046109.6293162894,0.2016499638557434,344510169088.0,
657690,2.48811674118042,0.0013402154337922,0.0812167301774025,479.1912499349564,1094110.1284114951,0.1731391530483961,344596676608.0,
657855,2.504149913787842,0.0013332427241532,0.0779559910297393,479.3775011785328,1093685.03676342,0.1632000785320997,344683184128.0,
658020,2.516430139541626,0.001326294164526,0.0716502740979194,481.2138401903212,1089511.4733039325,0.1743098255246877,344769167360.0,
658185,2.436594009399414,0.0013192853978026,0.0627051666378974,520.0850979890674,1008081.1813820148,0.1629800535738468,344855674880.0,
658350,2.489028215408325,0.0013122591225919,0.07371486723423,482.6032998971641,1086374.6686185494,0.2350499853491783,344942182400.0,
658515,2.495551586151123,0.0013052157241901,0.0643853768706321,479.9475709442049,1092385.984928653,0.2002499531954527,345028689920.0,
658680,2.485018491744995,0.0012981555888323,0.0745650678873062,480.6915009394288,1090695.3814980488,0.2443001139909029,345115197440.0,
658845,2.461644172668457,0.0012910791036716,0.0760550200939178,481.6725209821016,1088473.967605642,0.1903101801872253,345201704960.0,
659010,2.3526458740234375,0.0012839866567574,0.0934540256857872,482.7005919069052,1086155.701464554,0.1657099928706884,345288212480.0,
659175,2.4418249130249023,0.0012768786370145,0.0713455453515052,479.0034219622612,1094539.1535038066,0.1776700373739004,345374720000.0,
659340,2.5227339267730713,0.0012697554342219,0.0693264529109001,479.9811209086329,1092309.6287776728,0.1980899833142757,345461227520.0,
659505,2.4461236000061035,0.0012626174389908,0.0623177178204059,482.4891099706292,1086631.7791751097,0.2138291019946336,345547735040.0,
659670,2.523151397705078,0.0012554650427437,0.0769140496850013,482.06017003394663,1087598.670437924,0.1765398774296045,345634242560.0,
659835,2.5037269592285156,0.0012482986376929,0.072068341076374,478.89882209710777,1094778.2199674917,0.1920301001518964,345720750080.0,
660000,2.5076470375061035,0.0012411186168189,0.0732249319553375,481.9437409751117,1087861.4149842751,0.2047291491180658,345807257600.0,
660165,2.4430127143859863,0.0012339253738486,0.0740365535020828,481.8047808948904,1088175.1713343367,0.1788600347936153,345893765120.0,
660330,2.396587371826172,0.0012267193032343,0.0683995932340622,481.2939919065684,1089330.032820725,0.2246489748358726,345980272640.0,
660495,2.5444140434265137,0.001219632154277,0.0758336037397384,479.3765321373939,1093687.2476054667,0.1977300271391868,346065207296.0,
660660,2.4746875762939453,0.0012124018298341,0.0724123120307922,480.1157910842449,1092003.241168138,0.1945309340953827,346151714816.0,
660825,2.473250150680542,0.0012051598580225,0.0761668682098388,479.3032219167799,1093854.528879071,0.1715298276394605,346238222336.0,
660990,2.5286669731140137,0.0011979066359665,0.0744100213050842,480.05250096321106,1092147.2108738767,0.2016599755734205,346324729856.0,
661155,2.543133020401001,0.0011906425614071,0.0736185014247894,480.1612009759992,1091899.9680405385,0.2151799853891134,346411237376.0,
661320,2.5007565021514893,0.0011833680326808,0.0696676895022392,481.4782910980284,1088913.0614889043,0.2091089263558387,346497744896.0,
661485,2.529010534286499,0.001176083448697,0.0740212202072143,481.387261999771,1089118.9721597773,0.246330164372921,346584252416.0,
661650,2.517690658569336,0.0011687892089167,0.061420053243637,481.35117115452886,1089200.632341844,0.1751400995999574,346670759936.0,
661815,2.478591203689575,0.0011614857133303,0.082239493727684,480.67480116151273,1090733.274831756,0.1876698806881904,346757267456.0,
661980,2.479222297668457,0.0011541733624358,0.0751201510429382,481.2139021232724,1089511.3330821712,0.1862000208348035,346843774976.0,
662145,2.534470558166504,0.0011468525572168,0.0675320401787757,502.1274900063872,1044133.2339588316,0.1594701316207647,346930282496.0,
662310,2.5135207176208496,0.0011395236991206,0.0615953654050827,481.3634119927883,1089172.934497678,0.2257898449897766,347016790016.0,
662475,2.494584321975708,0.0011321871900357,0.0822963118553161,480.313832173124,1091552.9907350785,0.198710011318326,347103297536.0,
662640,2.4868874549865723,0.0011248434322707,0.0841631293296814,479.5640411321074,1093259.6171354149,0.1800397876650095,347189805056.0,
662805,2.5130629539489746,0.0011174928285313,0.0634965971112251,479.9918618518859,1092285.1857888016,0.1583697739988565,347276312576.0,
662970,2.2897706031799316,0.0011101803886583,0.0698733329772949,483.4898121189326,1084382.725051157,0.1805198844522237,347362295808.0,
663135,2.4772541522979736,0.0011028173379542,0.0669492036104202,485.9571198467165,1078877.0831578183,0.190200051292777,347448803328.0,
663300,2.49368667602539,0.0010954486491091,0.0727003291249275,493.96752077154815,1061381.5239939117,0.1974801998585462,347535310848.0,
663465,2.514251232147217,0.0010880747261961,0.0759076625108718,481.287901988253,1089343.8165266754,0.1917399931699037,347621818368.0,
663630,2.4980502128601074,0.0010806959735752,0.0710677355527877,480.3645429201424,1091437.7585257362,0.1824100036174059,347708325888.0,
663795,2.51033878326416,0.0010733127958711,0.0762262493371963,478.7726609501988,1095066.704434353,0.1972701866179704,347794833408.0,
663960,2.4988369941711426,0.0010659255979513,0.0739483311772346,481.8020509555936,1088181.337045247,0.1934401225298643,347881340928.0,
664125,2.45719313621521,0.0010585347849038,0.085804745554924,482.2694808244705,1087126.6394541413,0.2309789415448904,347967848448.0,
664290,2.465934038162231,0.0010511407620148,0.0706365555524826,480.083541944623,1092076.595411546,0.2192899119108915,348054355968.0,
664455,2.5054378509521484,0.0010437439347464,0.0630335956811904,478.6307509057224,1095391.3826219472,0.1995100174099207,348140863488.0,
664620,2.3934764862060547,0.0010363447087146,0.0799005925655365,479.8975910525769,1092499.7536454808,0.1872498542070388,348227371008.0,
664785,2.530677556991577,0.0010289434896668,0.0844911634922027,480.39594083093107,1091366.423898482,0.1965800765901804,348313878528.0,
664950,2.4540047645568848,0.00102154068346,0.0711018294095993,480.8067318517715,1090433.9836939585,0.2460090909153223,348400386048.0,
665115,2.4403858184814453,0.001014136696038,0.0725802257657051,480.3763320669532,1091410.973026303,0.1762299798429012,348486893568.0,
665280,2.4551804065704346,0.0010067319334093,0.0685064792633056,478.65598113276064,1095333.6439236572,0.2028800081461668,348573401088.0,
665445,2.4892258644104004,0.0009994165613974,0.0753300264477729,479.65124202892184,1093060.8618509253,0.1593499910086393,348658860032.0,
665610,2.501573085784912,0.0009920114636503,0.065262921154499,485.01914110966027,1080963.5240384487,0.4825799260288477,348745367552.0,
665775,2.5017480850219727,0.0009846068039664,0.0742294266819953,481.6905511543155,1088433.224906747,0.1691698562353849,348831875072.0,
665940,2.4712018966674805,0.0009772029883912,0.0929968059062957,480.213362025097,1091781.3652436426,0.1709710340946912,348918382592.0,
666105,2.480278968811035,0.0009698004229239,0.075668454170227,481.7687221802771,1088256.6174642865,0.2631198149174452,349004890112.0,
666270,2.411587953567505,0.000962399513495,0.0724441707134246,481.6166521050036,1088600.2336266667,0.1604289282113313,349091397632.0,
666435,2.470900535583496,0.0009550006659445,0.0740017294883728,480.87469208985567,1090279.876700253,0.2038287930190563,349177905152.0,
666600,2.532196521759033,0.0009476042859991,0.0842532217502594,501.747481059283,1044924.030098028,0.1586000435054302,349264412672.0,
666765,2.5071582794189453,0.0009402107792502,0.0724425539374351,482.8879230190069,1085734.3391861212,0.2111601643264293,349350920192.0,
666930,2.4486093521118164,0.0009328205511317,0.0693594142794609,507.45081109926105,1033179.9428288736,0.1626100856810808,349437427712.0,
667095,2.4972949028015137,0.0009254340068978,0.0768915340304374,478.9204620756209,1094728.7525109246,0.1664001028984785,349523935232.0,
667260,2.450411796569824,0.0009180515516004,0.0806481540203094,484.1824620962143,1082831.4551711625,0.1924699172377586,349610442752.0,
667425,2.503783702850342,0.0009106735900674,0.0725095644593238,481.1144208069891,1089736.614256115,0.1896899193525314,349696950272.0,
667590,2.5073652267456055,0.0009033005268804,0.0800747275352478,482.6951720751822,1086167.8971140394,0.1805000938475132,349783457792.0,
667755,2.453845500946045,0.000895932766352,0.0731181874871254,481.4283319283277,1089026.061054614,0.1957300119102001,349869965312.0,
667920,2.4806461334228516,0.0008885707125045,0.068903811275959,515.0195891037583,1017996.229837336,0.1874498557299375,349956472832.0,
668085,2.472959041595459,0.0008812593313105,0.0691570863127708,482.2230318095535,1087231.354405858,0.1914091408252716,350042456064.0,
668250,2.445380210876465,0.0008739098609252,0.0734733492136001,479.3110007885843,1093836.7764090905,0.1585311256349086,350128963584.0,
668415,2.4666318893432617,0.0008665673048793,0.0979884713888168,479.88950088620186,1092518.1714369836,0.1952799502760172,350215471104.0,
668580,2.409329891204834,0.0008592320658127,0.0667600333690643,480.32358195632696,1091530.8339944684,0.1881399657577276,350301978624.0,
668745,2.48237943649292,0.000851904545964,0.0825454443693161,479.8963610082865,1092502.553881518,0.1761100720614195,350388486144.0,
668910,2.4566264152526855,0.0008445851471488,0.0702981799840927,481.5419011283666,1088769.219815491,0.2227199729532003,350474993664.0,
669075,2.4710147380828857,0.0008372742707371,0.0721154958009719,479.6834720764309,1092987.4188295193,0.173080014064908,350561501184.0,
669240,2.2777953147888184,0.0008299723176316,0.0703942775726318,481.0224510729313,1089944.967912753,0.1681200228631496,350648008704.0,
669405,2.5165250301361084,0.0008226796882456,0.076953537762165,486.4206910133362,1077848.88613142,0.1629299949854612,350734516224.0,
669570,2.4989981651306152,0.0008153967824814,0.0680848807096481,479.1223518550396,1094267.462100423,0.1519799698144197,350821023744.0,
669735,2.452949285507202,0.0008081239997078,0.0791378989815712,480.233060894534,1091736.581032977,0.1629600301384925,350907531264.0,
669900,2.506793260574341,0.0008008617387387,0.0810500681400299,483.4093700628728,1084563.172475971,0.1676301471889019,350994038784.0,
670065,2.483147144317627,0.0007936103978109,0.0748548209667205,481.3699908554554,1089158.0488186933,0.1717801205813884,351080546304.0,
670230,2.5069403648376465,0.0007863703745623,0.0638191774487495,481.5554309170693,1088738.6297389506,0.1706199254840612,351167053824.0,
670395,2.451139450073242,0.0007791420660105,0.0680776536464691,481.1840900219977,1089578.8345288634,0.1589402090758085,351253561344.0,
670560,2.3854856491088867,0.0007720132635093,0.0738150849938392,481.61403206177056,1088606.1557541084,0.2268801908940076,351339020288.0,
670725,2.4163970947265625,0.0007648094188479,0.0785215720534324,482.5321009848267,1086534.9661296138,0.1954801846295595,351425527808.0,
670890,2.491039991378784,0.00075761847121,0.069708228111267,480.280440999195,1091628.8802210016,0.1576889771968126,351512035328.0,
671055,2.4154133796691895,0.0007504408149219,0.0901421755552291,480.15302093699574,1091918.5699943674,0.188689911738038,351598542848.0,
671220,2.44881272315979,0.0007432768435811,0.0815386027097702,486.0962610691786,1078568.263098379,0.193099956959486,351685050368.0,
671385,2.5188839435577393,0.0007361269500346,0.0811880752444267,481.2129698693752,1089513.443792501,0.192220089957118,351771557888.0,
671550,2.4447968006134033,0.0007289915263572,0.073156252503395,480.5445410311222,1091028.9374529484,0.1789301168173551,351858065408.0,
671715,2.506046772003174,0.0007218709638307,0.0789527520537376,481.6282109823078,1088574.1076725658,0.1773899421095848,351944572928.0,
671880,2.4667727947235107,0.0007147656529214,0.0763816758990287,480.7423111051321,1090580.1047441922,0.1803101040422916,352031080448.0,
672045,2.4419209957122803,0.0007076759832597,0.0789131224155426,480.5834509897977,1090940.603385717,0.4150599706918001,352117587968.0,
672210,2.4169256687164307,0.0007006023436181,0.07083211094141,480.2724211476743,1091647.10883699,0.1491100993007421,352204095488.0,
672375,2.4413461685180664,0.0006935451218901,0.0672267526388168,479.2680412065238,1093934.8233613526,0.1712499652057886,352290603008.0,
672540,2.3972790241241455,0.0006865047050689,0.0820651799440383,479.9723909236491,1092329.496267631,0.2762300428003073,352377110528.0,
672705,2.4255871772766113,0.0006794814792261,0.0676438361406326,481.2746508978307,1089373.8097818503,0.1728700008243322,352463618048.0,
672870,2.4596991539001465,0.0006724758294908,0.0764373242855072,486.117061926052,1078522.111366983,0.2089100889861583,352550125568.0,
673035,2.425055742263794,0.0006655304347984,0.0808685049414634,481.4907319378108,1088884.9259672083,0.2169699873775243,352636108800.0,
673200,2.465324878692627,0.0006585609764641,0.0756115764379501,490.708720870316,1068430.1658020834,0.1763601321727037,352722616320.0,
673365,2.4907543659210205,0.0006516102414439,0.0734958574175834,479.88639189861715,1092525.249415206,0.1995500642806291,352809123840.0,
673530,2.442514657974243,0.0006446786108918,0.0696747973561286,481.0532408300787,1089875.2061109033,0.2061100676655769,352895631360.0,
673695,2.405337333679199,0.0006377664649139,0.0810502171516418,480.31681100837886,1091546.221127068,0.1912701409310102,352982138880.0,
673860,2.4545955657958984,0.0006308741825481,0.0784522220492363,480.43559095822275,1091276.3539318854,0.2205399796366691,353068646400.0,
674025,2.4088692665100098,0.0006240021417427,0.0823862478137016,482.99857205711305,1085485.6107897656,0.2312900032848119,353155153920.0,
674190,2.4721341133117676,0.0006171507193363,0.0744520872831344,480.290561914444,1091605.8768887352,0.1880498602986335,353241661440.0,
674355,2.3796324729919434,0.0006103202910369,0.0733983069658279,479.25380198284984,1093967.3255190195,0.181230017915368,353328168960.0,
674520,2.467230796813965,0.000603511231401,0.0772771537303924,479.38999184407294,1093656.5404363524,0.213070074096322,353414676480.0,
674685,2.4406447410583496,0.0005967239138136,0.0758782103657722,480.1914228592068,1091831.2469602823,0.1775599084794521,353501184000.0,
674850,2.426158905029297,0.0005899587104672,0.0778987482190132,482.26026189513505,1087147.42106204,0.1914699096232652,353587691520.0,
675015,2.4176137447357178,0.0005832159923417,0.072890818119049,480.5127820000053,1091101.04796337,0.2026399597525596,353674199040.0,
675180,2.397988796234131,0.0005764961291842,0.0718365535140037,504.1911108419299,1039859.6657614828,0.2079799305647611,353760706560.0,
675345,2.4426894187927246,0.0005697994894882,0.0733116045594215,480.6203118059784,1090856.9345101872,0.2079899422824382,353847214080.0,
675510,2.520298957824707,0.0005632071832226,0.0765039324760437,480.3878520615399,1091384.800323461,0.2015500795096159,353932673024.0,
675675,2.3711395263671875,0.0005565577982477,0.0746708437800407,479.0353218559176,1094466.266013038,0.168300000950694,354019180544.0,
675840,2.3975563049316406,0.0005499327300822,0.0752092897891998,479.74864090792835,1092838.9479286082,0.2635798882693052,354105688064.0,
676005,2.1856720447540283,0.0005433323420215,0.1031214967370033,482.7008720021695,1086155.0712045194,0.224999850615859,354192195584.0,
676170,2.4707770347595215,0.0005367569960077,0.0883344337344169,481.0114908032119,1089969.8032671178,0.1858300529420375,354278703104.0,
676335,2.4401583671569824,0.0005302070526097,0.0737031176686286,509.75042791105807,1028518.999284643,0.2166598569601774,354365210624.0,
676500,2.404325485229492,0.0005236828710032,0.0740877389907836,489.92574983276427,1070137.6691855148,0.1759598962962627,354451718144.0,
676665,2.402158498764038,0.0005171848089514,0.0796820372343063,481.1173209454864,1089730.0454069602,0.1530097797513008,354538225664.0,
676830,2.4041481018066406,0.0005107132227852,0.0745561197400093,480.92359001748264,1090169.0224447942,0.3064901102334261,354624733184.0,
676995,2.434053897857666,0.0005042684673835,0.0801898837089538,482.8600601758808,1085796.9901445757,0.3361999988555908,354711240704.0,
677160,2.4818544387817383,0.0004978508961541,0.0766475647687912,509.59446909837425,1028833.7723280692,0.1572298351675272,354797748224.0,
677325,2.4415321350097656,0.000491460861014,0.0718813762068748,480.9693300630897,1090065.3476828306,0.1676199026405811,354884255744.0,
677490,2.3936944007873535,0.0004850987123702,0.0744970738887786,481.9683600217104,1087805.846791236,0.1562300603836774,354970763264.0,
677655,2.4052419662475586,0.0004787647991006,0.0868172422051429,479.2943100910634,1093874.867616075,0.1693100202828645,355057270784.0,
677820,2.4762587547302246,0.0004724594685346,0.0684129446744918,480.59085104614496,1090923.805267486,0.1545911654829979,355143778304.0,
677985,2.4468278884887695,0.0004662210174145,0.0730508267879486,489.3565690144897,1071382.3685985424,0.1566698774695396,355229761536.0,
678150,2.4429214000701904,0.0004599737095125,0.0818146839737892,478.47256110981107,1095753.5345055538,0.142010161653161,355316269056.0,
678315,2.4475629329681396,0.0004537560147514,0.0746350586414337,478.55047206394374,1095575.1391045433,0.1682499423623085,355402776576.0,
