_step,train/loss,optimizer/learning_rate,optimizer/grad_norm,performance/step_ms,performance/tokens_per_second,performance/data_wait_ms,trainer/tokens_seen,attention_max_logit
0,2.517221450805664,0.0016234898018587,0.0765134990215301,975.3850209526718,537519.0194000732,0.0,524288.0,
12,2.541173934936523,0.0016230686492803,0.073792964220047,478.8505320902914,1094888.6236199087,0.2016699872910976,6815744.0,
24,2.5389909744262695,0.0016226473159836,0.0718172192573547,480.9683510102331,1090067.5666055316,0.280170002952218,13107200.0,
36,2.498638153076172,0.0016222258020908,0.0784390717744827,481.5765009261668,1088690.9950790592,0.1826798543334007,19398656.0,
48,2.490476608276367,0.0016218041077243,0.0719294100999832,481.58481111750007,1088672.2087090097,0.4038698971271515,25690112.0,
60,2.4694299697875977,0.0016213822330062,0.0855004116892814,481.8059909157455,1088172.4384611968,0.2118309494107961,31981568.0,
72,2.488666296005249,0.0016209601780591,0.0733430832624435,482.706090901047,1086143.327964505,0.2792899031192064,38273024.0,
84,2.5390162467956543,0.0016205379430052,0.0661042630672454,505.2283389959484,1037724.84544697,0.4577501676976681,44564480.0,
96,2.483466863632202,0.0016201155279671,0.0761877670884132,989.0089901164174,530114.4936390168,640.1181810069829,50855936.0,
108,2.4567370414733887,0.0016196929330672,0.0798714458942413,880.5098570883274,595436.8321709846,0.2387799322605133,57147392.0,
120,2.6079249382019043,0.0016192701584282,0.0830125287175178,1449.564822949469,361686.4811421244,0.4421391058713197,63438848.0,
132,2.5007028579711914,0.0016188472041727,0.083907775580883,481.8129299674183,1088156.7666427174,0.1733798999339342,69730304.0,
144,2.540945529937744,0.0016184240704233,0.06247353926301,482.36976098269224,1086900.636001542,757.6964139007032,76021760.0,
156,2.564199924468994,0.0016180007573028,0.0814231783151626,483.0531808547675,1085362.897460414,0.1869299449026584,82313216.0,
168,2.515552759170532,0.001617577264934,0.078993909060955,1089.9672850500792,481012.6021130178,0.1967090647667646,88604672.0,
180,2.5393824577331543,0.0016171535934396,0.0772540345788002,482.3903210926801,1086854.3108668018,0.1638100948184728,94896128.0,
192,2.3993773460388184,0.0016167297429426,0.0704321190714836,485.5377699714154,1079808.8890816176,0.3867000341415405,101187584.0,
204,2.4664571285247803,0.0016163057135659,0.0676314160227775,484.11427019163966,1082983.981844735,0.1605299767106771,107479040.0,
216,2.5102953910827637,0.0016158815054325,0.0683104991912841,984.4621610827744,532562.8761834325,0.16589998267591,113770496.0,
228,2.513453483581543,0.0016154571186655,0.0788037851452827,987.8107400145382,530757.5416645943,0.1939199864864349,120061952.0,
240,2.5411362648010254,0.0016150325533879,0.0861540585756301,478.55640202760696,1095561.5634408644,0.1511599402874708,126353408.0,
252,2.501448631286621,0.0016146078097228,0.0790402516722679,479.8595611937344,1092586.3365017509,0.1715300604701042,132644864.0,
264,2.5501532554626465,0.0016141828877935,0.0681366771459579,478.8389711175114,1094915.0583471097,0.1631798222661018,138936320.0,
276,2.502833604812622,0.0016137577877232,0.0747406557202339,483.01416100002825,1085450.5775038125,0.2159401774406433,145227776.0,
288,2.52490234375,0.0016133325096352,0.0840764045715332,956.3207721803336,548234.4577799622,4.894418874755502,151519232.0,
300,2.4885053634643555,0.0016129070536529,0.062909334897995,1385.133306030184,378510.8608084939,0.1900501083582639,157810688.0,
312,2.467194080352783,0.0016124814198997,0.0798172652721405,481.31305119022727,1089286.896965501,0.1671798527240753,164102144.0,
324,2.5305099487304688,0.0016120556084989,0.0809541568160057,901.3254451565444,581685.5640960411,0.2370600122958421,170393600.0,
336,2.5211238861083984,0.0016116296195742,0.0695863366127014,483.5153301246464,1084325.4956669991,0.3829400520771742,176685056.0,
348,2.499533176422119,0.0016112034532491,0.0779694020748138,948.8987131044267,552522.616755095,0.1997600775212049,182976512.0,
360,2.535649061203003,0.0016107771096471,0.0835893005132675,479.60615111514926,1093163.627657734,0.1937099732458591,189267968.0,
372,2.546875,0.001610350588892,0.0774722546339035,483.0031411256641,1085475.3424131349,0.1594398636370897,195559424.0,
384,2.528945207595825,0.0016099238911074,0.0757118761539459,1016.1338390316814,515963.5275010791,0.2123999875038862,201850880.0,
396,2.5225517749786377,0.0016094970164172,0.0834521651268005,996.8473089393228,525946.1457119838,0.1719300635159015,208142336.0,
408,2.54713773727417,0.001609069964945,0.0729258134961128,1449.9937219079584,361579.4965719723,0.1705498434603214,214433792.0,
420,2.587299108505249,0.0016086427368149,0.0776875466108322,482.0154709741473,1087699.5274454996,0.1758998259902,220725248.0,
432,2.5341007709503174,0.0016082153321507,0.0789536833763122,976.3856900390238,536968.1319059945,0.158978858962655,227016704.0,
444,2.5297932624816895,0.0016077877510763,0.0747149661183357,1533.4188579581678,341907.88594977796,0.1651800703257322,233308160.0,
456,2.5374889373779297,0.0016073599937158,0.0745201110839843,479.86998106352985,1092562.612143454,0.1596601214259863,239599616.0,
468,2.5898494720458984,0.0016069320601933,0.070160411298275,480.57263088412583,1090965.165942658,0.1633400097489357,245891072.0,
480,2.5226800441741943,0.0016065039506329,0.0709728747606277,480.12231988832355,1091988.391878864,0.1441198401153087,252182528.0,
492,2.549023151397705,0.0016060756651587,0.0694804787635803,480.20981089212,1091789.4389246083,0.1579897943884134,258473984.0,
504,2.5824949741363525,0.001605647203895,0.0780968219041824,478.8979210425168,1094780.2798113492,0.2309300471097231,264765440.0,
516,2.545485496520996,0.0016052185669661,0.0753219649195671,483.123071026057,1085205.8852965082,0.1866400707513094,271056896.0,
528,2.497011661529541,0.0016047897544962,0.0685355961322784,1698.422027984634,308691.23890375224,0.165760051459074,277348352.0,
540,2.5205228328704834,0.0016043607666098,0.0647604241967201,478.93064096570015,1094705.4858357836,0.1757298596203327,283639808.0,
552,2.4292383193969727,0.0016039316034312,0.0673819035291671,483.7388100568205,1083824.5538711615,0.2139690332114696,289931264.0,
564,2.567368507385254,0.001603502265085,0.0797219946980476,478.998300852254,1094550.8555399145,0.1750600058585405,296222720.0,
576,2.3851189613342285,0.0016030727516957,0.0653296187520027,480.0908099859953,1092060.0625854388,0.1516500487923622,302514176.0,
588,2.53787899017334,0.0016026430633878,0.0650471225380897,478.3227308653295,1096096.7693329465,0.134230125695467,308805632.0,
600,2.509568214416504,0.001602213200286,0.0784327611327171,480.3048900794238,1091573.312762448,0.1599499955773353,315097088.0,
612,2.4858670234680176,0.001601783162515,0.073340430855751,478.91997219994664,1094729.8722825292,0.1683200243860483,321388544.0,
624,2.5926930904388428,0.0016013529501995,0.0650597736239433,479.0807100944221,1094362.5759773713,0.1589800231158733,327680000.0,
636,2.5307936668395996,0.0016009225634642,0.0669306144118309,478.0437210574746,1096736.5052724236,0.1696997787803411,333971456.0,
648,2.4901459217071533,0.0016004920024341,0.0678887814283371,477.85406094044447,1097171.7996247031,0.1690199133008718,340262912.0,
660,2.507533550262451,0.0016000612672339,0.0776332095265388,479.06341101042926,1094402.0936480707,0.1732299569994211,346554368.0,
672,2.526724338531494,0.0015996303579887,0.0743955969810485,479.38357084058225,1093671.189191318,0.1634289510548114,352845824.0,
684,2.557033061981201,0.0015991992748234,0.0884315967559814,478.4015810582787,1095916.1105617906,0.1543599646538496,359137280.0,
696,2.486135959625244,0.001598768017863,0.0758479982614517,480.0258208997547,1092207.9129353515,0.1581199467182159,365428736.0,
708,2.557767391204834,0.0015983365872327,0.0811704397201538,478.74800115823746,1095123.1101364128,0.1618999522179365,371720192.0,
720,2.515252113342285,0.0015979049830575,0.0793218538165092,479.4454909861088,1093529.942103868,0.173990149050951,378011648.0,
732,2.504859447479248,0.0015974732054626,0.0749813020229339,480.4689011070878,1091200.697468546,0.1922599039971828,384303104.0,
744,2.53303599357605,0.0015970412545733,0.070342905819416,478.6334219388664,1095385.2697460914,0.1674289815127849,390594560.0,
756,2.5672829151153564,0.0015966091305149,0.0784686207771301,479.66902097687125,1093020.3475143337,0.1597402151674032,396886016.0,
768,2.4767332077026367,0.0015961768334127,0.0757730156183242,480.17927119508386,1091858.8774045515,0.1480900682508945,403177472.0,
780,2.5155396461486816,0.0015957443633921,0.0687161013484001,477.67404094338417,1097585.2884208558,0.151210930198431,409468928.0,
792,2.5851972103118896,0.0015953117205785,0.0785172209143638,478.8243807852268,1094948.4216743875,0.1584601122885942,415760384.0,
804,2.490176200866699,0.0015948789050974,0.0768871828913688,479.810391087085,1092698.302786115,0.1676499377936124,422051840.0,
816,2.532050132751465,0.0015944459170744,0.0715656355023384,478.6503210198134,1095346.596410822,0.1590100582689046,428343296.0,
828,2.489745616912842,0.001594012756635,0.0750221833586692,478.9145309478045,1094742.3102038654,0.1654098741710186,434634752.0,
840,2.5054006576538086,0.0015935794239048,0.0703171715140342,477.9493508394808,1096953.0538730286,0.1421100459992885,440926208.0,
852,2.543696403503418,0.0015931459190096,0.0704590529203414,479.5591509900987,1093270.7652800577,0.1636899542063474,447217664.0,
864,2.4984588623046875,0.0015927122420751,0.0914725586771965,477.58911084383726,1097780.4729962372,0.1644999720156192,453509120.0,
876,2.41256332397461,0.0015922783932271,0.0719117447733879,497.1753999125213,1054533.2695307315,0.2283910289406776,459800576.0,
888,2.451120376586914,0.0015918443725914,0.0722557827830314,479.6776210423559,1093000.7509224722,0.1421400811523199,466092032.0,
900,2.52295184135437,0.0015914101802939,0.0678336545825004,477.5747009553015,1097813.5963887053,0.1520200166851282,472383488.0,
912,2.461750030517578,0.0015909758164605,0.0717405974864959,477.3425809107721,1098347.4363415386,0.1433000434190035,478674944.0,
924,2.471316337585449,0.0015905412812172,0.078253723680973,479.1931409854442,1094105.8107005034,0.183250056579709,484966400.0,
936,2.5250906944274902,0.0015901065746901,0.0782281905412674,481.76311096176505,1088269.292668217,0.1592100597918033,491257856.0,
948,2.4815547466278076,0.0015896716970052,0.0746320635080337,513.729688944295,1020552.2695746904,0.7314498070627451,497549312.0,
960,2.5748507976531982,0.0015892366482887,0.0627748221158981,477.96200099401176,1096924.0209674507,0.2028199378401041,503840768.0,
972,2.392246723175049,0.0015888014286667,0.0804456621408462,479.54706102609634,1093298.3279642472,0.1929299905896186,510132224.0,
984,2.52504563331604,0.0015883660382656,0.0798735320568084,498.80762002430856,1051082.5796415254,0.1662599388509988,516423680.0,
996,2.569882869720459,0.0015879304772115,0.0755800977349281,478.7870501168072,1095033.7939843864,0.1686799805611372,522715136.0,
1008,2.4716796875,0.0015874947456308,0.077164314687252,478.1098610255867,1096584.786758753,0.1604899298399686,529006592.0,
1020,2.517383575439453,0.0015870588436499,0.0787276029586792,478.7466109264642,1095126.290263245,0.1745100598782301,535298048.0,
1032,2.42318058013916,0.0015866227713952,0.0853230059146881,477.5899408850819,1097778.565076928,0.1610999461263418,541589504.0,
1044,2.4694550037384033,0.0015861865289932,0.064632698893547,479.4915309175849,1093424.9432866725,0.1687898766249418,547880960.0,
1056,2.479092597961426,0.0015857501165705,0.0763062387704849,479.51149102300406,1093379.4284709808,0.158729963004589,554172416.0,
1068,2.5812811851501465,0.0015853135342536,0.0781712010502815,478.29173202626407,1096167.8090877184,0.1660999841988086,560463872.0,
1080,2.525017261505127,0.001584876782169,0.0694298297166824,477.93673211708665,1096982.01617104,0.163279939442873,566755328.0,
1092,2.4856982231140137,0.0015844398604437,0.0822871997952461,478.52737084031105,1095628.0287151218,0.1490800641477108,573046784.0,
1104,2.5388312339782715,0.0015840027692041,0.0584930628538131,479.749022051692,1092838.0797064116,0.1853099092841148,579338240.0,
1116,2.5727665424346924,0.0015835655085772,0.0664685815572738,479.408151935786,1093615.112473568,0.1675710082054138,585629696.0,
1128,2.526946783065796,0.0015831280786897,0.0774610638618469,478.5915110260248,1095481.1941315238,0.1557290088385343,591921152.0,
1140,2.479797840118408,0.0015826904796685,0.0741921290755271,480.00071104615927,1092265.0486440256,0.188860110938549,598212608.0,
1152,2.512976884841919,0.0015822527116406,0.0752984434366226,479.9327910877764,1092419.625697364,0.1977900974452495,604504064.0,
1164,2.496187686920166,0.0015818147747329,0.0717869475483894,481.73475195653737,1088333.3574558096,0.1607199665158987,610795520.0,
1176,2.490960121154785,0.0015813766690724,0.0690328106284141,479.62308092974126,1093125.0409877617,0.1972799655050039,617086976.0,
1188,2.5264244079589844,0.0015809383947863,0.0906984135508537,488.5568509344011,1073136.113017882,0.1707400660961866,623378432.0,
1200,2.500412940979004,0.0015804999520015,0.0737653151154518,480.1518011372536,1091921.3439545752,0.5971489008516073,629669888.0,
1212,2.481003999710083,0.0015800613408454,0.0763096585869789,480.04872212186456,1092155.8080242216,0.1512800808995962,635961344.0,
1224,2.461780548095703,0.0015796225614451,0.0692491382360458,483.2790719810873,1084855.5842710224,0.3916500136256218,642252800.0,
1236,2.556085109710694,0.0015791836139278,0.0879489183425903,480.2564908750355,1091683.3191462718,0.1538998913019895,648544256.0,
1248,2.537952423095703,0.0015787444984209,0.0815549492835998,477.6395109947771,1097664.6360517126,0.1789999660104513,654835712.0,
1260,2.499831199645996,0.0015783052150518,0.0638814568519592,479.6047310810536,1093166.8643431186,0.1984499394893646,661127168.0,
1272,2.520235776901245,0.0015778657639479,0.0771839320659637,479.686631122604,1092980.2208016848,0.1630100887268781,667418624.0,
1284,2.49604868888855,0.0015774261452366,0.0742077678442001,479.2689420282841,1093932.7672291754,0.1782109029591083,673710080.0,
1296,2.4931282997131348,0.0015769863590455,0.0756471902132034,479.4283609371632,1093569.0140965949,0.1833301503211259,680001536.0,
1308,2.441673755645752,0.001576546405502,0.0714235827326774,479.5765820890665,1093231.028329548,0.1755398698151111,686292992.0,
1320,2.51361083984375,0.0015761062847338,0.0850511640310287,480.0268621183932,1092205.543844524,0.2133599482476711,692584448.0,
1332,2.540699005126953,0.0015756659968686,0.0745645016431808,480.8775819838047,1090273.3245270257,0.1669689081609249,698875904.0,
1344,2.476902961730957,0.0015752255420341,0.0719237178564071,480.82992108538747,1090381.3947695135,0.157390022650361,705167360.0,
1356,2.5328874588012695,0.001574784920358,0.0804143920540809,478.2880919519812,1096176.1516166644,0.1772399991750717,711458816.0,
1368,2.5358622074127197,0.001574344131968,0.079991765320301,480.4139907937497,1091325.419423695,0.1523699611425399,717750272.0,
1380,2.5069491863250732,0.0015739031769922,0.0812937393784523,478.8256918545813,1094945.423603597,0.1440499909222126,724041728.0,
1392,2.523888111114502,0.0015734620555583,0.0722662433981895,478.5987921059131,1095464.5282179816,0.1576300710439682,730333184.0,
1404,2.5013272762298584,0.0015730207677943,0.0807641819119453,1167.5846299622208,449036.4009133661,0.1697801053524017,736624640.0,
1416,2.491290330886841,0.0015725793138282,0.0777020454406738,480.59707088395953,1090909.686643907,0.1574298366904258,742916096.0,
1428,2.513829231262207,0.0015721376937881,0.08514254540205,477.92262118309736,1097014.405181586,0.1593001652508974,749207552.0,
1440,2.5018062591552734,0.001571695907802,0.0688512921333313,477.242382010445,1098578.038671606,0.1639300025999546,755499008.0,
1452,2.563409328460694,0.001571253955998,0.0740785971283912,480.05005111917853,1092152.7844392185,0.2126700710505247,761790464.0,
1464,2.4203953742980957,0.0015708118385045,0.0687834993004798,479.86929095350206,1092564.1833805155,0.1751200761646032,768081920.0,
1476,2.5446410179138184,0.0015703695554495,0.0838016122579574,478.22981094941497,1096309.7406227083,0.1590000465512275,774373376.0,
1488,2.5469727516174316,0.0015699271069613,0.0803021565079689,481.3534708227962,1089195.4286811606,0.1540398225188255,780664832.0,
1500,2.5119142532348633,0.0015694844931684,0.0790602639317512,478.31973107531667,1096103.6435217536,0.1748797949403524,786956288.0,
1512,2.509332180023194,0.0015690417141991,0.0669330283999443,480.4815810639411,1091171.9005732902,0.1518300268799066,793247744.0,
1524,2.5244083404541016,0.0015685987701817,0.066690407693386,477.2264319472015,1098614.755810519,0.1556300558149814,799539200.0,
1536,2.4950668811798096,0.0015681556612449,0.0747991204261779,477.5418620556593,1097889.089226888,0.1564489211887121,805830656.0,
1548,2.5214297771453857,0.001567712387517,0.0774811878800392,479.04614196158946,1094441.5455537436,0.2085799351334571,812122112.0,
1560,2.541635274887085,0.0015672689491267,0.0731592997908592,478.61369187012315,1095430.4252170683,0.1863699872046709,818413568.0,
1572,2.5515942573547363,0.0015668253462026,0.0668147355318069,479.29235082119703,1093879.339200197,0.1700799912214279,824705024.0,
1584,2.51766586303711,0.0015663815788734,0.0697921589016914,479.68823090195656,1092976.5756691229,0.2201888710260391,830996480.0,
1596,2.3822102546691895,0.0015659376472677,0.066795028746128,502.75289989076555,1042834.3627931604,0.1595600042492151,837287936.0,
1608,2.5193161964416504,0.0015654935515143,0.0669616162776947,477.7067720424384,1097510.0850222476,0.1489399001002311,843579392.0,
1620,2.4664316177368164,0.0015650492917421,0.0755482167005539,479.5294008217752,1093338.5921729126,0.1819198951125145,849870848.0,
1632,2.5049242973327637,0.0015646048680799,0.0808014571666717,477.7350809890777,1097445.0503290268,0.1572400797158479,856162304.0,
1644,2.514925003051758,0.0015641602806565,0.0748118683695793,480.5148208979517,1091096.418254588,0.1690997742116451,862453760.0,
1656,2.515068769454956,0.001563715529601,0.0740478709340095,477.5593711528927,1097848.8365421416,0.1795799471437931,868745216.0,
1668,2.518071174621582,0.0015632706150424,0.0730091631412506,481.1444920487702,1089668.506372212,0.1852097921073436,875036672.0,
1680,2.498135566711426,0.0015628255371096,0.0772722661495208,478.44063211232424,1095826.6602175045,0.1678699627518654,881328128.0,
1692,2.5120809078216553,0.0015623802959318,0.0708425939083099,479.8605618998408,1092584.0580110692,0.1910899300128221,887619584.0,
1704,2.4946656227111816,0.0015619348916382,0.0759379789233207,479.66209100559354,1093036.1390470737,0.1667798496782779,893911040.0,
1716,2.4531402587890625,0.0015614893243578,0.064431682229042,479.1313409805298,1094246.9322233405,0.1675700768828392,900202496.0,
1728,2.584120273590088,0.00156104359422,0.0774101167917251,479.4054219964892,1093621.339985261,0.1975800842046737,906493952.0,
1740,2.6286001205444336,0.001560597701354,0.0802245214581489,479.16272189468145,1094175.2687414547,0.1753601245582103,912785408.0,
1752,2.5149965286254883,0.0015601516458892,0.0724048987030983,479.4476719107479,1093524.9678250588,0.1906200777739286,919076864.0,
1764,2.5548229217529297,0.0015597054279549,0.0721372440457344,477.3018709383905,1098441.1164557836,0.1934098545461893,925368320.0,
1776,2.5603251457214355,0.0015592590476805,0.0801848992705345,479.0165310259909,1094509.1996659143,0.1627199817448854,931659776.0,
1788,2.520249843597412,0.0015588125051956,0.0735758319497108,496.6204499360174,1055711.6608217547,0.1730201765894889,937951232.0,
1800,2.5077102184295654,0.0015583658006296,0.0809576734900474,477.6862321887166,1097557.2764527004,0.1670301426202058,944242688.0,
1812,2.579111337661743,0.0015579189341121,0.0758638903498649,478.0637810472399,1096690.485214132,0.181400217115879,950534144.0,
1824,2.501502752304077,0.0015574719057728,0.0685588344931602,478.6597909405827,1095324.9258095322,0.1859001349657774,956825600.0,
1836,2.489234447479248,0.0015570247157412,0.0757569596171379,478.7893909960985,1095028.440185869,0.2021398395299911,963117056.0,
1848,2.564681053161621,0.0015565773641471,0.0622136890888214,478.14563219435513,1096502.748741808,0.1687889453023672,969408512.0,
1860,2.4522557258605957,0.0015561298511202,0.0730215832591056,478.0382819008082,1096748.984025485,0.1891299616545438,975699968.0,
1872,2.5152320861816406,0.0015556821767904,0.0740915238857269,478.68295200169086,1095271.9285439437,0.1777298748493194,981991424.0,
1884,2.526634693145752,0.0015552343412874,0.0710322260856628,479.43915193900466,1093544.400534692,0.1934801694005727,988282880.0,
1896,2.559568405151367,0.0015547863447412,0.0724857971072197,486.5391009952873,1077586.5679191905,0.1618899405002594,994574336.0,
1908,2.534191131591797,0.0015543381872818,0.0798376649618148,498.5912109259516,1051538.792724256,0.1805499196052551,1000865792.0,
1920,2.580379009246826,0.001553889869039,0.0780611410737037,479.7278610058129,1092886.2853634576,0.1837899908423423,1007157248.0,
1932,2.4715404510498047,0.001553441390143,0.0949509739875793,479.38993107527494,1093656.6790712904,0.1905800309032201,1013448704.0,
1944,2.45202112197876,0.0015529927507237,0.0724282413721084,500.2901200205088,1047967.9270470252,0.1770299859344959,1019740160.0,
1956,2.6461329460144043,0.0015525439509114,0.0932099968194961,479.4258119072765,1093574.828427052,0.1850300468504429,1026031616.0,
1968,2.538015842437744,0.0015520949908362,0.0900355353951454,504.91494010202587,1038368.957539778,0.2276201266795396,1032323072.0,
1980,2.534512996673584,0.0015516458706284,0.0582654997706413,494.65138115920126,1059914.1536233986,0.166559824720025,1038614528.0,
1992,2.5865745544433594,0.0015511965904181,0.0675674974918365,480.2309910301119,1091741.2865741637,0.1474898308515548,1044905984.0,
2004,2.47308349609375,0.0015507471503357,0.0745621249079704,479.8180318903178,1092680.902246391,0.1786488573998212,1051197440.0,
2016,2.5218544006347656,0.0015502975505116,0.0728550851345062,480.2188619505614,1091768.8611197774,0.222379807382822,1057488896.0,
2028,2.4939699172973633,0.0015498477910762,0.0707409307360649,478.73878199607134,1095144.199126743,0.1949898432940244,1063780352.0,
2040,2.495147705078125,0.0015493978721599,0.073979452252388,479.5756018720567,1093233.262812798,0.2107499167323112,1070071808.0,
2052,2.4894425868988037,0.0015489477938932,0.0774807557463646,483.6705408524722,1083977.5337070134,0.1962799578905105,1076363264.0,
2064,2.5416994094848633,0.0015484975564066,0.0747131407260894,478.02312206476927,1096783.7658885508,0.1526800915598869,1082654720.0,
2076,2.5727555751800537,0.0015480471598308,0.0755779594182968,478.581981966272,1095503.0062894202,0.183850061148405,1088946176.0,
2088,2.504904270172119,0.0015475966042964,0.0889562889933586,478.6101921927184,1095438.435186706,0.1888198312371969,1095237632.0,
2100,2.5194036960601807,0.001547145889934,0.0630104169249534,477.3951210081578,1098226.5568462752,0.1818400342017412,1101529088.0,
2112,2.4381351470947266,0.0015466950168745,0.076658010482788,481.1316109262407,1089697.6795822617,0.1516300253570079,1107820544.0,
2124,2.492055892944336,0.0015462439852485,0.0682377964258194,506.1767790466547,1035780.4263314024,0.1849101390689611,1114112000.0,
2136,2.4132208824157715,0.0015457927951868,0.0801191851496696,479.4604820199311,1093495.7512894785,0.1928701531141996,1120403456.0,
2148,2.524603366851806,0.0015453414468205,0.0851087719202041,478.0329221393913,1096761.280904249,0.1543101388961076,1126694912.0,
2160,2.5743229389190674,0.0015448899402803,0.0712665393948555,479.1797811631114,1094136.315032737,0.1573001500219106,1132986368.0,
2172,2.559635877609253,0.0015444382756972,0.0690546333789825,478.5004721488803,1095689.6189579377,0.1722199376672506,1139277824.0,
2184,2.53304672241211,0.0015439864532022,0.0814035460352897,478.4066020511091,1095904.6086575312,0.1572100445628166,1145569280.0,
2196,2.6015028953552246,0.0015435344729264,0.0809887647628784,479.3921809177846,1093651.5464150114,0.176530098542571,1151860736.0,
2208,2.5507025718688965,0.0015430823350009,0.0674396604299545,478.19018200971186,1096400.5948356169,0.1598000526428222,1158152192.0,
2220,2.536545753479004,0.0015426300395568,0.0686100795865058,481.09605093486607,1089778.2240806243,0.1886491663753986,1164443648.0,
2232,2.4595656394958496,0.0015421775867253,0.0704706013202667,477.7407520450651,1097432.0230285567,0.1811489928513765,1170735104.0,
2244,2.5671944618225098,0.0015417249766376,0.0645177289843559,479.5228019356728,1093353.63799933,0.2330900169909,1177026560.0,
2256,2.5354034900665283,0.001541272209425,0.0715112686157226,500.1156600192189,1048333.4994546104,0.1741498708724975,1183318016.0,
2268,2.4948108196258545,0.0015408192852188,0.0716738030314445,480.1782520953566,1091861.1946962643,0.2126900944858789,1189609472.0,
2280,2.5836734771728516,0.0015403662041504,0.0708849653601646,477.15114103630185,1098788.1090702703,0.1682089641690254,1195900928.0,
2292,2.5162057876586914,0.0015399129663513,0.0854679122567176,490.5700609087944,1068732.1583154548,0.1557099167257547,1202192384.0,
2304,2.5572590827941895,0.0015394595719528,0.0697969645261764,519.9130680412054,1008414.7374392364,0.14952989295125,1208483840.0,
2316,2.5635008811950684,0.0015390060210864,0.0740607306361198,480.2599009126425,1091675.5677575632,0.1791799440979957,1214775296.0,
2328,2.5106101036071777,0.0015385523138838,0.0782364532351493,477.7104121167213,1097501.7221770294,0.1617900561541319,1221066752.0,
2340,2.4823572635650635,0.0015380984504765,0.0743358433246612,477.5808409322053,1097799.4824428582,0.1583299599587917,1227358208.0,
2352,2.583534240722656,0.0015376444309962,0.065734714269638,493.46016999334097,1062472.7827720626,0.1570801250636577,1233649664.0,
2364,2.460582733154297,0.0015371902555746,0.074004091322422,476.9132521469146,1099336.1950833178,0.1709097996354103,1239941120.0,
2376,2.524216651916504,0.0015367359243433,0.073319025337696,480.6443410925567,1090802.3983143887,0.1480800565332174,1246232576.0,
2388,2.562721014022827,0.0015362814374341,0.0633407309651374,478.8622420746833,1094861.84947159,0.1628599129617214,1252524032.0,
2400,2.55841064453125,0.0015358267949789,0.0791357606649398,479.734871070832,1092870.315701086,0.1365800853818655,1258815488.0,
2412,2.4789650440216064,0.0015353719971096,0.076194904744625,479.656470939517,1093048.945994749,0.2130100037902593,1265106944.0,
2424,2.490553379058838,0.0015349170439581,0.0744258165359497,481.0203209053725,1089949.794663954,0.1837399322539568,1271398400.0,
2436,2.547072649002075,0.0015344619356562,0.0743640586733818,478.2398820389062,1096286.653812255,0.1509601715952158,1277689856.0,
2448,2.510302782058716,0.0015340066723361,0.0754797384142875,478.5274709574878,1095627.7994886057,0.1590000465512275,1283981312.0,
2460,2.5486340522766113,0.0015335512541297,0.0701450780034065,477.8551808558405,1097169.2282607425,0.186610035598278,1290272768.0,
2472,2.5762252807617188,0.0015330956811692,0.0728609263896942,477.78622107580304,1097327.5847501245,0.1546600833535194,1296564224.0,
2484,2.4975996017456055,0.0015326399535866,0.0755814462900161,480.08420201949775,1092075.093899272,0.1587599981576204,1302855680.0,
2496,2.547421932220459,0.0015321840715143,0.0813574790954589,479.49391207657754,1093419.5133561334,0.2063100691884756,1309147136.0,
2508,2.550795316696167,0.0015317660440125,0.080516941845417,479.4864801224321,1093436.4611618002,0.1801599282771349,1314914304.0,
2520,2.474919557571411,0.0015313098662043,0.0686452090740203,479.56307092681527,1093261.8289117806,0.1585900317877531,1321205760.0,
2532,2.485396146774292,0.001530853534292,0.0728978738188743,485.40697107091546,1080099.856916567,0.1677300315350294,1327497216.0,
2544,2.5482606887817383,0.0015303970484081,0.0750834718346595,479.2789909988642,1093909.8309052368,0.1616401132196188,1333788672.0,
2556,2.524866819381714,0.0015299404086849,0.0757000818848609,480.5391009431332,1091041.2887754664,0.1629400067031383,1340080128.0,
2568,2.5184595584869385,0.0015294836152548,0.073649913072586,478.5464620217681,1095584.3196185853,0.2229600213468074,1346371584.0,
2580,2.54274582862854,0.0015290266682504,0.0758581385016441,479.88309105858207,1092532.7642686146,0.1663500443100929,1352663040.0,
2592,2.4687681198120117,0.0015285695678041,0.0804859399795532,708.0048178322613,740514.7349212149,0.1477501355111599,1358954496.0,
2604,2.518674850463867,0.0015281123140487,0.0697935074567794,477.5220619048923,1097934.612504714,0.2008490264415741,1365245952.0,
2616,2.5140650272369385,0.0015276549071166,0.0744214653968811,480.4726510774344,1091192.1809166702,0.1518100034445524,1371537408.0,
2628,2.5167975425720215,0.0015271973471406,0.0726484358310699,1381.5926681272686,379480.8789124987,0.2135001122951507,1377828864.0,
2640,2.515824794769287,0.0015267396342534,0.0782757475972175,481.4054809976369,1089077.753982975,0.1800102181732654,1384120320.0,
2652,2.531527042388916,0.0015262817685877,0.0807468891143798,502.13565002195537,1044116.2661465604,0.3273498732596636,1390411776.0,
2664,2.5249624252319336,0.0015258237502764,0.0709263086318969,1090.468174777925,480791.65639728255,0.2052700147032737,1396703232.0,
2676,2.5219883918762207,0.0015253655794522,0.0705675557255745,479.9134719651192,1092463.6015179544,0.2002399414777755,1402994688.0,
2688,2.5894298553466797,0.0015249072562481,0.0923527181148529,480.1749710459262,1091868.6554153082,0.1819499302655458,1409286144.0,
2700,2.517220973968506,0.001524448780797,0.0748006775975227,482.7242121100426,1086102.5547243163,0.3193800803273916,1415577600.0,
2712,2.5081963539123535,0.0015239901532319,0.0849935784935951,943.2980029378086,555803.1484930072,0.1594799105077982,1421869056.0,
2724,2.526303291320801,0.0015235313736858,0.0705461651086807,485.0749019533396,1080839.263975015,0.1585299614816904,1428160512.0,
2736,2.5103468894958496,0.0015230724422918,0.0750926434993743,672.5247199647129,779581.7528127579,0.1888112165033817,1434451968.0,
2748,2.5470590591430664,0.0015226133591829,0.0724866092205047,1571.8670459464192,333544.74944433157,0.1664599403738975,1440743424.0,
2760,2.474262237548828,0.0015221541244925,0.0739344879984855,1555.8157379273323,336985.92141667096,0.1680499408394098,1447034880.0,
2772,2.5326366424560547,0.0015216947383535,0.0606961213052272,1556.9308567792175,336744.5623658464,0.1730700023472309,1453326336.0,
2784,2.5644097328186035,0.0015212352008993,0.0743155106902122,1530.967678874731,342455.30276991497,0.1547602005302906,1459617792.0,
2796,2.5395069122314453,0.0015207755122632,0.0820269361138343,478.81072107702494,1094979.6588110633,0.1794800627976656,1465909248.0,
2808,2.5268197059631348,0.0015203156725785,0.0775871276855468,479.415331967175,1093598.7337924717,0.1621798146516084,1472200704.0,
2820,2.529277801513672,0.0015198556819786,0.0599099211394786,1150.5719721317291,455675.97047286166,0.2014101482927799,1478492160.0,
2832,2.5625674724578857,0.0015193955405969,0.0751681476831436,478.03614218719304,1096753.8931286398,0.1570500899106264,1484783616.0,
2844,2.5207810401916504,0.0015189352485668,0.0741673931479454,479.4878109823912,1093433.4262341738,0.1613800413906574,1491075072.0,
2856,2.4869935512542725,0.0015184748060219,0.058643665164709,479.69743120484054,1092955.6130479225,0.168271129950881,1497366528.0,
2868,2.470999002456665,0.0015180142130957,0.0670259743928909,480.51724093966186,1091090.923136792,0.1644599251449108,1503657984.0,
2880,2.5176074504852295,0.0015175534699218,0.0698499977588653,481.05224198661745,1089877.4690973903,0.187859870493412,1509949440.0,
2892,2.56960391998291,0.0015170925766338,0.0755856186151504,480.1932810805738,1091827.0218612812,0.1779699232429266,1516240896.0,
2904,2.5208146572113037,0.0015166315333655,0.0822819173336029,481.7696809768677,1088254.4516643707,0.1554898917675018,1522532352.0,
2916,2.492936134338379,0.0015161703402505,0.0733819156885147,1188.0256088916212,441310.3522988356,0.1522197853773832,1528823808.0,
2928,2.5144171714782715,0.0015157089974226,0.0777481719851493,477.3951210081578,1098226.5568462752,0.1941199880093336,1535115264.0,
2940,2.614802360534668,0.0015152475050157,0.0770115405321121,478.81360189057887,1094973.0707938685,0.1779000740498304,1541406720.0,
2952,2.483517646789551,0.0015147858631635,0.0718559771776199,477.6841409038752,1097562.0815209416,0.1772309187799692,1547698176.0,
2964,2.523270606994629,0.001514324072,0.0764619186520576,478.356831939891,1096018.6308489488,0.2004099078476429,1553989632.0,
2976,2.5222649574279785,0.0015138621316591,0.0697309523820877,478.9324610028416,1094701.3257405604,0.1919299829751253,1560281088.0,
2988,2.342841148376465,0.0015134000422748,0.0697753280401229,479.9100819509477,1092471.3185200146,0.1603199634701013,1566572544.0,
3000,2.5458784103393555,0.0015129378039811,0.0743438974022865,479.5280320104211,1093341.7131047016,0.2096300013363361,1572864000.0,
3012,2.54323673248291,0.0015124754169121,0.0734397694468498,484.0135909616947,1083209.2523647598,0.1864400692284107,1579155456.0,
3024,2.513659954071045,0.0015120128812019,0.0683803558349609,479.2222920805216,1094039.2562370747,0.147310085594654,1585446912.0,
3036,2.5086188316345215,0.0015115501969847,0.0798090621829032,496.0975111462176,1056824.4915977288,0.1621400006115436,1591738368.0,
3048,2.516951084136963,0.0015110873643946,0.0734859183430671,480.2287821657955,1091746.3081565013,0.1535799819976091,1598029824.0,
3060,2.4523115158081055,0.0015106243835659,0.0818415880203247,477.46991110034287,1098054.532466273,0.2160300500690937,1604321280.0,
3072,2.5433602333068848,0.001510161254633,0.0744499117136001,478.2278819475323,1096314.162747878,0.1570198219269514,1610612736.0,
3084,2.5171456336975098,0.00150969797773,0.0759571343660354,504.56170993857086,1039095.8918857136,0.158729963004589,1616904192.0,
3096,2.5108652114868164,0.0015092345529915,0.0775053426623344,480.5946508422494,1090915.1799363089,0.1785599160939455,1623195648.0,
3108,2.545016050338745,0.0015087709805517,0.0688389688730239,480.56468088179827,1090983.2138266442,0.201849965378642,1629487104.0,
3120,2.5485775470733643,0.0015083072605452,0.0806256607174873,479.3118911329657,1093834.7445558314,0.1608000602573156,1635778560.0,
3132,2.579639434814453,0.0015078433931065,0.0689742788672447,490.06643099710345,1069830.4695819877,0.1670799683779478,1642070016.0,
3144,2.461195945739746,0.0015073793783701,0.076460562646389,489.3186711706221,1071465.3474099382,0.1729300711303949,1648361472.0,
3156,2.4866678714752197,0.0015069152164705,0.0797464400529861,479.43055210635066,1093564.0160948664,0.1800800673663616,1654652928.0,
3168,2.5234131813049316,0.0015064509075425,0.0687523856759071,479.813921963796,1092690.261787693,0.2033198252320289,1660944384.0,
3180,2.5163094997406006,0.0015059864517207,0.0686096996068954,477.5722918566317,1097819.134275471,0.1679100096225738,1667235840.0,
3192,2.513267993927002,0.0015055218491397,0.0726217254996299,480.0600230228156,1092130.0980212686,0.1643500290811061,1673527296.0,
3204,2.45306134223938,0.0015050570999345,0.0686728358268737,482.042201096192,1087639.212516536,0.1528090797364711,1679818752.0,
3216,2.531522750854492,0.0015045922042397,0.0816937014460563,479.2141621001065,1094057.8168691052,0.2100900746881961,1686110208.0,
3228,2.4560179710388184,0.0015041271621901,0.0770472958683967,479.26109097898006,1093950.6875658194,0.1698301639407873,1692401664.0,
3240,2.54439926147461,0.0015036619739208,0.0750470831990242,479.8790221102536,1092542.0279770915,0.1890100538730621,1698693120.0,
3252,2.5479297637939453,0.0015031966395666,0.0691975802183151,479.3380410410464,1093775.071265634,0.1905709505081176,1704984576.0,
3264,2.502056121826172,0.0015027311592624,0.0658207908272743,480.05192214623094,1092148.5277175792,0.1678999979048967,1711276032.0,
3276,2.532954692840576,0.0015022655331433,0.0689901411533355,478.7537408992648,1095109.98079139,0.1668899785727262,1717567488.0,
3288,2.5016419887542725,0.0015017997613444,0.0739635378122329,481.64900206029415,1088527.117791823,0.1681600697338581,1723858944.0,
3300,2.51223087310791,0.0015013338440007,0.0841852277517318,496.2709909304977,1056455.0610080413,0.1496500335633754,1730150400.0,
3312,2.5159120559692383,0.0015008677812473,0.0807459875941276,477.6988117955625,1097528.3736405356,0.1997698564082384,1736441856.0,
3324,2.5505363941192627,0.0015004015732196,0.0683107376098632,482.376212021336,1086886.1003801122,0.1622089184820652,1742733312.0,
3336,2.5106961727142334,0.0014999352200525,0.081485666334629,481.52452101930976,1088808.5177680398,0.1616901718080043,1749024768.0,
3348,2.5049445629119873,0.0014994687218816,0.0697828456759452,477.796572027728,1097303.8123211442,0.1665600575506687,1755316224.0,
3360,2.5289554595947266,0.0014990020788419,0.0815054401755333,480.39863095618784,1091360.312489764,0.1758998259902,1761607680.0,
3372,2.508678674697876,0.001498535291069,0.0662813782691955,482.38905100151896,1086857.1724658592,0.1648699399083852,1767899136.0,
3384,2.4402575492858887,0.0014980683586981,0.069911703467369,479.1264708619565,1094258.0547820644,0.1795601565390825,1774190592.0,
3396,2.4913225173950195,0.0014976012818647,0.0701872259378433,478.2481510192156,1096267.698856058,0.1789301168173551,1780482048.0,
3408,2.5022687911987305,0.0014971340607043,0.0705983191728591,480.4782720748335,1091179.4153271164,0.1591499894857406,1786773504.0,
3420,2.5070066452026367,0.0014966666953524,0.0681146308779716,480.09721213020384,1092045.4998555824,0.1560398377478122,1793064960.0,
3432,2.5241212844848633,0.0014961991859446,0.0775383189320564,477.9371921904385,1096980.9601908792,0.1663500443100929,1799356416.0,
3444,2.5099942684173584,0.0014957315326164,0.0720616653561592,476.7908309586346,1099618.4615083048,0.1559199299663305,1805647872.0,
3456,2.481590509414673,0.0014952637355035,0.0804280340671539,478.656642138958,1095332.1313105165,0.1530200242996215,1811939328.0,
3468,2.498591423034668,0.0014947957947416,0.0651076734066009,478.40115102007985,1095917.0956885808,0.1748090144246816,1818230784.0,
3480,2.4718353748321533,0.0014943277104664,0.0683910548686981,477.4999818764627,1097985.3819882283,0.1260510180145502,1824522240.0,
3492,2.5282645225524902,0.0014938594828137,0.0688553228974342,488.1948900874704,1073931.765049943,0.2026399597525596,1830813696.0,
3504,2.518894910812378,0.0014933911119192,0.0719738230109214,477.7267319150269,1097464.2300177058,0.1695898827165365,1837105152.0,
3516,2.5055036544799805,0.0014929225979189,0.0630441233515739,478.4406218677759,1095826.683681752,0.1607099547982216,1843396608.0,
3528,2.5175650119781494,0.0014924539409485,0.0856182277202606,481.05590092018247,1089869.1794386504,0.1649099867790937,1849688064.0,
3540,2.4849417209625244,0.0014919851411441,0.0721358284354209,480.7063820771873,1090661.617044674,0.1822400372475385,1855979520.0,
3552,2.5175557136535645,0.0014915161986417,0.0871084481477737,477.8296910226345,1097227.75677237,0.1609299797564745,1862270976.0,
3564,2.515746831893921,0.0014910471135771,0.0836692228913307,479.33675185777247,1093778.0129898435,0.1917500048875808,1868562432.0,
3576,2.529477596282959,0.0014905778860866,0.0777236744761467,500.2640699967742,1048022.497404982,0.1654599327594041,1874853888.0,
3588,2.4976611137390137,0.0014901085163061,0.0776278898119926,478.4611719660461,1095779.6174883884,0.1611800398677587,1881145344.0,
3600,2.517162799835205,0.0014896390043719,0.0771509557962417,479.44857203401625,1093522.9148264152,0.178550137206912,1887436800.0,
3612,2.4724109172821045,0.0014891693504201,0.0649993047118187,479.52632210217416,1093345.6117728786,0.2055298537015915,1893728256.0,
3624,2.4847166538238525,0.0014886995545869,0.0624409988522529,479.17037201114,1094157.7998645774,0.1733601093292236,1900019712.0,
3636,2.517319440841675,0.0014882296170086,0.0774456411600112,479.08458206802607,1094353.731311594,0.1730897929519415,1906311168.0,
3648,2.5114874839782715,0.0014877595378215,0.0653978660702705,478.2360221724957,1096295.501995652,0.1480309292674064,1912602624.0,
3660,2.5863494873046875,0.0014872893171619,0.0651167780160904,477.3199218325317,1098399.576508661,0.1622801646590232,1918894080.0,
3672,2.452240467071533,0.0014868189551662,0.0743008181452751,490.7970800995827,1068237.8140750593,0.1678699627518654,1925185536.0,
3684,2.5310895442962646,0.0014863484519709,0.0735166147351265,479.41237199120224,1093605.4858626411,0.1654699444770813,1931476992.0,
3696,2.5710034370422363,0.0014858778077124,0.0722544863820076,1127.6060529053211,464956.70952559315,0.182050047442317,1937768448.0,
3708,2.536191463470459,0.0014854070225272,0.0656998232007026,478.46431098878384,1095772.428494234,0.202669994905591,1944059904.0,
3720,2.517073154449463,0.0014849360965519,0.0835388079285621,478.62674202769995,1095400.5573922936,0.1546801067888736,1950351360.0,
3732,2.623380661010742,0.0014844650299231,0.0716984421014785,476.70223214663565,1099822.834139209,0.1629800535738468,1956642816.0,
3744,2.5052599906921387,0.0014839938227773,0.0799777135252952,480.73300207033753,1090601.223011708,0.1631800550967455,1962934272.0,
3756,2.543809413909912,0.0014835224752514,0.0879845842719078,479.0737209841609,1094378.5414131158,0.1768800429999828,1969225728.0,
3768,2.5326719284057617,0.0014830509874819,0.0826242044568061,479.3435020837933,1093762.6101549824,0.1757200807332992,1975517184.0,
3780,2.5504555702209473,0.0014825793596056,0.0687036961317062,508.6286189034581,1030787.4557477745,0.1747400965541601,1981808640.0,
3792,2.460015296936035,0.0014821075917593,0.071575328707695,478.60066196881235,1095460.248306478,0.2157900016754865,1988100096.0,
3804,2.536703109741211,0.0014816356840799,0.0753561705350875,479.5013908296823,1093402.459360594,0.1580098178237676,1994391552.0,
3816,2.5035934448242188,0.0014811636367043,0.0760523080825805,478.590423008427,1095483.6845758783,0.157529953867197,2000683008.0,
3828,2.464334487915039,0.0014806914497693,0.0723749473690986,479.2008209042251,1094088.275998146,0.1727000344544649,2006974464.0,
3840,2.549565315246582,0.0014802191234119,0.0745783746242523,479.1211418341845,1094270.2256738378,0.1825201325118541,2013265920.0,
3852,2.493344306945801,0.001479746657769,0.0685810521245002,477.3309619631618,1098374.1717564554,0.1611898187547922,2019557376.0,
3864,2.4864730834960938,0.0014792740529779,0.0690395459532737,493.0914710275829,1063267.224856688,0.3213088493794203,2025848832.0,
3876,2.565704822540283,0.0014788013091754,0.0658975839614868,479.0455221664161,1094442.9615560984,0.1791000831872224,2032140288.0,
3888,2.46053147315979,0.0014783284264988,0.0776034072041511,478.61319105140865,1095431.5714705936,0.2079999540001154,2038431744.0,
3900,2.5470471382141113,0.0014778554050851,0.0661783590912818,480.4843519814313,1091165.6078661676,0.1707300543785095,2044723200.0,
3912,2.520286321640014,0.0014773822450717,0.0712546780705452,479.6875710599125,1092978.079130837,0.1613099593669176,2051014656.0,
3924,2.4944028854370117,0.0014769089465956,0.0729375928640365,477.7357131242752,1097443.5982005284,0.1629199832677841,2057306112.0,
3936,2.471305131912231,0.0014764355097943,0.0773437395691871,478.21021103300154,1096354.6739570114,0.1781699247658252,2063597568.0,
3948,2.482138395309448,0.001475961934805,0.0721670985221862,477.7370719239116,1097440.476805833,0.1814200077205896,2069889024.0,
3960,2.46247935295105,0.0014754882217651,0.0666093975305557,500.3362810239196,1047871.2415718966,0.1674999948590994,2076180480.0,
3972,2.4962925910949707,0.0014750143708119,0.057551272213459,478.6782308947295,1095282.730990332,0.1840500626713037,2082471936.0,
3984,2.4893641471862793,0.0014745403820829,0.0711878985166549,479.38024206086993,1093678.783560353,0.1788600347936153,2088763392.0,
3996,2.486768960952759,0.0014740662557157,0.0769101902842521,477.8564309235662,1097166.358076827,0.2048900350928306,2095054848.0,
4008,2.5034847259521484,0.0014735919918477,0.0788380950689315,479.2001810856163,1094089.7368031838,0.1943798270076513,2101346304.0,
4020,2.508517265319824,0.0014731175906164,0.0698048919439315,479.9397711176425,1092403.7380338018,0.1693298108875751,2107637760.0,
4032,2.5300238132476807,0.0014726430521595,0.0800241604447364,480.8090410660952,1090428.7465924085,0.1750700175762176,2113929216.0,
4044,2.5353565216064453,0.0014721683766146,0.0700736865401268,480.10161193087697,1092035.4920105638,0.14952989295125,2120220672.0,
4056,2.4451904296875,0.0014716935641194,0.0737814530730247,478.24132116511464,1096283.354860898,0.3118510358035564,2126512128.0,
4068,2.5090715885162354,0.0014712186148115,0.0705385506153106,480.8555021882057,1090323.3874087916,0.1549599692225456,2132803584.0,
4080,2.5280961990356445,0.0014707435288289,0.073973424732685,500.182970892638,1048192.4225935634,0.1546901185065508,2139095040.0,
4092,2.497405529022217,0.0014702683063092,0.0680955275893211,485.6562921777368,1079545.366639922,3.129999851807952,2145386496.0,
4104,2.5223703384399414,0.0014697929473902,0.0845466181635856,478.6608209833503,1095322.5687511133,0.1662089489400386,2151677952.0,
4116,2.517395496368408,0.00146931745221,0.0661802813410759,497.62690206989646,1053576.4803293508,0.1650501508265733,2157969408.0,
4128,2.510950088500977,0.0014688418209063,0.0769877061247825,478.562971111387,1095546.525010959,0.1564701087772846,2164260864.0,
4140,2.5229201316833496,0.0014683660536172,0.0705702006816864,479.2794920504093,1093908.6873027666,0.1881399657577276,2170552320.0,
4152,2.518315315246582,0.0014678901504806,0.0722614973783493,477.697720983997,1097530.8798208896,0.1531101297587156,2176843776.0,
4164,2.516742706298828,0.0014674141116345,0.0768382027745246,479.2073720600456,1094073.3189186116,0.1450600102543831,2183135232.0,
4176,2.504838705062866,0.0014669379372171,0.0804412886500358,477.0647711120546,1098987.0385479657,0.1548901200294494,2189426688.0,
4188,2.4884016513824463,0.0014664616273664,0.0695481747388839,477.4558318313211,1098086.9120166576,0.175019958987832,2195718144.0,
4200,2.53495192527771,0.0014659851822207,0.0651555806398391,479.2983918450773,1093865.5520660805,0.1739000435918569,2202009600.0,
4212,2.670680046081543,0.001465508601918,0.0772380232810974,502.1773998159915,1044029.4608879456,0.197569839656353,2208301056.0,
4224,2.5544068813323975,0.0014650318865966,0.0697672888636589,478.1443909741938,1096505.5951650736,0.2201101742684841,2214592512.0,
4236,2.5703682899475098,0.0014645550363949,0.0698684230446815,477.2385510150343,1098586.857421507,0.1677600666880607,2220883968.0,
4248,2.5128438472747803,0.001464078051451,0.0702807158231735,478.8850920740515,1094809.6081448442,0.1862901262938976,2227175424.0,
4260,2.508909225463867,0.0014636009319034,0.0805654078722,478.5413418430835,1095596.0418816167,0.1900501083582639,2233466880.0,
4272,2.5238606929779053,0.0014631236778904,0.0747583582997322,480.89156206697226,1090241.628999479,0.1612000633031129,2239758336.0,
4284,2.5283358097076416,0.0014626462895504,0.0699403211474418,478.6961420904845,1095241.749203188,0.1590598840266466,2246049792.0,
4296,2.440227508544922,0.001462168767022,0.0719396099448204,480.0858220551163,1092071.4087236866,0.1702301669865846,2252341248.0,
4308,2.5649285316467285,0.0014616911104436,0.0674330368638038,479.3080911040306,1093843.4166474498,0.3910709638148546,2258632704.0,
4320,2.5130863189697266,0.0014612133199538,0.0712521076202392,481.4965119585395,1088871.8546836434,0.1672699581831693,2264924160.0,
4332,2.578744649887085,0.0014607353956911,0.0820259898900985,480.6278119795024,1090839.91174102,0.180860050022602,2271215616.0,
4344,2.488316774368286,0.0014602573377942,0.0730987936258316,479.63617206551135,1093095.2053557583,0.1964499242603778,2277507072.0,
4356,2.4174232482910156,0.0014597791464017,0.0779448598623275,477.20742085948586,1098658.522651887,0.1747400965541601,2283798528.0,
4368,2.5397768020629883,0.0014593008216524,0.0703204125165939,478.3557020127774,1096021.2197616822,0.1877900213003158,2290089984.0,
4380,2.5141971111297607,0.0014588223636849,0.0670198127627372,479.19722204096615,1094096.4928114277,0.1595800276845693,2296381440.0,
4392,2.571500301361084,0.001458343772638,0.0810705497860908,477.5290018878877,1097918.6560968084,0.1691698562353849,2302672896.0,
4404,2.5178797245025635,0.0014578650486506,0.0633179545402526,481.1801631003618,1089587.7266051115,0.2001000102609396,2308964352.0,
4416,2.599109172821045,0.0014573861918615,0.0766080319881439,478.9682920090854,1094619.4325324043,0.1621199771761894,2315255808.0,
4428,2.5212597846984863,0.0014569072024095,0.0705491229891777,479.8391121439636,1092632.8986760476,0.1646298915147781,2321547264.0,
4440,2.5504186153411865,0.0014564280804337,0.0732651650905609,478.223622078076,1096323.9283784342,0.2066697925329208,2327838720.0,
4452,2.5542492866516113,0.001455948826073,0.0702544599771499,477.79024206101894,1097318.349865008,0.1493899617344141,2334130176.0,
4464,2.525830030441284,0.0014554694394663,0.0710052251815795,477.5270209647715,1097923.2105876545,0.161350006237626,2340421632.0,
4476,2.5352654457092285,0.0014549899207528,0.0764174088835716,478.5335818305611,1095613.8083233614,0.1859699841588735,2346713088.0,
4488,2.493328094482422,0.0014545102700715,0.0715750902891159,482.58905089460313,1086406.7450931536,0.1576310023665428,2353004544.0,
4500,2.546558618545532,0.0014540304875616,0.0595060847699642,480.6203811895102,1090856.7770314163,0.160028925165534,2359296000.0,
4512,2.524982452392578,0.0014535505733621,0.0783988833427429,504.85087907873094,1038500.7171954194,0.1867699902504682,2365587456.0,
4524,2.5075583457946777,0.0014530705276123,0.0772321820259094,477.8229808434844,1097243.1653967176,0.1841501798480749,2371878912.0,
4536,2.4683775901794434,0.0014525903504515,0.0688349083065986,478.4391410648823,1095830.0753426445,0.1527301501482725,2378170368.0,
4548,2.538935899734497,0.0014521100420189,0.0681385993957519,479.33517186902463,1093781.6183104094,0.1523499377071857,2384461824.0,
4560,2.519958972930908,0.0014516296024537,0.0738343596458435,480.50253209657967,1091124.3229299353,0.1888500992208719,2390753280.0,
4572,2.500126838684082,0.0014511490318955,0.0745523497462272,494.3679708521813,1060521.779144072,0.1613299828022718,2397044736.0,
4584,2.5555355548858643,0.0014506683304834,0.0753755345940589,489.8197010625154,1070369.3601190725,0.1695600803941488,2403336192.0,
4596,2.3650498390197754,0.0014501874983571,0.0877589806914329,478.9394019171595,1094685.4610443686,0.1896200701594352,2409627648.0,
4608,2.4777750968933105,0.0014497065356559,0.0703703612089157,479.24762195907533,1093981.4325145902,0.1680999994277954,2415919104.0,
4620,2.514493942260742,0.0014492254425193,0.0729333758354187,509.6539200749248,1028713.7591778432,0.208849785849452,2422210560.0,
4632,2.481113910675049,0.0014487442190869,0.0813206359744072,478.40433195233345,1095909.8088857569,0.175700057297945,2428502016.0,
4644,2.5029001235961914,0.0014482628654983,0.0735430344939231,477.6348420418799,1097675.3658897218,0.1770800445228815,2434793472.0,
4656,2.4980006217956543,0.001447781381893,0.0814013704657554,479.5747110620141,1093235.293493622,0.1967798452824354,2441084928.0,
4668,2.5175280570983887,0.0014472997684108,0.0725035369396209,491.473431000486,1066767.737439466,0.1773999538272619,2447376384.0,
4680,2.5525765419006348,0.0014468180251913,0.0722328349947929,480.4675818886608,1091203.6935750928,0.1822200138121843,2453667840.0,
4692,2.516348361968994,0.0014463361523742,0.0699354633688926,478.5911119543016,1095482.10759514,0.198290916159749,2459959296.0,
4704,2.514695167541504,0.0014458541500993,0.0780905783176422,495.9979509003461,1057036.6249463356,0.2001700922846794,2466250752.0,
4716,2.4886341094970703,0.0014453720185064,0.0838178545236587,479.4431810732931,1093535.21062979,0.1822500489652156,2472542208.0,
4728,2.388856887817383,0.0014448897577353,0.0810992419719696,479.5937619637698,1093191.8669109098,0.182789983227849,2478833664.0,
4740,2.609218120574951,0.001444407367926,0.0780852362513542,477.4829519446939,1098024.5427919014,0.1711000222712755,2485125120.0,
4752,2.5227713584899902,0.0014439248492183,0.0784969478845596,477.7336718980223,1097448.287279016,0.1777899451553821,2491416576.0,
4764,2.4255223274230957,0.0014434422017522,0.0686294957995414,478.8945820182562,1094787.9130109125,0.177319860085845,2497708032.0,
4776,2.49133825302124,0.0014429594256677,0.0779908001422882,479.39590085297823,1093643.0600827965,0.1788400113582611,2503999488.0,
4788,2.528507709503174,0.0014424765211048,0.0804596915841102,485.180881107226,1080603.1738174185,0.1819799654185772,2510290944.0,
4800,2.5365006923675537,0.0014419934882036,0.0718592256307601,479.6417420729995,1093082.511405368,0.2071899361908435,2516582400.0,
4812,2.546036720275879,0.0014415103271041,0.0675330162048339,479.95275096036494,1092374.195065915,0.1592999324202537,2522873856.0,
4824,2.4034626483917236,0.0014410270379466,0.0712741538882255,480.10866111144423,1092019.4582332284,0.1945400144904852,2529165312.0,
4836,2.536327600479126,0.0014405436208711,0.0801746696233749,481.2686319928616,1089387.4338516549,0.2241500187665224,2535456768.0,
4848,2.5133378505706787,0.001440060076018,0.0685920864343643,478.51498099043965,1095656.3970365536,0.1749200746417045,2541748224.0,
4860,2.4725265502929688,0.0014395764035274,0.0749887973070144,493.2886811438948,1062842.1450583874,0.173080014064908,2548039680.0,
4872,2.455476760864258,0.0014390926035396,0.0682339817285537,481.49241087958217,1088881.129075824,0.2095999661833048,2554331136.0,
4884,2.576655149459839,0.001438608676195,0.0715321376919746,477.6714520994574,1097591.237022129,0.1498500350862741,2560622592.0,
4896,2.527371883392334,0.0014381246216339,0.0742385014891624,477.8337611351162,1097218.410759695,0.1570801250636577,2566914048.0,
4908,2.488816261291504,0.0014376404399968,0.07073974609375,480.07165105082095,1092103.6450546384,0.1751200761646032,2573205504.0,
4920,2.559832811355591,0.0014371561314239,0.0661855116486549,479.06643082387745,1094395.195042893,0.1864898949861526,2579496960.0,
4932,2.4547624588012695,0.001436671696056,0.0648125186562538,479.4158209115267,1093597.6184581406,0.1821799669414758,2585788416.0,
4944,2.461813449859619,0.0014361871340333,0.0722283273935318,480.1118520554155,1092012.2003975974,0.2094998490065336,2592079872.0,
4956,2.528932809829712,0.0014357024454966,0.068264253437519,481.173801003024,1089602.1331733002,1.146920025348663,2598371328.0,
4968,2.517749547958374,0.0014352176305863,0.0726540610194206,480.33577110618353,1091503.134968685,0.1753000542521476,2604662784.0,
4980,2.5079939365386963,0.001434732689443,0.0760781690478324,477.1458108443767,1098800.383623192,0.1717701088637113,2610954240.0,
4992,2.489267349243164,0.0014342476222075,0.0733664706349372,478.1417010817677,1096511.7638010427,0.176579924300313,2617245696.0,
5004,2.4994730949401855,0.0014338433032923,0.0856849700212478,479.3015110772103,1093858.433330795,0.250949990004301,2622488576.0,
5016,2.5022168159484863,0.0014333580052531,0.0689407512545585,478.1971808988601,1096384.5479274965,0.1675200182944536,2628780032.0,
5028,2.5308282375335693,0.0014328725815204,0.0739379301667213,477.7105611283332,1097501.3798347951,0.1722299493849277,2635071488.0,
5040,2.4666566848754883,0.0014323870322349,0.0810399204492569,478.67976198904216,1095279.227643641,0.1634999644011259,2641362944.0,
5052,2.5117688179016113,0.0014319013575374,0.0664555802941322,490.1395009364933,1069670.9793808912,0.1827089581638574,2647654400.0,
5064,2.425748825073242,0.001431415557569,0.0633943900465965,1128.5304031334815,464575.87544319587,0.1655910164117813,2653945856.0,
5076,2.4798707962036133,0.0014309296324704,0.0840702801942825,478.4331819973886,1095843.724323581,0.1587490551173687,2660237312.0,
5088,2.531144618988037,0.0014304435823826,0.0751630812883377,481.9220809731633,1087910.3089472174,0.1838000025600195,2666528768.0,
5100,2.3864917755126953,0.0014299574074465,0.0894549340009689,478.3725109882653,1095982.7079463203,0.1795701682567596,2672820224.0,
5112,2.5517497062683105,0.0014294711078033,0.0645977705717086,481.4782708417624,1088913.1073005514,0.1949397847056388,2679111680.0,
5124,2.5319361686706543,0.0014289846835938,0.084005020558834,480.0440610852093,1092166.4124221655,0.1956599298864603,2685403136.0,
5136,2.5578951835632324,0.0014284981349593,0.0751980990171432,480.7648209389299,1090529.0428198753,0.1724900212138891,2691694592.0,
5148,2.4816362857818604,0.0014280114620408,0.0754406601190567,480.53814098238945,1091043.4683252622,0.1374499406665563,2697986048.0,
5160,2.5340099334716797,0.0014275246649796,0.0826340839266777,480.8476201724261,1090341.2599026626,0.1676799729466438,2704277504.0,
5172,2.5214898586273193,0.0014270377439167,0.0732379481196403,481.95669101551175,1087832.1844547768,0.1817101147025823,2710568960.0,
5184,2.497436046600342,0.0014265506989934,0.0753149315714836,479.7064720187336,1092935.0146010234,0.1553799957036972,2716860416.0,
5196,2.4841742515563965,0.0014260635303511,0.0817877054214477,483.6335410363972,1084060.4621352,0.1710199285298586,2723151872.0,
5208,2.4579432010650635,0.0014255762381309,0.083644613623619,480.6841220706701,1090712.1245059958,0.1768199726939201,2729443328.0,
5220,2.5266709327697754,0.0014250888224742,0.0697096958756446,477.0566821098328,1099005.6730392743,0.1689600758254528,2735734784.0,
5232,2.4825072288513184,0.0014246012835224,0.0766173154115676,478.43903093598783,1095830.32758493,0.1698399428278207,2742026240.0,
5244,2.608231544494629,0.001424113621417,0.0816592127084732,479.6950409654528,1092961.0590611857,0.1612491905689239,2748317696.0,
5256,2.4698004722595215,0.0014236258362992,0.0606725439429283,479.3046209961176,1093851.3359424649,0.1784798223525285,2754609152.0,
5268,2.515439510345459,0.0014231379283108,0.0662188455462455,480.2014611195773,1091808.4230265275,0.2005298156291246,2760900608.0,
5280,2.4867825508117676,0.001422649897593,0.0656033381819725,477.6653819717467,1097605.1851105487,0.1919500064104795,2767192064.0,
5292,2.513292074203491,0.0014221617442876,0.0794370472431182,476.83563083410263,1099515.1496604637,0.1668701879680156,2773483520.0,
5304,2.5441527366638184,0.001421673468536,0.0684637650847435,477.6978809386492,1097530.5123183797,0.1790891401469707,2779774976.0,
5316,2.448796033859253,0.0014211850704799,0.073599673807621,477.93962084688246,1096975.3858677603,0.2077310346066951,2786066432.0,
5328,2.5637269020080566,0.001420696550261,0.0944733098149299,477.3639908526093,1098298.175075126,0.1609500031918287,2792357888.0,
5340,2.554898738861084,0.001420207908021,0.0668148472905159,476.89456189982593,1099379.279795875,0.2076900564134121,2798649344.0,
5352,2.4944305419921875,0.0014197191439015,0.0806430131196975,478.0964511446655,1096615.5443001972,0.1698401756584644,2804940800.0,
5364,2.4262681007385254,0.0014192302580444,0.0876032263040542,488.9939210843295,1072176.9277569074,0.1763198524713516,2811232256.0,
5376,2.490746259689331,0.0014187412505914,0.0630989521741867,480.7854611426592,1090482.226217803,0.160610070452094,2817523712.0,
5388,2.4344570636749268,0.0014182521216844,0.1437389105558395,479.968291008845,1092338.8270045912,0.1996089704334736,2823815168.0,
5400,2.541318416595459,0.0014177628714653,0.0743211135268211,480.3934518713504,1091372.0783613108,0.1867099199444055,2830106624.0,
5412,2.52725887298584,0.0014172735000759,0.0728917643427848,477.6520400773734,1097635.8436887912,0.1587499864399433,2836398080.0,
5424,2.492070198059082,0.0014167840076582,0.0742521062493324,480.1142408978194,1092006.7670135656,0.1782400067895651,2842689536.0,
5436,2.471013069152832,0.0014162943943542,0.0896979719400405,479.2118610348553,1094063.070283367,0.1959600485861301,2848980992.0,
5448,2.5353662967681885,0.0014158046603058,0.0698449313640594,479.6594309154898,1093042.2007951164,0.1676899846643209,2855272448.0,
5460,2.5180230140686035,0.0014153148056552,0.0708617344498634,480.1527219824493,1091919.2498489344,0.1832200214266777,2861563904.0,
5472,2.511981725692749,0.0014148248305444,0.067023366689682,486.9132109452039,1076758.626002863,0.1541399396955967,2867855360.0,
5484,2.468759298324585,0.0014143347351155,0.0766052976250648,478.7203120067715,1095186.4519853168,0.1981300301849842,2874146816.0,
5496,2.4674904346466064,0.0014138445195107,0.0611841231584548,499.3476599920541,1049945.8433595998,0.2376800402998924,2880438272.0,
5508,2.5037620067596436,0.0014133541838721,0.0663523823022842,478.4096409566701,1095897.6473625982,0.1475510653108358,2886729728.0,
5520,2.46872615814209,0.001412863728342,0.0602488555014133,478.4831500146538,1095729.2853132726,0.1687200274318456,2893021184.0,
5532,2.5080013275146484,0.0014123731530626,0.0592435635626316,480.01862107776105,1092224.2950134792,0.1803599298000335,2899312640.0,
5544,2.5262818336486816,0.0014118824581763,0.0767348036170005,479.99605210497975,1092275.650395002,0.1761501189321279,2905604096.0,
5556,2.4201953411102295,0.0014113916438253,0.0812412798404693,479.90477085113525,1092483.4088857856,0.1757300924509763,2911895552.0,
5568,2.550321578979492,0.001410900710152,0.0820419415831565,477.4896120652557,1098009.227326078,0.1851599663496017,2918187008.0,
5580,2.483165740966797,0.0014104096572988,0.0797540321946144,477.1762110758573,1098730.380581888,0.1543802209198475,2924478464.0,
5592,2.479294776916504,0.0014099184854081,0.0936745703220367,478.0025011859834,1096831.080798064,0.1938901841640472,2930769920.0,
5604,2.5387892723083496,0.0014094271946224,0.0695177540183067,478.9433409459889,1094676.4578967695,0.2952199429273605,2937061376.0,
5616,2.5334486961364746,0.0014089357850842,0.0873491242527961,477.5732709094882,1097816.8836826829,0.1617099624127149,2943352832.0,
5628,2.4700045585632324,0.0014084442569359,0.0714307278394699,479.8360909335315,1092639.778262586,0.1776600256562233,2949644288.0,
5640,2.507107734680176,0.0014079526103203,0.0667354613542556,479.7447510063648,1092847.8089654893,0.1847899984568357,2955935744.0,
5652,2.4631361961364746,0.0014074608453799,0.0763709098100662,479.9904718529433,1092288.3489250352,0.1837401650846004,2962227200.0,
5664,2.4890496730804443,0.0014069689622572,0.0759414881467819,484.8112508188933,1081427.0483913615,0.1678098924458027,2968518656.0,
5676,2.5177953243255615,0.001406476961095,0.0757070779800415,479.4449710752815,1093531.127929335,0.1824898645281791,2974810112.0,
5688,2.527836799621582,0.0014059848420361,0.0653245076537132,478.5055520478636,1095677.9869245004,0.1516798511147499,2981101568.0,
5700,2.499126672744751,0.001405492605223,0.0712706744670867,477.9469920322299,1096958.467655018,0.1433300785720348,2987393024.0,
5712,2.5304441452026367,0.0014050002507986,0.0746972262859344,482.1933710481971,1087298.2323674362,0.1770900562405586,2993684480.0,
5724,2.525127410888672,0.0014045077789057,0.0771027132868766,477.4709411431104,1098052.1636454046,0.169319799169898,2999975936.0,
5736,2.4766807556152344,0.0014040151896872,0.0693614184856414,483.3960011601448,1084593.1673859835,0.1768600195646286,3006267392.0,
5748,2.480600118637085,0.0014035224832859,0.0719600170850753,478.27969188801944,1096195.4038448962,0.1410199329257011,3012558848.0,
5760,2.477548122406006,0.0014030296598446,0.0702055245637893,479.0557911619544,1094419.5011782122,0.165079953148961,3018850304.0,
5772,2.546041488647461,0.0014025367195065,0.0690695345401763,477.595292031765,1097766.2651773577,0.1821999903768301,3025141760.0,
5784,2.5845513343811035,0.0014020436624144,0.0673667639493942,478.74630196020007,1095126.997019783,0.2078688703477382,3031433216.0,
5796,2.5231711864471436,0.0014015504887113,0.0671732574701309,477.2820509970188,1098486.7310739805,0.1611090265214443,3037724672.0,
5808,2.5887765884399414,0.0014010571985403,0.0637697800993919,479.5933021232486,1093192.915078004,0.1835799776017666,3044016128.0,
5820,2.479875087738037,0.0014005637920444,0.0815610364079475,478.5386009607464,1095602.3170281437,0.2343899104744196,3050307584.0,
5832,2.4832072257995605,0.0014000702693668,0.0718612521886825,477.6688611600548,1097597.1905029083,0.1475098542869091,3056599040.0,
5844,2.4539949893951416,0.0013995766306507,0.0702008679509162,480.1031108945608,1092032.0824897613,0.1779899466782808,3062890496.0,
5856,2.5132408142089844,0.0013990828760391,0.071550041437149,479.0796909946948,1094364.9039086606,0.2011000178754329,3069181952.0,
5868,2.4387013912200928,0.0013985890056753,0.0918229520320892,480.87625205516815,1090276.339826096,0.1820798497647047,3075473408.0,
5880,2.491910934448242,0.0013980950197026,0.0654277056455612,480.16702104359865,1091886.7332048512,0.1912300940603017,3081764864.0,
5892,2.526195764541626,0.0013976009182642,0.0803800597786903,479.53489096835256,1093326.0746496983,0.2189099323004484,3088056320.0,
5904,2.48990797996521,0.0013971067015035,0.0729736611247062,479.73540099337697,1092869.1085009966,0.1520500518381595,3094347776.0,
5916,2.528780460357666,0.0013966123695637,0.0664730370044708,481.16934089921415,1089612.2330242514,0.1709898933768272,3100639232.0,
5928,2.48922061920166,0.0013961179225883,0.0763651356101036,485.4793709237129,1079938.780925844,0.1976699568331241,3106930688.0,
5940,2.566222667694092,0.0013956233607207,0.0696915462613105,479.63970084674656,1093087.163290345,0.1763699110597372,3113222144.0,
5952,2.492814779281616,0.0013951286841043,0.0707495361566543,478.01470197737217,1096803.0854097418,0.1649900805205106,3119513600.0,
5964,2.5705466270446777,0.0013946338928826,0.0723989158868789,477.46313107199967,1098070.1249599508,0.2012101467698812,3125805056.0,
5976,2.5515966415405273,0.0013941389871991,0.0685310885310173,480.4742708802223,1091188.502226168,0.1884698867797851,3132096512.0,
5988,2.536355972290039,0.0013936439671973,0.0797915384173393,480.123691027984,1091985.2733729023,0.1823799684643745,3138387968.0,
6000,2.545610189437866,0.0013931488330209,0.0867986306548118,479.9046020489186,1092483.7931572015,0.1862100325524807,3144679424.0,
6012,2.514562606811523,0.0013926535848135,0.0744132921099662,478.79552096128464,1095014.42065995,0.1735000405460596,3150970880.0,
6024,2.539111852645874,0.0013921582227186,0.0834226757287979,493.9473201520741,1061424.930574752,0.1713689416646957,3157262336.0,
6036,2.518429756164551,0.00139166274688,0.0734649896621704,479.767891112715,1092795.098863391,0.1669400371611118,3163553792.0,
6048,2.5507497787475586,0.0013911671574414,0.0681101530790329,479.5118011534214,1093378.7213137895,0.1692299265414476,3169845248.0,
6060,2.5127241611480713,0.0013906714545465,0.0646228492259979,478.8908010814339,1094796.556576259,0.2396500203758478,3176136704.0,
6072,2.454235553741455,0.0013901756383391,0.0620142444968223,479.7517610713839,1092831.8404275526,0.1834488939493894,3182428160.0,
6084,2.5129294395446777,0.001389679708963,0.0698095932602882,478.5092109814286,1095669.6087932738,0.2446200232952833,3188719616.0,
6096,2.524866104125977,0.0013891836665621,0.0653225034475326,481.46201111376286,1088949.8816057534,0.1921600196510553,3195011072.0,
6108,2.4208240509033203,0.0013886875112801,0.0724809914827346,481.079941149801,1089814.7171693128,0.1909800339490175,3201302528.0,
6120,2.5156288146972656,0.0013881912432611,0.0754725188016891,479.7698918264359,1092790.5417409337,0.1901302020996809,3207593984.0,
6132,2.51072359085083,0.001387694862649,0.0633158534765243,479.33734208345413,1093776.6661807871,0.2145899925380945,3213885440.0,
6144,2.50546932220459,0.0013871983695878,0.0767497271299362,481.30779014900327,1089298.8036567846,0.2439799718558788,3220176896.0,
6156,2.4806947708129883,0.0013867017642214,0.0823102295398712,478.7688001524657,1095075.5350662754,0.1662899740040302,3226468352.0,
6168,2.436154842376709,0.0013862050466938,0.0727237686514854,480.0753411836922,1092095.2505231686,0.2823099493980407,3232759808.0,
6180,2.4982142448425293,0.0013857082171493,0.0736990347504615,483.9302219916135,1083395.861994926,0.2118800766766071,3239051264.0,
6192,2.5601396560668945,0.0013852112757318,0.07200188934803,479.2514010332525,1093972.806067233,0.1819799654185772,3245342720.0,
6204,2.5012829303741455,0.0013847142225855,0.0684618577361106,479.4313609600067,1093562.1711315943,0.1575797796249389,3251634176.0,
6216,2.6065821647644043,0.0013842170578545,0.0758739039301872,485.7916608452797,1079244.5450540187,0.1754001714289188,3257925632.0,
6228,2.4808826446533203,0.0013837197816832,0.0667042359709739,477.7921210043132,1097314.0346013932,0.1716800034046173,3264217088.0,
6240,2.4602017402648926,0.0013832223942156,0.0763479396700859,477.5275911670178,1097921.8995884731,0.1599499955773353,3270508544.0,
6252,2.4596433639526367,0.0013827248955961,0.0665711164474487,489.5891910418868,1070873.315001647,0.2329300623387098,3276800000.0,
6264,2.467582941055298,0.0013822272859689,0.0883005335927009,478.8616211153567,1094863.269223449,0.1909099519252777,3283091456.0,
6276,2.509796142578125,0.0013817295654785,0.0645521059632301,478.5412021446973,1095596.361714054,0.1659500412642955,3289382912.0,
6288,2.5613865852355957,0.0013812317342691,0.0769592598080635,478.15972100943327,1096470.4406577498,0.1820400357246399,3295674368.0,
6300,2.516967296600342,0.0013807337924852,0.0747120454907417,478.0078008770942,1096818.92018914,0.2100400160998106,3301965824.0,
6312,2.4814329147338867,0.0013802357402711,0.0743360072374343,478.9913611020893,1094566.7136745218,0.1921500079333782,3308257280.0,
6324,2.511992931365967,0.0013797375777713,0.0644242540001869,478.4577810205519,1095787.3835423726,0.2184200566262006,3314548736.0,
6336,2.4776041507720947,0.0013792393051304,0.0767057463526725,478.80364092998207,1094995.8504527523,0.1820300240069627,3320840192.0,
6348,2.553654909133911,0.0013787409224928,0.0767005756497383,478.3900720067322,1095942.4759814453,0.1710201613605022,3327131648.0,
6360,2.5749075412750244,0.0013782424300031,0.0717642232775688,479.51040090993047,1093381.9141463845,0.2010799944400787,3333423104.0,
6372,2.566695213317871,0.0013777438278059,0.0727649629116058,479.3969008605927,1093640.7787760429,0.1802709884941578,3339714560.0,
6384,2.4568161964416504,0.0013772451160458,0.0714311450719833,479.4448511675,1093531.4014183322,0.1714900135993957,3346006016.0,
6396,2.4815266132354736,0.0013767462948675,0.0738849639892578,479.3720007874072,1093697.5858807245,0.1832600682973861,3352297472.0,
6408,2.5288708209991455,0.0013762473644155,0.0761206224560737,478.4064411651343,1095904.9772054146,0.1585499849170446,3358588928.0,
6420,2.5341782569885254,0.0013757483248348,0.0667894557118415,479.28678104653955,1093892.0511331414,0.190709950402379,3364880384.0,
6432,2.458127498626709,0.0013752491762699,0.0880919471383094,479.0205010212958,1094500.128662952,0.1659998670220375,3371171840.0,
6444,2.4860944747924805,0.0013747499188656,0.0803810358047485,477.3134710267186,1098414.4211816136,0.1624289434403181,3377463296.0,
6456,2.4210119247436523,0.0013742505527668,0.0786662399768829,477.5048508308828,1097974.186205045,0.1683700829744339,3383754752.0,
6468,2.510425567626953,0.0013737510781184,0.0676811933517456,479.0249119978398,1094490.0502426568,0.1880701165646314,3390046208.0,
6480,2.516498327255249,0.0013732514950651,0.0739955678582191,478.51920197717845,1095646.7323227802,0.1713600941002369,3396337664.0,
6492,2.495274066925049,0.0013727518037519,0.0626353770494461,480.1124210935086,1092010.9061246044,0.1796598080545663,3402629120.0,
6504,2.4742584228515625,0.0013722520043237,0.0871421247720718,480.1618808414787,1091898.4220096578,0.179569935426116,3408920576.0,
6516,2.549619674682617,0.0013717520969255,0.0751235410571098,479.5447210781276,1093303.6627351025,0.1896698959171772,3415212032.0,
6528,2.3990917205810547,0.0013712520817022,0.0651586651802063,476.7950710374862,1099608.682739046,0.1689901109784841,3421503488.0,
6540,2.5435776710510254,0.001370751958799,0.0680707693099975,478.3467820379883,1096041.6578246432,0.1774509437382221,3427794944.0,
6552,2.470355987548828,0.0013702517283608,0.0804722383618354,479.1810810565949,1094133.346925852,0.1687698531895876,3434086400.0,
6564,2.5001955032348633,0.0013697513905328,0.0869451388716697,478.26189105398953,1096236.204069236,0.1778199803084135,3440377856.0,
6576,2.499488592147827,0.00136925094546,0.0744609162211418,479.36846083030105,1093705.662429053,0.178090063855052,3446669312.0,
6588,2.473426818847656,0.0013687503932877,0.0781294927000999,479.71870098263025,1092907.1535591094,0.1893998123705387,3452960768.0,
6600,2.490772008895874,0.0013682497341609,0.0713659077882766,495.17707992345095,1058788.9085679194,0.165449921041727,3459252224.0,
6612,2.52183198928833,0.001367748968225,0.0794307589530944,477.9355209320784,1096984.7961447272,0.2129198983311653,3465543680.0,
6624,2.575301170349121,0.0013672480956251,0.0710860639810562,477.3668509442359,1098291.5947409286,0.1510311849415302,3471835136.0,
6636,2.554581642150879,0.0013667471165066,0.0693666860461235,481.9664410315454,1087810.1779822565,0.1861299388110637,3478126592.0,
6648,2.520702123641968,0.0013662460310147,0.0688530877232551,523.5503390431404,1001408.9589898993,0.1743901520967483,3484418048.0,
6660,2.5333642959594727,0.0013657448392949,0.0737503543496131,479.9478810746223,1092385.2790559223,0.1798400189727544,3490709504.0,
6672,2.6238818168640137,0.0013652435414923,0.0898934677243232,477.9369810130447,1096981.444894071,0.1918601337820291,3497000960.0,
6684,2.459601879119873,0.0013647421377525,0.0782968178391456,478.0678211245686,1096681.2172522023,0.211640028283,3503292416.0,
6696,2.548245429992676,0.0013642406282209,0.0700863674283027,477.0693709142506,1098976.4423468648,0.1635102089494466,3509583872.0,
6708,2.5514674186706543,0.0013637390130429,0.0687260627746582,477.6126309297979,1097726.4126774375,0.1596198417246341,3515875328.0,
6720,2.5004477500915527,0.0013632372923641,0.0803639516234397,476.88623098656535,1099398.4852852044,0.1685100141912698,3522166784.0,
6732,2.5065619945526123,0.0013627354663299,0.0805975198745727,480.9220118913799,1090172.5997902849,0.1672499347478151,3528458240.0,
6744,2.4787516593933105,0.001362233535086,0.0712996944785118,478.7381109781563,1095145.7341233524,0.1854200381785631,3534749696.0,
6756,2.483456611633301,0.0013617314987778,0.072847194969654,1065.813115797937,491913.63122556807,0.1673998776823282,3541041152.0,
6768,2.491307020187378,0.001361229357551,0.074759267270565,477.93860197998583,1096977.7243938858,0.1478909980505705,3547332608.0,
6780,2.4892005920410156,0.0013607271115513,0.0883351191878318,478.96721097640693,1094621.9030968812,0.1790088135749101,3553624064.0,
6792,2.5128402709960938,0.0013602247609242,0.0761382356286048,480.0616109278053,1092126.485570715,0.1697000116109848,3559915520.0,
6804,2.491783380508423,0.0013597223058156,0.0789549723267555,478.7948608864099,1095015.9302657656,0.1668909098953008,3566206976.0,
6816,2.474569797515869,0.0013592197463712,0.0753256976604461,478.1100118998438,1096584.4407161877,0.1651800703257322,3572498432.0,
6828,2.516169786453247,0.0013587170827367,0.0694255158305168,493.0955311283469,1063258.470017515,0.1922000665217638,3578789888.0,
6840,2.5248048305511475,0.0013582143150579,0.0687734633684158,477.4144608527422,1098182.0681835522,0.1875290181487798,3585081344.0,
6852,2.5612261295318604,0.0013577114434807,0.0658724978566169,478.71012217365205,1095209.7641457738,0.1962599344551563,3591372800.0,
6864,2.5432796478271484,0.0013572084681509,0.0826206356287002,480.0276418682188,1092203.7696819382,0.1859199255704879,3597664256.0,
6876,2.519695281982422,0.0013567053892143,0.0722066611051559,479.21725106425583,1094050.7647328014,0.1799899619072675,3603955712.0,
6888,2.5296363830566406,0.001356202206817,0.0645888745784759,479.4599418528378,1093496.983238949,0.2402300015091896,3610247168.0,
6900,2.480332136154175,0.0013556989211048,0.0807124972343444,479.9647107720375,1092346.9751696268,0.182740157470107,3616538624.0,
6912,2.471275568008423,0.0013551955322237,0.0643724426627159,478.5208019893616,1095643.0688496083,0.1548600848764181,3622830080.0,
6924,2.457923889160156,0.0013546920403198,0.0728185847401619,477.83600096590817,1097213.2676068626,0.1519599463790655,3629121536.0,
6936,2.523768901824951,0.001354188445539,0.0800173059105873,496.15133996121585,1056709.8338200268,0.1643800642341375,3635412992.0,
6948,2.6239404678344727,0.0013536847480275,0.0739332661032676,478.08193205855787,1096648.8479129192,0.1706499606370926,3641704448.0,
6960,2.5244877338409424,0.0013531809479312,0.0608720444142818,487.6681910827756,1075091.6495823052,0.185870099812746,3647995904.0,
6972,2.498741149902344,0.0013526770453965,0.07635248452425,508.9073700364679,1030222.8477501316,0.1788889057934284,3654287360.0,
6984,2.4878897666931152,0.0013521730405693,0.0707780867815017,477.0892020314932,1098930.7613073816,0.1735100522637367,3660578816.0,
6996,2.402352809906006,0.001351668933596,0.068711407482624,500.1915101893246,1048174.5277954732,0.1593800261616706,3666870272.0,
7008,2.221588134765625,0.0013511647246226,0.0729595869779586,479.06176187098026,1094405.861057222,0.1716101542115211,3673161728.0,
7020,2.497737169265747,0.0013506604137955,0.0713517218828201,477.7221721597016,1097474.7050776023,0.1621299888938665,3679453184.0,
7032,2.481750011444092,0.0013501560012609,0.0692116841673851,477.8176308609545,1097255.4509035444,0.1677700784057378,3685744640.0,
7044,2.504085063934326,0.0013496514871651,0.0794213339686393,480.43468105606735,1091278.4207158743,0.1804700586944818,3692036096.0,
7056,2.4637584686279297,0.0013491468716545,0.0824615210294723,478.9460808970034,1094670.1954802033,0.1715598627924919,3698327552.0,
7068,2.615738868713379,0.0013486421548754,0.0706867724657058,479.7249019611627,1092893.0265171956,0.1940799411386251,3704619008.0,
7080,2.522490978240967,0.0013481373369743,0.068496897816658,488.8926912099123,1072398.93217158,0.1754299737513065,3710910464.0,
7092,2.5236258506774902,0.0013476324180974,0.0782005712389946,479.2301710695028,1094021.2692158783,0.2019689418375492,3717201920.0,
7104,2.553469657897949,0.0013471273983913,0.0642737597227096,493.8304210081697,1061676.190238848,0.2062199637293815,3723493376.0,
7116,2.504446029663086,0.0013466222780025,0.0662003681063652,480.83889205008745,1090361.0516292984,0.188770005479455,3729784832.0,
7128,2.504408836364746,0.0013461170570774,0.0689145699143409,482.16952197253704,1087352.012327859,0.1902899239212274,3736076288.0,
7140,2.540614604949951,0.0013456117357627,0.0676987245678901,479.5516110025346,1093287.954770793,0.2408500295132398,3742367744.0,
7152,2.5066967010498047,0.0013451063142048,0.0696314498782157,485.8128509949893,1079197.470643706,1.8164301291108131,3748659200.0,
7164,2.501674175262451,0.0013446007925504,0.0695991516113281,478.7682418245822,1095076.81211674,0.1824598293751478,3754950656.0,
7176,2.451592922210694,0.001344095170946,0.0782079324126243,478.3006720244885,1096147.3204310215,0.2121101133525371,3761242112.0,
7188,2.5096535682678223,0.0013435894495384,0.0780735909938812,482.91413206607103,1085675.4134672296,0.202900031581521,3767533568.0,
7200,2.5159013271331787,0.0013430836284743,0.0647548735141754,480.1984908990562,1091815.1763001103,0.1774800475686788,3773825024.0,
7212,2.548027753829956,0.0013425777079002,0.0753076002001762,480.0918910186738,1092057.603571578,0.1691000070422887,3780116480.0,
7224,2.4964122772216797,0.0013420716879631,0.0684014186263084,481.6821310669184,1088452.251360685,0.1845499500632286,3786407936.0,
7236,2.50501012802124,0.0013415655688095,0.0704555436968803,478.22240204550326,1096326.725300739,0.171290012076497,3792699392.0,
7248,2.5205702781677246,0.0013410593505865,0.0840537250041961,477.7614811901003,1097384.407579285,0.1632492057979107,3798990848.0,
7260,2.468297958374023,0.0013405530334406,0.0808398723602294,480.9283211361617,1090158.297938046,0.1997801009565591,3805282304.0,
7272,2.53699254989624,0.001340046617519,0.0717616155743599,494.934851070866,1059307.0964100105,0.1619800459593534,3811573760.0,
7284,2.4464917182922363,0.0013395401029683,0.0633844062685966,479.2328318580985,1094015.1950090982,0.1821301411837339,3817865216.0,
7296,2.5150837898254395,0.0013390334899355,0.0890889540314674,479.3424420058727,1093765.0290386274,0.1784199848771095,3824156672.0,
7308,2.5542526245117188,0.0013385267785676,0.0736645683646202,479.94313202798367,1092396.0882295338,0.197289977222681,3830448128.0,
7320,2.5147762298583984,0.0013380199690115,0.0666819959878921,479.16828212328255,1094162.572023306,0.2023309934884309,3836739584.0,
7332,2.5237340927124023,0.0013375130614142,0.0845129042863845,479.9339908640832,1092416.8947818447,0.1620401162654161,3843031040.0,
7344,2.4715070724487305,0.0013370060559228,0.0761451795697212,479.4188220985234,1093590.772479633,0.1555399503558874,3849322496.0,
7356,2.5034608840942383,0.0013364989526843,0.0741769671440124,479.1645819786936,1094171.0212281777,0.1755401026457548,3855613952.0,
7368,2.5461549758911133,0.0013359917518458,0.0773952081799507,483.7067110929638,1083896.4768864594,0.2050900366157293,3861905408.0,
7380,2.5267653465270996,0.0013354844535544,0.0718458220362663,479.3069609440863,1093845.9958255456,0.1870100386440754,3868196864.0,
7392,2.520846366882324,0.0013349770579572,0.0773642882704734,478.6035711877048,1095453.589489365,0.1586400903761387,3874488320.0,
7404,2.474790096282959,0.0013344695652015,0.0748153254389762,480.0991420634091,1092041.1099813103,0.1978799700736999,3880779776.0,
7416,2.510136842727661,0.0013339619754343,0.0756087005138397,480.08539201691747,1092072.3869505385,0.1727300696074962,3887071232.0,
7428,2.540797233581543,0.001333454288803,0.0695159062743187,477.93758218176663,1096980.065067588,0.1586799044162035,3893362688.0,
7440,2.4368884563446045,0.0013329465054548,0.088425263762474,477.5430120062083,1097886.4454479422,0.1681800931692123,3899654144.0,
7452,2.5173323154449463,0.0013324386255369,0.0649342536926269,477.55053197033703,1097869.1570854874,0.165269011631608,3905945600.0,
7464,2.470677137374878,0.0013319306491967,0.0694444254040718,477.2852510213852,1098479.3661191696,0.1285900361835956,3912237056.0,
7476,2.551631450653076,0.0013314225765814,0.0722829103469848,478.9506820961833,1094659.6791665326,0.1871499698609113,3918528512.0,
7488,2.491494655609131,0.0013309144078386,0.0769284963607788,479.8829311039299,1092533.1284318033,0.1570701133459806,3924819968.0,
7500,2.5381836891174316,0.0013304061431155,0.0702128484845161,480.0579310394824,1092134.8572759647,0.1910401042550802,3931111424.0,
7512,2.49456524848938,0.001329940149596,0.0617308802902698,477.8154920786619,1097260.3624029993,0.1795799471437931,3936878592.0,
7524,2.5654211044311523,0.0013294317013228,0.0749277099967002,478.4008220303804,1095917.8493357722,0.1662899740040302,3943170048.0,
7536,2.4946703910827637,0.0013289231574995,0.0807971879839897,484.4555619638413,1082221.0356605044,0.1956899650394916,3949461504.0,
7548,2.5160210132598877,0.0013284145182736,0.0692010968923568,479.0339309256524,1094469.4439220657,0.1747501082718372,3955752960.0,
7560,2.5613770484924316,0.0013279057837924,0.0829134285449981,479.6365709044039,1093094.2963990448,0.1507499255239963,3962044416.0,
7572,2.4907429218292236,0.0013273969542037,0.077487975358963,478.9002421312034,1094774.9737331762,0.1916999462991953,3968335872.0,
7584,2.5189976692199707,0.0013268880296549,0.0847827717661857,477.6241721119732,1097699.8875113197,0.1688001211732626,3974627328.0,
7596,2.501568555831909,0.0013263790102937,0.0713413432240486,479.20416109263897,1094080.6498937006,0.1746600028127432,3980918784.0,
7608,2.5126497745513916,0.0013258698962678,0.0869469568133354,478.58176194131374,1095503.5099400445,0.1759491860866546,3987210240.0,
7620,2.4746174812316895,0.0013253606877248,0.0747265517711639,478.2336419448257,1096300.958393236,0.1739198341965675,3993501696.0,
7632,2.546745538711548,0.0013248513848123,0.0693182349205017,478.4115420188755,1095893.2925981006,0.1496500335633754,3999793152.0,
7644,2.458576202392578,0.0013243419876782,0.0824208185076713,480.1877620629966,1091839.570728622,0.1817599404603243,4006084608.0,
7656,2.465221643447876,0.0013238324964701,0.0870761796832084,477.6931619271636,1097541.3545483008,0.1845099031925201,4012376064.0,
7668,2.5167980194091797,0.0013233229113359,0.0671129673719406,477.43395203724504,1098137.2350307836,0.1633709762245416,4018667520.0,
7680,2.457799196243286,0.0013228132324233,0.0823216587305069,479.9007819965482,1092492.489424139,0.2023801207542419,4024958976.0,
7692,2.553337812423706,0.0013223034598802,0.0846714749932289,477.75758104398847,1097393.366012809,0.1760900486260652,4031250432.0,
7704,2.493363857269287,0.0013217935938544,0.0775666087865829,479.7576309647411,1092818.4694961768,0.1597900409251451,4037541888.0,
7716,2.53131103515625,0.0013212836344938,0.0675031393766403,478.82494097575545,1094947.140663975,0.1887199468910694,4043833344.0,
7728,2.4768364429473877,0.0013207735819464,0.092403769493103,477.5780411437154,1097805.9182629555,0.2172398380935192,4050124800.0,
7740,2.509298086166382,0.00132026343636,0.0703050717711448,478.72933209873736,1095165.8167706886,0.1753000542521476,4056416256.0,
7752,2.4691317081451416,0.0013197531978826,0.0826049968600273,479.6129520982504,1093148.1264346626,0.182420015335083,4062707712.0,
7764,2.518345355987549,0.0013192428666623,0.062183029949665,480.0503710284829,1092152.0566201007,0.1958599314093589,4068999168.0,
7776,2.5697689056396484,0.001318732442847,0.0703616812825203,477.1217620000243,1098855.7675555644,0.1464700326323509,4075290624.0,
7788,2.5036067962646484,0.0013182219265848,0.0818777978420257,480.29999108985066,1091584.446650386,0.1838600728660822,4081582080.0,
7800,2.3500611782073975,0.0013177113180237,0.0781472772359848,479.35184207744896,1093743.580347587,0.1819191966205835,4087873536.0,
7812,2.528468608856201,0.0013172006173119,0.0781831070780754,478.57255092822015,1095524.5949294667,0.1895499881356954,4094164992.0,
7824,2.5393383502960205,0.0013166898245975,0.0673852413892746,480.3070020861924,1091568.5128944158,0.1667800825089216,4100456448.0,
7836,2.5896830558776855,0.0013161789400287,0.0944007262587547,478.2203419599682,1096331.4480752223,0.1786199864000082,4106747904.0,
7848,2.461299180984497,0.0013156679637535,0.0784095674753189,477.0661308430135,1098983.9062218517,0.1738488208502531,4113039360.0,
7860,2.520068883895874,0.0013151568959203,0.0646417066454887,496.0373099893331,1056952.7522259855,0.1955400221049785,4119330816.0,
7872,2.5375781059265137,0.0013146457366772,0.0791027173399925,479.60092104040086,1093175.5486679615,0.2007298171520233,4125622272.0,
7884,2.488833427429199,0.0013141344861726,0.0681465864181518,478.68112195283175,1095276.115885059,0.1759000588208437,4131913728.0,
7896,2.551630973815918,0.0013136231445546,0.0719325914978981,478.1108309980482,1096582.5620506394,0.1813999842852354,4138205184.0,
7908,2.4608383178710938,0.0013131117119717,0.0680022686719894,491.34502094239,1067046.5307543487,0.2000099048018455,4144496640.0,
7920,2.5047216415405273,0.0013126001885721,0.0730418413877487,479.70501193776727,1092938.3411737557,0.2113701775670051,4150788096.0,
7932,2.5369834899902344,0.0013120885745042,0.0728956684470176,478.8468519691378,1094897.0382576326,0.1793999690562486,4157079552.0,
7944,2.3652279376983643,0.0013115768699165,0.1128512695431709,485.9233209863305,1078952.1254830835,0.1636501401662826,4163371008.0,
7956,2.5312557220458984,0.0013110650749573,0.0636438876390457,478.66322100162506,1095317.0768017292,0.190231017768383,4169662464.0,
7968,2.530472755432129,0.001310553189775,0.0625845119357109,490.77320098876953,1068289.7903628552,0.2022108528763055,4175953920.0,
7980,2.5258960723876953,0.0013100412145182,0.0626191720366478,477.2804907988757,1098490.321953958,0.1749398652464151,4182245376.0,
7992,2.4966838359832764,0.0013095291493353,0.0699812695384025,479.591092094779,1093197.9526767102,0.1893800217658281,4188536832.0,
8004,2.556278705596924,0.0013090169943749,0.0720684975385665,478.8050118368119,1094992.715278197,0.2019400708377361,4194828288.0,
8016,2.4772682189941406,0.0013085047497855,0.0711976736783981,479.5888909138739,1093202.9701541883,0.1663200091570615,4201119744.0,
8028,2.684131383895874,0.0013079924157157,0.0746048986911773,478.51308202371,1095660.7451204895,0.1703801099210977,4207411200.0,
8040,2.4794390201568604,0.001307479992314,0.0723342448472976,478.521672077477,1095641.0766597695,0.1993498299270868,4213702656.0,
8052,2.448316812515259,0.0013069674797292,0.076004646718502,489.6039310842753,1070841.075231797,0.18381979316473,4219994112.0,
8064,2.464646339416504,0.0013064548781098,0.0808276832103729,477.4101208895445,1098192.051360598,0.1437598839402198,4226285568.0,
8076,2.515951633453369,0.0013059421876046,0.0720463097095489,479.7587310895324,1092815.9635768204,0.1818700693547725,4232577024.0,
8088,2.4883594512939453,0.0013054294083622,0.0619860924780368,477.51088184304535,1097960.3186767374,0.1849899999797344,4238868480.0,
8100,2.4918675422668457,0.0013049165405314,0.0801193937659263,479.9328919034451,1092419.3962215,0.2186899073421955,4245159936.0,
8112,2.5178236961364746,0.0013044035842609,0.0655460804700851,478.7186221219599,1095190.318011967,0.178550137206912,4251451392.0,
8124,2.49845552444458,0.0013038905396995,0.0743602812290191,478.50282094441354,1095684.2406178943,0.1930298749357462,4257742848.0,
8136,2.4395344257354736,0.001303377406996,0.0720696374773979,477.6478919666261,1097645.3760558683,0.1572698820382356,4264034304.0,
8148,2.5038249492645264,0.0013028641862993,0.0745579153299331,490.652201930061,1068553.2398257402,0.2341601066291332,4270325760.0,
8160,2.4162611961364746,0.0013023508777582,0.0819012522697448,479.08756183460355,1094346.9247924269,0.2227709628641605,4276617216.0,
8172,2.511249542236328,0.0013018374815215,0.0859064608812332,479.2934921570122,1093876.7343585128,0.2078399993479252,4282908672.0,
8184,2.590676784515381,0.0013013239977383,0.0696360766887664,491.6158609557897,1066458.6756429905,0.3032400272786617,4289200128.0,
8196,2.519840955734253,0.0013008104265574,0.0669668167829513,486.8852619547397,1076820.4358766095,0.2465399447828531,4295491584.0,
8208,2.5621910095214844,0.0013002967681278,0.0821557939052581,500.90395100414753,1046683.6984395416,0.2048499882221222,4301783040.0,
8220,2.515706777572632,0.0012997830225984,0.0827047303318977,499.35693107545376,1049926.350017517,0.187210040166974,4308074496.0,
8232,2.533172130584717,0.0012992691901183,0.0782702267169952,479.13139103911817,1094246.8178988404,0.1874000299721956,4314365952.0,
8244,2.4723527431488037,0.0012987552708365,0.0715110078454017,481.1172420158982,1089730.2241823943,0.1836100127547979,4320657408.0,
8256,2.454080581665039,0.0012982412649022,0.070554070174694,477.8203521855175,1097249.2017176384,0.1697090920060873,4326948864.0,
8268,2.4880900382995605,0.0012977271724642,0.0682005211710929,495.63788110390306,1057804.5383300532,0.1718599814921617,4333240320.0,
8280,2.560046672821045,0.0012972129936719,0.0741823762655258,477.288061985746,1098472.896679443,0.1654699444770813,4339531776.0,
8292,2.4825172424316406,0.0012966987286742,0.0641040354967117,484.8287228960544,1081388.0763256792,0.1797499135136604,4345823232.0,
8304,2.4862723350524902,0.0012961843776204,0.065305657684803,479.4858410023153,1093437.9186339069,0.1721498556435108,4352114688.0,
8316,2.509953260421753,0.0012956699406597,0.0677464082837104,478.0650108586997,1096687.6640025896,0.1966999843716621,4358406144.0,
8328,2.543722152709961,0.0012951554179412,0.0802422538399696,477.49916184693575,1097987.2676050111,0.1671698410063982,4364697600.0,
8340,2.5224978923797607,0.0012946408096142,0.0788323059678077,479.7213620040566,1092901.09118711,0.2021801192313432,4370989056.0,
8352,2.4795117378234863,0.001294126115828,0.0643611028790474,481.7929610144347,1088201.8676571993,0.1553799957036972,4377280512.0,
8364,2.508725881576538,0.0012936113367318,0.0779344588518142,478.7909120786935,1095024.9613631526,0.1889700070023536,4383571968.0,
8376,2.4869954586029053,0.001293096472475,0.0653869211673736,479.587540961802,1093206.0473225643,0.1896799076348543,4389863424.0,
8388,2.5247879028320312,0.0012925815232069,0.076563686132431,478.94475189968944,1094673.2330200109,0.193099956959486,4396154880.0,
8400,2.536801815032959,0.0012920664890767,0.0847626626491546,497.6443101186306,1053539.6252697394,0.2067601308226585,4402446336.0,
8412,2.5386481285095215,0.0012915513702341,0.0729212090373039,479.82033202424645,1092675.6642182192,0.1536700874567031,4408737792.0,
8424,2.4988033771514893,0.0012910361668282,0.0790366828441619,480.4587909020483,1091223.6594020135,0.1616899389773607,4415029248.0,
8436,2.5502943992614746,0.0012905208790086,0.0772820264101028,481.2292021233589,1089476.6936142903,0.1824700739234686,4421320704.0,
8448,2.49133825302124,0.0012900055069248,0.085705742239952,480.407910887152,1091339.230929433,0.1663998700678348,4427612160.0,
8460,2.5398263931274414,0.0012894900507261,0.0795545578002929,480.7396421674639,1090586.159352688,0.1631299965083599,4433903616.0,
8472,2.478733539581299,0.0012889745105622,0.0788189694285392,479.3851710855961,1093667.538386135,0.1913101878017187,4440195072.0,
8484,2.464824676513672,0.0012884588865825,0.066032662987709,477.6655922178179,1097604.70199604,0.1837299205362796,4446486528.0,
8496,2.5342540740966797,0.0012879431789366,0.0645305439829826,1130.7665628846737,463657.14835297264,0.1967300195246935,4452777984.0,
8508,2.442720890045166,0.0012874273877741,0.0784536823630333,480.54993199184537,1091016.6979461706,0.1720499712973833,4459069440.0,
8520,2.5019726753234863,0.0012869115132445,0.0823997110128402,478.46024204045534,1095781.747223356,0.2356800250709056,4465360896.0,
8532,2.540376663208008,0.0012863955554976,0.0774763375520706,480.3202911280096,1091538.3124221847,0.165480189025402,4471652352.0,
8544,2.4683752059936523,0.0012858795146829,0.0946814641356468,479.838240891695,1092634.8825923146,0.2013798803091049,4477943808.0,
8556,2.4972469806671143,0.0012853633909501,0.0829661190509796,477.2893320769072,1098469.9735872576,0.1791710965335369,4484235264.0,
8568,2.4130258560180664,0.001284847184449,0.0886275097727775,479.1628320235759,1094175.0172605286,0.2153399400413036,4490526720.0,
8580,2.3645472526550293,0.0012843308953292,0.0649261176586151,477.4974910542369,1097991.1095290936,0.192129984498024,4496818176.0,
8592,2.5561490058898926,0.0012838145237405,0.0830989778041839,477.5479219388217,1097875.1574740729,0.1773098483681678,4503109632.0,
8604,2.5171873569488525,0.0012832980698327,0.0796077698469162,477.5522309355438,1097865.251247804,0.1575399655848741,4509401088.0,
8616,2.528507947921753,0.0012827815337556,0.0621118620038032,479.53010094352067,1093336.9958807882,0.2039500977844,4515692544.0,
8628,2.5519070625305176,0.0012822649156589,0.0819800943136215,479.1878510732204,1094117.8888942413,0.1812598202377557,4521984000.0,
8640,2.5218701362609863,0.0012817482156926,0.0637201815843582,478.0836820136756,1096644.83379084,0.1781601458787918,4528275456.0,
8652,2.474412441253662,0.0012812314340064,0.0802127197384834,479.8430721275509,1092623.8815439956,0.1677698455750942,4534566912.0,
8664,2.502655029296875,0.0012807145707504,0.0678063333034515,478.8085219915956,1094984.6878648552,0.208031153306365,4540858368.0,
8676,2.501124382019043,0.0012801976260743,0.0684398338198661,479.0999710094184,1094318.580097959,0.1896999310702085,4547149824.0,
8688,2.471491813659668,0.0012796806001282,0.0707155838608741,478.9382719900459,1094688.0436627471,0.1812900882214307,4553441280.0,
8700,2.527815341949463,0.001279163493062,0.0677930936217308,478.0600019730627,1096699.1545750403,0.1913600135594606,4559732736.0,
8712,2.5473341941833496,0.0012786463050257,0.0763318985700607,477.8426918201149,1097197.9041951522,0.1327001955360174,4566024192.0,
8724,2.4957330226898193,0.0012781290361692,0.0675951540470123,491.05877103284,1067668.5377134578,0.170920044183731,4572315648.0,
8736,2.530751466751098,0.0012776116866427,0.0788657069206237,480.569900944829,1090971.3633109743,0.2075799275189638,4578607104.0,
8748,2.5234270095825195,0.0012770942565962,0.0641265735030174,477.95741190202534,1096934.553046479,0.1702599693089723,4584898560.0,
8760,2.4663939476013184,0.0012765767461797,0.0650166347622871,478.2679320778698,1096222.357460164,0.1872600987553596,4591190016.0,
8772,2.5121750831604004,0.0012760591555434,0.0728441849350929,481.0826419852674,1089808.598864508,0.189230078831315,4597481472.0,
8784,2.478261232376098,0.0012755414848373,0.0622738376259803,480.6467320304364,1090796.972207022,0.1781890168786049,4603772928.0,
8796,2.4707932472229004,0.0012750237342117,0.0685126930475235,479.1037319228053,1094309.9898133853,0.2797800116240978,4610064384.0,
8808,2.530642509460449,0.0012745059038167,0.0783316791057586,481.04184097610414,1089901.0342554466,0.2074700314551592,4616355840.0,
8820,2.484715461730957,0.0012739879938024,0.08125751465559,480.4493510164321,1091245.099802557,0.1956198830157518,4622647296.0,
8832,2.490545749664306,0.0012734700043192,0.0607267320156097,477.49419207684696,1097998.6954807236,0.1742099411785602,4628938752.0,
8844,2.4895012378692627,0.0012729519355173,0.075852170586586,480.0789419095963,1092087.0595043276,0.1930200960487127,4635230208.0,
8856,2.484903335571289,0.0012724337875468,0.0783038884401321,479.07882183790207,1094366.8893328677,0.2012199256569147,4641521664.0,
8868,2.557709217071533,0.0012719155605582,0.0758165419101715,477.8806420508772,1097110.7717399066,0.1953600440174341,4647813120.0,
8880,2.518272638320923,0.0012713972547017,0.0879895612597465,477.2475119680166,1098566.230000872,0.1911099534481763,4654104576.0,
8892,2.5195870399475098,0.0012708788701276,0.0664120614528656,477.7747329790145,1097353.9699995574,0.194160034880042,4660396032.0,
8904,2.444491386413574,0.0012703604069863,0.0788153707981109,479.4025521259755,1093627.8867831929,0.187949975952506,4666687488.0,
8916,2.5079431533813477,0.0012698418654282,0.0678513944149017,478.1335319858045,1096530.498127803,0.1962399110198021,4672978944.0,
8928,2.4837517738342285,0.0012693232456037,0.0838492289185524,479.96595106087625,1092344.1524157245,0.1896200701594352,4679270400.0,
8940,2.4966158866882324,0.0012688045476631,0.065691627562046,479.84220180660486,1092625.8633068472,0.2108099870383739,4685561856.0,
8952,2.4762208461761475,0.0012682857717571,0.0693035870790481,478.31244114786386,1096120.3491629928,0.1906801480799913,4691853312.0,
8964,2.5229525566101074,0.0012677669180359,0.0682561993598938,480.81509000621736,1090415.0283495064,0.1604100689291954,4698144768.0,
8976,2.485003709793091,0.0012672479866502,0.0686318576335907,480.6709410622716,1090742.034126997,0.1650999765843153,4704436224.0,
8988,2.461200475692749,0.0012667289777503,0.0657266825437545,481.6410010680556,1088545.2003408622,0.1820600591599941,4710727680.0,
9000,2.473456382751465,0.001266209891487,0.0771081000566482,481.19458206929266,1089555.0771693888,0.1760500017553568,4717019136.0,
9012,2.478384017944336,0.0012656907280106,0.0803668722510337,479.21799100004137,1094049.0754654384,0.200279988348484,4723310592.0,
9024,2.494964599609375,0.0012651714874718,0.0689729526638984,500.2700099721551,1048010.0536691812,0.2130900975316763,4729602048.0,
9036,2.558500051498413,0.0012646521700213,0.089783489704132,477.8623809106648,1097152.6969770286,0.1863399520516395,4735893504.0,
9048,2.503286600112915,0.0012641327758096,0.0752958357334137,477.7566820848733,1097395.4308960568,0.2375801559537649,4742184960.0,
9060,2.547860622406006,0.0012636133049873,0.0734942257404327,478.7776009179652,1095055.4056722312,0.196089968085289,4748476416.0,
9072,2.514265537261963,0.0012630937577052,0.0780851989984512,480.4047718644142,1091346.3618716325,0.1762202009558677,4754767872.0,
9084,2.5291223526000977,0.0012625741341139,0.0764403343200683,480.74663104489446,1090570.3049035813,0.1749098300933838,4761059328.0,
9096,2.51114559173584,0.0012620544343642,0.0623919367790222,481.2487310264259,1089432.48303591,0.2274001017212867,4767350784.0,
9108,2.5404210090637207,0.0012615346586067,0.0710962265729904,479.4705209787935,1093472.8561199463,0.17612986266613,4773642240.0,
9120,2.5157017707824707,0.0012610148069924,0.0744723528623581,479.2171320877969,1094051.0363555737,0.1821198966354131,4779933696.0,
9132,2.4389219284057617,0.0012604948796718,0.0737196132540702,479.7859520185739,1092753.9620411885,0.1704900059849023,4786225152.0,
9144,2.470961570739746,0.0012599748767959,0.073660522699356,500.89144008234143,1046709.8417849032,0.172940082848072,4792516608.0,
9156,2.4869494438171387,0.0012594547985154,0.0783411189913749,477.4168119765818,1098176.659991013,0.1693898811936378,4798808064.0,
9168,2.543123483657837,0.0012589346449812,0.0761339887976646,477.2096718661487,1098653.3402597427,0.1810600515455007,4805099520.0,
9180,2.5135819911956787,0.0012584144163442,0.0730192959308624,477.7254320215434,1097467.2162238096,0.1631397753953933,4811390976.0,
9192,2.4689035415649414,0.0012578941127552,0.0772115215659141,483.74397098086774,1083812.9908615146,0.1795298885554075,4817682432.0,
9204,2.473397731781006,0.0012573737343653,0.083521544933319,485.2093111258,1080539.8577029123,0.1683998852968216,4823973888.0,
9216,2.4622642993927,0.0012568532813252,0.0753152519464492,481.278452090919,1089365.205781031,0.1589599996805191,4830265344.0,
9228,2.493441343307495,0.001256332753786,0.0656259655952453,478.386711794883,1095950.173935429,0.196229200810194,4836556800.0,
9240,2.474414348602295,0.0012558121518986,0.074764534831047,481.16612108424306,1089619.5243725546,0.1957300119102001,4842848256.0,
9252,2.4556734561920166,0.001255291475814,0.0705805644392967,480.08360201492906,1092076.4587658136,0.2794309984892607,4849139712.0,
9264,2.4342041015625,0.0012547707256833,0.084775723516941,478.08856097981334,1096633.6423643013,0.1636799424886703,4855431168.0,
9276,2.504049777984619,0.0012542499016575,0.0719702169299125,478.1864997930825,1096409.0375342388,0.1871301792562008,4861722624.0,
9288,2.4788684844970703,0.0012537290038877,0.0675627216696739,478.32761192694306,1096085.584287943,0.1721289008855819,4868014080.0,
9300,2.5674681663513184,0.0012532080325249,0.0720694810152053,479.0944308042526,1094331.2347001848,0.1892398577183485,4874305536.0,
9312,2.493274450302124,0.0012526869877202,0.0726305767893791,479.043081169948,1094448.5383643412,0.1861888449639082,4880596992.0,
9324,2.4793219566345215,0.0012521658696249,0.080666460096836,478.0914520379156,1096627.010930998,0.150688923895359,4886888448.0,
9336,2.512592077255249,0.0012516446783899,0.0747645124793052,485.9261310193688,1078945.8860756392,0.187210040166974,4893179904.0,
9348,2.4612064361572266,0.0012511234141665,0.075918510556221,477.48025110922754,1098030.7536951194,0.1853900030255317,4899471360.0,
9360,2.4221410751342773,0.0012506020771059,0.0730802044272422,479.6501211822033,1093063.4161162658,0.188319943845272,4905762816.0,
9372,2.541119337081909,0.0012500806673594,0.079736441373825,479.3154110666365,1093826.7117956516,0.1817201264202594,4912054272.0,
9384,2.525102138519287,0.001249559185078,0.1347449570894241,479.41353102214634,1093602.8419602131,0.1767301000654697,4918345728.0,
9396,2.5321176052093506,0.0012490376304131,0.0665840357542038,480.2569509483874,1091682.2733427642,0.1664701849222183,4924637184.0,
9408,2.526945114135742,0.001248516003516,0.0729924365878105,479.8960608895868,1092503.2371137273,0.1866701059043407,4930928640.0,
9420,2.5659098625183105,0.0012479943045379,0.0876450166106224,1116.3650329690429,469638.50041560625,0.2102700527757406,4937220096.0,
9432,2.440940618515014,0.0012474725336302,0.0759075805544853,477.9758909717202,1096892.144359264,0.1635400112718343,4943511552.0,
9444,2.494067907333374,0.0012469506909441,0.0755319148302078,478.4415010362863,1095824.6700263498,0.1942601520568132,4949803008.0,
9456,2.5308964252471924,0.0012464287766312,0.0728598907589912,477.89322095923126,1097081.894042449,0.1848100218921899,4956094464.0,
9468,2.4059982299804688,0.0012459067908427,0.0720115676522255,482.66156087629497,1086243.5348034145,0.1607099547982216,4962385920.0,
9480,2.5518064498901367,0.00124538473373,0.0780665203928947,480.25573207996786,1091685.043985483,0.1913299784064293,4968677376.0,
9492,2.51353120803833,0.0012448626054446,0.0933821722865104,477.940201992169,1096974.0520145455,0.1752697862684726,4974968832.0,
9504,2.504533290863037,0.0012443404061378,0.0728679373860359,480.629940982908,1090835.0797451558,0.1903099473565817,4981260288.0,
9516,2.517465829849243,0.0012438181359613,0.0685004517436027,477.8116620145738,1097269.1578716815,0.1719600986689329,4987551744.0,
9528,2.511814832687378,0.0012432957950664,0.0734847486019134,479.7008309978992,1092947.866922282,0.1665898598730564,4993843200.0,
9540,2.511559247970581,0.0012427733836046,0.0755753070116043,478.3100909553468,1096125.7349867315,0.1702802255749702,5000134656.0,
9552,2.5776541233062744,0.0012422509017275,0.0726256221532821,477.14809118770063,1098795.1323350377,0.1735298428684473,5006426112.0,
9564,2.4466288089752197,0.0012417283495866,0.0745256468653678,477.1456010639667,1098800.8667184869,0.1951700542122125,5012717568.0,
9576,2.537079334259033,0.0012412057273335,0.0698625445365905,477.43530198931694,1098134.1300391136,0.166991027072072,5019009024.0,
9588,2.465322971343994,0.0012406830351198,0.0817459523677825,478.9031317923218,1094768.3679532912,0.1716301776468753,5025300480.0,
9600,2.518895149230957,0.001240160273097,0.0718510448932647,479.3467009440064,1093755.3110671,0.1992599572986364,5031591936.0,
9612,2.4843311309814453,0.0012396374414168,0.0712908208370208,492.38763097673655,1064787.1047450637,0.1580000389367342,5037883392.0,
9624,2.5055065155029297,0.0012391145402309,0.0675096660852432,479.4312708545476,1093562.3766582827,0.1924498938024044,5044174848.0,
9636,2.515810966491699,0.0012385915696908,0.0727474763989448,477.4535610340536,1098092.1345827098,0.1775401178747415,5050466304.0,
9648,2.525987148284912,0.0012380685299484,0.0727602019906044,478.26560214161873,1096227.697857212,0.1956098712980747,5056757760.0,
9660,2.523848295211792,0.0012375454211552,0.0708360522985458,477.90108202025294,1097063.847990579,0.2031100448220968,5063049216.0,
9672,2.4588050842285156,0.0012370222434631,0.0793607756495475,478.77359110862017,1095064.5769454187,0.1872489228844642,5069340672.0,
9684,2.5384387969970703,0.0012364989970237,0.0661804005503654,478.76526112668216,1095083.6298485585,0.192129984498024,5075632128.0,
9696,2.523059606552124,0.0012359756819888,0.0635041296482086,478.4798510372638,1095736.8400433827,0.18514902330935,5081923584.0,
9708,2.461456775665283,0.0012354522985103,0.0655582249164581,477.4288109038025,1098149.060186565,0.1696201507002115,5088215040.0,
9720,2.4869630336761475,0.0012349288467398,0.0754136368632316,478.26351085677743,1096232.4912907798,0.1707400660961866,5094506496.0,
9732,2.5609865188598633,0.0012344053268293,0.0713895708322525,479.07410212792456,1094377.670742891,0.183850061148405,5100797952.0,
9744,2.5556161403656006,0.0012338817389307,0.071956068277359,477.1330619696528,1098829.7432914982,0.1785100903362035,5107089408.0,
9756,2.5038228034973145,0.0012333580831956,0.0791457369923591,477.48236218467355,1098025.899011582,0.1530500594526529,5113380864.0,
9768,2.515295028686523,0.0012328343597761,0.0667835101485252,478.7492919713259,1095120.1574443302,0.1749699003994465,5119672320.0,
9780,2.579103708267212,0.001232310568824,0.0698226392269134,479.1372509207577,1094233.4351847535,0.1735100522637367,5125963776.0,
9792,2.459625482559204,0.0012317867104913,0.0587751045823097,478.9639918599278,1094629.260049526,0.1740290317684412,5132255232.0,
9804,2.4798316955566406,0.0012312627849299,0.076680488884449,478.5885619930923,1095487.9444184613,0.2095701638609171,5138546688.0,
9816,2.5004758834838867,0.0012307387922918,0.0908315703272819,477.8473810292781,1097187.1371790075,0.2248100936412811,5144838144.0,
9828,2.4809556007385254,0.0012302147327289,0.0665262565016746,479.0591311175376,1094411.87098752,0.1765999477356672,5151129600.0,
9840,2.502178192138672,0.0012296906063932,0.069400779902935,478.1269908417016,1096545.499506388,0.1782698091119527,5157421056.0,
9852,2.5098962783813477,0.0012291664134369,0.0728058069944381,478.2921609003097,1096166.826178189,0.175759894773364,5163712512.0,
9864,2.5070176124572754,0.0012286421540118,0.0797835364937782,478.70684089139104,1095217.271229576,0.1883101649582386,5170003968.0,
9876,2.4600064754486084,0.0012281178282701,0.0713272914290428,478.61395101062953,1095429.8321077484,0.2049999311566352,5176295424.0,
9888,2.5232763290405273,0.0012275934363639,0.0790702775120735,479.4700909405947,1093473.8368591133,0.1970701850950718,5182586880.0,
9900,2.4603185653686523,0.0012270689784452,0.068892665207386,478.4653710667044,1095770.0007236414,0.161800067871809,5188878336.0,
9912,2.492994785308838,0.0012265444546662,0.078100249171257,480.25143006816506,1091694.8231171004,0.1680999994277954,5195169792.0,
9924,2.556692123413086,0.0012260198651789,0.0824926942586898,479.35957089066505,1093725.9456942864,0.2041100524365902,5201461248.0,
9936,2.461503505706787,0.0012254952101357,0.0626121163368225,479.5908008236438,1093198.6166114816,0.1587099395692348,5207752704.0,
9948,2.5840840339660645,0.0012249704896885,0.0871471464633941,481.90258094109595,1087954.3308859866,0.1739200670272112,5214044160.0,
9960,2.47855281829834,0.0012244457039897,0.0734665021300315,480.01399100758135,1092234.830279602,0.1861299388110637,5220335616.0,
9972,2.475599765777588,0.0012239208531914,0.0653594806790351,478.6710408516228,1095299.183061541,0.1853501889854669,5226627072.0,
9984,2.421830415725708,0.0012233959374458,0.0851570889353752,478.6958419717848,1095242.435865784,0.2521509304642677,5232918528.0,
9996,2.4943556785583496,0.0012228709569053,0.0773948580026626,479.168581077829,1094161.8893723805,0.2167311031371355,5239209984.0,
10008,2.44602632522583,0.0012224771790698,0.0797052830457687,497.69865022972226,1053424.5969081991,0.205768970772624,5243928576.0,
10020,2.460607528686523,0.0012219520855044,0.0685552060604095,477.30794199742377,1098427.144970552,0.1560600940138101,5250220032.0,
10032,2.403519630432129,0.0012214269275629,0.0861377865076065,477.28657186962664,1098476.3261749842,0.1818900927901268,5256511488.0,
10044,2.542340040206909,0.0012209017053974,0.0960965603590011,479.4579220470041,1093501.5897987413,0.1766399946063757,5262802944.0,
10056,2.518310308456421,0.0012203764191605,0.0749447718262672,478.8283908274025,1094939.2518142974,0.1850600820034742,5269094400.0,
10068,2.507479429244995,0.0012198510690043,0.0795085579156875,478.9200909435749,1094729.600854791,0.2097000833600759,5275385856.0,
10080,2.471020221710205,0.0012193256550813,0.0653304457664489,477.49128099530935,1098005.3895584124,0.1969400327652692,5281677312.0,
10092,2.506230115890503,0.0012188001775439,0.0812722444534301,479.327879846096,1093798.2580281787,0.180570175871253,5287968768.0,
10104,2.513632297515869,0.0012182746365444,0.0759149640798568,478.6928319372237,1095249.3227823302,0.1723698806017637,5294260224.0,
10116,2.5426111221313477,0.0012177490322354,0.0693790912628173,478.8494720123708,1094891.0474865374,0.1937600318342447,5300551680.0,
10128,2.5121469497680664,0.0012172233647693,0.0667143613100051,478.44708198681474,1095811.887540049,0.176209956407547,5306843136.0,
10140,2.556420087814331,0.0012166976342985,0.0763484835624694,478.62243209965527,1095410.4213210728,0.1981200184673071,5313134592.0,
10152,2.554612636566162,0.0012161718409755,0.0749510377645492,479.3628309853375,1093718.50738264,0.1863089855760336,5319426048.0,
10164,2.510376453399658,0.0012156459849529,0.0692982971668243,477.0987709052861,1098908.7207354847,0.181450042873621,5325717504.0,
10176,2.4308786392211914,0.0012151200663831,0.0792512521147728,477.4674719665199,1098060.1418577118,0.1471098512411117,5332008960.0,
10188,2.4700422286987305,0.0012145940854187,0.0689648017287254,477.14763204567134,1098796.1896661294,0.1808898523449897,5338300416.0,
10200,2.473992109298706,0.0012140680422122,0.0693646222352981,477.5729610119015,1097817.5960571903,0.1762199681252241,5344591872.0,
10212,2.544358015060425,0.0012135419369163,0.0633978992700576,478.76847186125815,1095076.2859588068,0.1840000040829181,5350883328.0,
10224,2.4726791381835938,0.0012130157696835,0.0716457441449165,496.9111711252481,1055094.009685388,0.1926599070429802,5357174784.0,
10236,2.5749824047088623,0.0012124895406664,0.0638660639524459,494.1702499054372,1060946.101268391,0.1938901841640472,5363466240.0,
10248,2.494533061981201,0.0012119632500177,0.087463729083538,479.8608107957989,1092583.4913055794,0.1982301473617553,5369757696.0,
10260,2.51619815826416,0.00121143689789,0.0653376877307891,478.0818819999695,1096648.962739888,0.2061189152300357,5376049152.0,
10272,2.5084266662597656,0.001210910484436,0.0736365467309951,479.52265082858503,1093353.9825367234,0.1966999843716621,5382340608.0,
10284,2.467400550842285,0.0012103840098083,0.0739133805036544,479.6567219309509,1093048.3740316976,0.2126900944858789,5388632064.0,
10296,2.5064823627471924,0.0012098574741597,0.0680939778685569,480.1769608166069,1091864.1308995257,0.2242201007902622,5394923520.0,
10308,2.4862961769104004,0.0012093308776429,0.0737447366118431,478.06272213347256,1096692.9143946546,0.1766998320817947,5401214976.0,
10320,2.518409252166748,0.0012088042204106,0.0703880190849304,480.6797318160534,1090722.0864486848,0.2080400008708238,5407506432.0,
10332,2.5482115745544434,0.0012082775026155,0.0827072486281395,479.3167510069906,1093823.6539793983,0.2227399963885545,5413797888.0,
10344,2.5033085346221924,0.0012077507244106,0.071191668510437,480.22914095781744,1091745.4924836657,0.1966801937669515,5420089344.0,
10356,2.571232557296753,0.0012072238859484,0.0703525692224502,479.57130102440715,1093243.0670477443,0.2020401880145073,5426380800.0,
10368,2.560311794281006,0.0012066969873819,0.0830694064497947,479.6072810422629,1093161.052227228,0.1975300256162881,5432672256.0,
10380,2.536115884780884,0.0012061700288639,0.0862076953053474,478.8502319715917,1094889.3098397912,0.2020900137722492,5438963712.0,
10392,2.4903736114501953,0.0012056430105471,0.0661349445581436,477.5441710371524,1097883.7808057151,0.198060180991888,5445255168.0,
10404,2.507699489593506,0.0012051159325846,0.0690397173166275,479.053711052984,1094424.253279635,0.1909798011183738,5451546624.0,
10416,2.459268093109131,0.0012045887951291,0.0695275366306305,478.53736113756895,1095605.155580065,0.1807301305234432,5457838080.0,
10428,2.499185562133789,0.0012040615983335,0.0773652195930481,479.51662191189826,1093367.7291719152,0.2149988431483507,5464129536.0,
10440,2.4979605674743652,0.0012035343423507,0.0832929909229278,478.79292187280953,1095020.364856764,0.1852000132203102,5470420992.0,
10452,2.515577793121338,0.0012030070273338,0.0757445320487022,478.8536820560694,1094881.4212910463,0.1759000588208437,5476712448.0,
10464,2.460239887237549,0.0012024796534356,0.0768679976463317,478.4798219334334,1095736.9066922525,0.1881599891930818,5483003904.0,
10476,2.551664352416992,0.001201952220809,0.0898349955677986,478.40203205123544,1095915.0774339736,0.2082700375467538,5489295360.0,
10488,2.5060436725616455,0.0012014247296071,0.0844563543796539,478.2449919730425,1096274.9402497725,0.1706201583147049,5495586816.0,
10500,2.438950300216675,0.0012008971799829,0.0711222365498542,478.56165189296007,1095549.5450297124,0.1970690209418535,5501878272.0,
10512,2.540306568145752,0.0012003695720894,0.0717280358076095,479.8230710439384,1092669.4267937564,0.2539199776947498,5508169728.0,
10524,2.507723569869995,0.0011998419060796,0.0680757090449333,478.38398115709424,1095956.4296694784,0.1596601214259863,5514461184.0,
10536,2.6230673789978027,0.0011993141821065,0.0856369957327842,479.04328210279346,1094448.0793021494,0.1995100174099207,5520752640.0,
10548,2.4994661808013916,0.0011987864003232,0.0648091584444046,478.8118409924209,1094977.0977119568,0.2363999374210834,5527044096.0,
10560,2.48732328414917,0.0011982585608828,0.0777749717235565,479.83425203710794,1092643.9656489012,0.1868200488388538,5533335552.0,
10572,2.488283157348633,0.0011977306639385,0.0766040608286857,481.561099877581,1088725.8130552503,0.234059989452362,5539627008.0,
10584,2.5303564071655273,0.0011972027096432,0.0811936110258102,479.07164110802114,1094383.292626965,0.2164398320019245,5545918464.0,
10596,2.458298683166504,0.0011966746981502,0.0626233965158462,480.4486508946866,1091246.6899921068,0.1880109775811433,5552209920.0,
10608,2.4530510902404785,0.0011961466296125,0.0644540190696716,483.5841709282249,1084171.1361098634,0.1889399718493223,5558501376.0,
10620,2.4930741786956787,0.0011956185041834,0.0674769282341003,479.7918610274792,1092740.5039285824,0.3098901361227035,5564792832.0,
10632,2.476619005203247,0.0011950903220161,0.0782290920615196,479.27725105546415,1093913.8021790376,0.2108800690621137,5571084288.0,
10644,2.4897258281707764,0.0011945620832636,0.0752583965659141,501.5263189561665,1045384.818669552,0.235710060223937,5577375744.0,
10656,2.4621243476867676,0.0011940337880794,0.1027701124548912,485.2525810711086,1080443.506024693,0.1793289557099342,5583667200.0,
10668,2.464792013168335,0.0011935054366164,0.072100706398487,478.4947410225868,1095702.742478525,0.2266999799758196,5589958656.0,
10680,2.4942469596862793,0.0011929770290281,0.0665667727589607,479.63748103939,1093092.2222005064,0.2155699767172336,5596250112.0,
10692,2.5214762687683105,0.0011924485654677,0.0868224427103996,480.0306709948927,1092196.877573221,0.2174701076000929,5602541568.0,
10704,2.500248432159424,0.0011919200460885,0.0873915180563926,492.5247710198164,1064490.6222978695,0.1941199880093336,5608833024.0,
10716,2.482619285583496,0.0011913914710436,0.0747966393828392,479.097920935601,1094323.2627187152,0.2251600380986929,5615124480.0,
10728,2.5419583320617676,0.0011908628404866,0.0685537010431289,479.9085829872638,1092474.730784121,0.1857699826359748,5621415936.0,
10740,2.5163183212280273,0.0011903341545706,0.072143979370594,479.4026119634509,1093627.7502801155,0.1975109335035085,5627707392.0,
10752,2.452202320098877,0.0011898054134491,0.0739869028329849,480.3015820216387,1091580.830929638,0.1966489944607019,5633998848.0,
10764,2.4935462474823,0.0011892766172754,0.0816847309470176,479.01428188197315,1094514.3387795317,0.1764700282365083,5640290304.0,
10776,2.503507137298584,0.0011887477662028,0.0700979232788086,503.5491900052875,1041185.2712830196,0.1757198479026556,5646581760.0,
10788,2.4920313358306885,0.0011882188603848,0.0924932658672332,478.6801820155233,1095278.2665713069,0.2257199957966804,5652873216.0,
10800,2.461202621459961,0.0011876898999748,0.0689188838005065,478.7332529667765,1095156.8472649737,0.1840689219534397,5659164672.0,
10812,2.4686408042907715,0.0011871608851261,0.0805188566446304,479.5777630060911,1093228.3363466563,0.1781301107257604,5665456128.0,
10824,2.485598087310791,0.0011866318159923,0.0730270594358444,479.0684129111469,1094390.6671159302,0.1731999218463897,5671747584.0,
10836,2.558169364929199,0.0011861026927267,0.0679433047771453,479.4274219311774,1093571.1559595822,0.2154500689357519,5678039040.0,
10848,2.5479934215545654,0.0011855735154829,0.0701193213462829,479.21081189997494,1094065.4655125644,0.1718900166451931,5684330496.0,
10860,2.509059429168701,0.0011850442844144,0.0784765556454658,479.3782921042294,1093683.232293727,0.1979798544198274,5690621952.0,
10872,2.4668667316436768,0.0011845149996745,0.0716018676757812,480.2670821081847,1091659.244474097,0.1762399915605783,5696913408.0,
10884,2.5394487380981445,0.0011839856614169,0.0710468590259552,479.41978299058974,1093588.5806161882,0.2196398563683033,5703204864.0,
10896,2.4754159450531006,0.0011834562697952,0.0759652033448219,478.7435031030327,1095133.3994127654,0.2065601292997598,5709496320.0,
10908,2.4874730110168457,0.0011829268249627,0.0687355399131774,490.3642719145864,1069180.668389565,0.1664501614868641,5715787776.0,
10920,2.460972309112549,0.0011823973270731,0.0800618529319763,477.8754620347172,1097122.6640674658,0.1829701941460371,5722079232.0,
10932,2.4922499656677246,0.00118186777628,0.0793008804321289,480.8131321333349,1090419.4685236032,0.2290299162268638,5728370688.0,
10944,2.503798007965088,0.001181338172737,0.0798222795128822,477.8425120748579,1097198.316917156,0.2593598328530788,5734662144.0,
10956,2.523212432861328,0.0011808085165977,0.0818324014544487,478.8141620811075,1094971.78972578,0.1385400537401437,5740953600.0,
10968,2.503664016723633,0.0011802788080156,0.0669184476137161,480.6867719162255,1090706.1118198887,0.1895001623779535,5747245056.0,
10980,2.435060977935791,0.0011797490471445,0.0798954665660858,477.5676219724118,1097829.869275114,0.193668995052576,5753536512.0,
10992,2.4323763847351074,0.001179219234138,0.0796982124447822,478.2551520038396,1096251.651034573,0.2356600016355514,5759827968.0,
11004,2.5644760131835938,0.0011786893691498,0.0726070776581764,479.0795617736876,1094365.1990891409,0.1891199499368667,5766119424.0,
11016,2.4326915740966797,0.0011781594523335,0.0880868434906005,479.1245919186622,1094262.346043396,0.1908200792968273,5772410880.0,
11028,2.54818344116211,0.0011776294838429,0.0725662857294082,477.5670918170362,1097831.0879947802,0.1927800476551056,5778702336.0,
11040,2.5594942569732666,0.0011770994638316,0.084889069199562,1059.1402978170663,495012.7958312795,0.1999000087380409,5784993792.0,
11052,2.4936115741729736,0.0011765693924534,0.0722339525818824,478.358332067728,1096015.1937434406,0.1870100386440754,5791285248.0,
11064,2.5652103424072266,0.0011760392698621,0.0811639577150344,478.359451983124,1096012.627797927,0.1692199148237705,5797576704.0,
11076,2.52522611618042,0.0011755090962113,0.0686929747462272,479.8219818621874,1092671.9071211373,0.178379938006401,5803868160.0,
11088,2.5412564277648926,0.001174978871655,0.0732664316892623,477.28455206379294,1098480.9747832036,0.1470798160880804,5810159616.0,
11100,2.54111909866333,0.0011744485963468,0.0948740541934967,478.4275218844414,1095856.6888771832,0.1623199786990881,5816451072.0,
11112,2.473824977874756,0.0011739182704405,0.0810565128922462,477.7840420138091,1097332.589406255,0.155959976837039,5822742528.0,
11124,2.5765931606292725,0.0011733878940901,0.0679712891578674,479.89712189882994,1092500.821687629,0.2022089902311563,5829033984.0,
11136,2.459264755249023,0.0011728574674493,0.0726289302110672,478.88737195171416,1094804.3959966092,0.1756499987095594,5835325440.0,
11148,2.523484706878662,0.0011723269906719,0.0684216246008873,478.8348018191755,1094924.5919639508,0.1817101147025823,5841616896.0,
11160,2.5363926887512207,0.0011717964639119,0.1126210987567901,479.8144120723009,1092689.1456545028,0.210900092497468,5847908352.0,
11172,2.5636820793151855,0.0011712658873231,0.0721687749028205,477.2029819432646,1098668.742313797,0.1802199985831976,5854199808.0,
11184,2.4806618690490723,0.0011707352610594,0.0760392993688583,478.3176218625158,1096108.4769540387,0.1949500292539596,5860491264.0,
11196,2.480405807495117,0.0011702045852746,0.0895052254199981,476.580771850422,1100103.1324959777,0.1673100050538778,5866782720.0,
11208,2.4054388999938965,0.0011696738601228,0.0834281146526336,478.9007829967886,1094773.7373056577,0.1831299159675836,5873074176.0,
11220,2.4742815494537354,0.0011691430857579,0.0780344381928443,478.401361964643,1095916.6124588675,0.1757200807332992,5879365632.0,
11232,2.456043243408203,0.0011686122623338,0.0802508294582367,479.4077321421355,1093616.070098257,0.1546498388051986,5885657088.0,
11244,2.4580302238464355,0.0011680813900044,0.073183499276638,477.8263021726161,1097235.5385547602,0.1775489654392004,5891948544.0,
11256,2.462796211242676,0.0011675504689238,0.0716499537229538,506.9859609939158,1034127.2546722292,0.208989018574357,5898240000.0,
11268,2.5028629302978516,0.001167019499246,0.0753258243203163,478.69595303200185,1095242.1817632334,0.21955999545753,5904531456.0,
11280,2.4492547512054443,0.0011664884811248,0.0747218653559684,476.9646520726383,1099217.7255100966,0.1746700145304203,5910822912.0,
11292,2.4871127605438232,0.0011659574147145,0.0735372975468635,487.34494112432,1075804.744767538,0.1863201614469289,5917114368.0,
11304,2.5327281951904297,0.0011654263001689,0.0704029947519302,478.05851185694337,1096702.5730040565,0.180570175871253,5923405824.0,
11316,2.52758264541626,0.0011648951376422,0.0765580311417579,477.8857920318842,1097098.948622896,0.1845101360231638,5929697280.0,
11328,2.5046472549438477,0.0011643639272884,0.0730538442730903,515.3629600536078,1017317.9693501136,0.2475499641150236,5935988736.0,
11340,2.411513328552246,0.0011638326692615,0.0689750015735626,495.9077411331237,1057228.9087523194,0.2393198665231466,5942280192.0,
11352,2.4951210021972656,0.0011633013637158,0.0884047970175743,483.8815520051867,1083504.8325925437,0.1711498480290174,5948571648.0,
11364,2.510204315185547,0.0011627700108052,0.0828422755002975,480.0481419079006,1092157.1280669323,0.1850200351327657,5954863104.0,
11376,2.5520358085632324,0.0011622386106839,0.0873101353645324,483.009171904996,1085461.7893324874,0.2579500433057546,5961154560.0,
11388,2.4886953830718994,0.001161707163506,0.0694393590092659,480.3189719095826,1091541.3103829976,0.1846197992563247,5967446016.0,
11400,2.4904942512512207,0.0011611756694257,0.0692848041653633,478.9718119427562,1094611.3882431556,0.2004099078476429,5973737472.0,
11412,2.5203144550323486,0.0011606441285971,0.0764627307653427,493.17463114857674,1063087.934549597,0.2265002112835645,5980028928.0,
11424,2.5112862586975098,0.0011601125411744,0.0621004775166511,478.83309214375913,1094928.5013964616,0.2230699174106121,5986320384.0,
11436,2.5447702407836914,0.0011595809073117,0.0771255418658256,478.3116129692644,1096122.2470542232,0.1787601504474878,5992611840.0,
11448,2.522123336791992,0.0011590492271634,0.0736063122749328,478.78813301213086,1095031.317300248,0.2382800448685884,5998903296.0,
11460,2.4617841243743896,0.0011585175008835,0.0746213495731353,480.6797921191901,1090721.9496133858,0.1811999827623367,6005194752.0,
11472,2.55349063873291,0.0011579857286263,0.0664724335074424,503.9643810596317,1040327.490799322,0.1992199104279279,6011486208.0,
11484,2.4521684646606445,0.0011574539105461,0.0753813162446022,479.4795219786465,1093452.32896797,0.2296499442309141,6017777664.0,
11496,2.546924352645874,0.0011569220467971,0.0813171118497848,479.2420419398695,1093994.170206341,0.168240163475275,6024069120.0,
11508,2.4808149337768555,0.0011563901375336,0.073417380452156,477.3077620193362,1098427.5591536695,0.1859201584011316,6030360576.0,
11520,2.464683532714844,0.0011558581829098,0.0662246793508529,477.2937819361686,1098459.7324381573,0.1760600134730339,6036652032.0,
11532,2.5107624530792236,0.00115532618308,0.0696579813957214,478.6173121538013,1095422.1393302267,0.1602501142770052,6042943488.0,
11544,2.4685795307159424,0.0011547941381986,0.0713337957859039,477.1610819734633,1098765.217464147,0.205119838938117,6049234944.0,
11556,2.4495015144348145,0.0011542620484198,0.0675624161958694,493.4364520013333,1062523.8526127036,0.1790102105587721,6055526400.0,
11568,2.4567503929138184,0.001153729913898,0.073702298104763,478.49041200242937,1095712.6555700726,0.17404998652637,6061817856.0,
11580,2.530919075012207,0.0011531977347875,0.06895063072443,478.8413620553911,1094909.5912465302,0.1783999614417553,6068109312.0,
11592,2.4637746810913086,0.0011526655112428,0.0673726424574852,483.39243209920824,1084601.1753291136,0.175299821421504,6074400768.0,
11604,2.498997688293457,0.001152133243418,0.0741816386580467,478.2163221389055,1096340.6636875777,0.1662301365286111,6080692224.0,
11616,2.5710511207580566,0.0011516009314678,0.0903479531407356,480.2025919780135,1091805.851860135,0.2006099093705415,6086983680.0,
11628,2.5758771896362305,0.0011510685755463,0.0679603070020675,479.3503221590072,1093747.0483770454,0.2507399767637253,6093275136.0,
11640,2.5040647983551025,0.0011505361758081,0.0736979767680168,478.6773619707674,1095284.719213477,0.1884310040622949,6099566592.0,
11652,2.5158214569091797,0.0011500037324075,0.0767368301749229,479.3985518626869,1093637.0123833222,0.235940096899867,6105858048.0,
11664,2.542724132537842,0.0011494712454991,0.0680816322565078,478.0275830999017,1096773.5305149336,0.1977309584617614,6112149504.0,
11676,2.5625200271606445,0.0011489387152371,0.077026143670082,478.7102728150785,1095209.419503157,0.1639600377529859,6118440960.0,
11688,2.494410514831543,0.0011484061417762,0.0668542757630348,479.42612203769386,1093574.1210170833,0.1984701957553625,6124732416.0,
11700,2.54013991355896,0.0011478735252707,0.0665941461920738,479.2852629907429,1093895.515853001,0.2040900290012359,6131023872.0,
11712,2.4729537963867188,0.0011473408658752,0.077042669057846,488.3006720338017,1073699.1161947595,0.2115399111062288,6137315328.0,
11724,2.5179200172424316,0.0011468081637441,0.0695569068193435,479.7431321348995,1092851.4967309108,0.1907299738377332,6143606784.0,
11736,2.502173900604248,0.001146275419032,0.07428690046072,479.22075213864446,1094042.7718545815,0.1954000908881425,6149898240.0,
11748,2.539971351623535,0.0011457426318933,0.0665377527475357,478.51346200332046,1095659.8750744483,0.1896598841995,6156189696.0,
11760,2.572077751159668,0.0011452098024827,0.069472849369049,506.2891209963709,1035550.5940325313,0.1919111236929893,6162481152.0,
11772,2.51511287689209,0.0011446769309545,0.0668380334973335,480.8500220533461,1090335.8135685702,0.1956599298864603,6168772608.0,
11784,2.5075278282165527,0.0011441440174635,0.0801893770694732,477.5441931560635,1097883.72995389,0.1647700555622577,6175064064.0,
11796,2.497743844985962,0.0011436110621642,0.0779745578765869,477.9274519532919,1097003.3168365457,0.2115399111062288,6181355520.0,
11808,2.45060396194458,0.0011430780652111,0.0802550688385963,479.978553019464,1092315.4726430853,0.1838200259953737,6187646976.0,
11820,2.4929192066192627,0.0011425450267589,0.0696312934160232,477.74948203004897,1097411.969495393,0.166220124810934,6193938432.0,
11832,2.5160655975341797,0.0011420119469622,0.0766557827591896,480.19864107482135,1091814.834849374,0.1854500733315944,6200229888.0,
11844,2.502662181854248,0.0011414788259755,0.0671884268522262,478.1134319491685,1096576.5966092765,0.2056099474430084,6206521344.0,
11856,2.463970422744751,0.0011409456639535,0.0915654003620147,477.0199730992317,1099090.2468793176,0.1766500063240528,6212812800.0,
11868,2.474121570587158,0.0011404124610508,0.0693541094660759,478.7373731378466,1095147.4219854518,0.1872801221907138,6219104256.0,
11880,2.4636776447296143,0.0011398792174222,0.0725171864032745,477.907151915133,1097049.9141914982,0.1741088926792144,6225395712.0,
11892,2.47525954246521,0.0011393459332222,0.0710852369666099,479.3377520982176,1093775.730588756,0.193590996786952,6231687168.0,
11904,2.4485528469085693,0.0011388126086055,0.0737262889742851,481.03365185670555,1089919.5887363397,0.2251300029456615,6237978624.0,
11916,2.4959239959716797,0.0011382792437269,0.0684500709176063,1103.4417559858412,475138.8074231327,0.1963111571967601,6244270080.0,
11928,2.4593443870544434,0.001137745838741,0.0650942251086235,479.6833419241011,1092987.7153894508,0.1983600668609142,6250561536.0,
11940,2.528301954269409,0.0011372123938025,0.0773747339844703,479.41077197901905,1093609.135722434,0.2079801633954048,6256852992.0,
11952,2.544699192047119,0.0011366789090662,0.0650849044322967,478.4085319843143,1095900.187702317,0.1961500383913517,6263144448.0,
11964,2.561397075653076,0.0011361453846868,0.0707610324025154,477.539103012532,1097895.4324212507,0.1692799851298332,6269435904.0,
11976,2.472381353378296,0.0011356118208191,0.0667487159371376,477.5985018350184,1097758.8874035247,0.1747298520058393,6275727360.0,
11988,2.472127676010132,0.0011350782176177,0.0760172605514526,478.8397219963372,1094913.3413873515,0.2258101012557745,6282018816.0,
12000,2.5159850120544434,0.0011345445752375,0.0650827139616012,478.3214018680155,1096099.814794965,0.1789601519703865,6288310272.0,
12012,2.480937957763672,0.0011340108938333,0.0906409844756126,477.5318619795144,1097912.0803095049,0.2162090968340635,6294601728.0,
12024,2.4972214698791504,0.0011334771735598,0.0672732889652252,477.52035316079855,1097938.5413200452,0.1792700495570898,6300893184.0,
12036,2.4847333431243896,0.0011329434145718,0.0753636583685875,478.0037719756365,1096828.164834487,0.1762108877301216,6307184640.0,
12048,2.5036303997039795,0.0011324096170242,0.071064792573452,479.2794820386917,1093908.710153536,0.2023300621658563,6313476096.0,
12060,2.5189268589019775,0.0011318757810718,0.073937103152275,478.3826221246272,1095959.5431612765,0.2195700071752071,6319767552.0,
12072,2.475213050842285,0.0011313419068694,0.0808708295226097,477.96028200536966,1096927.9660649917,0.1816300209611654,6326059008.0,
12084,2.4917378425598145,0.0011308079945719,0.0719666257500648,477.81966300681233,1097250.7843247238,0.1844000071287155,6332350464.0,
12096,2.5422489643096924,0.0011302740443341,0.07668287307024,479.36564311385155,1093712.0912427993,0.2194801345467567,6338641920.0,
12108,2.494638442993164,0.0011297400563109,0.0590236969292163,477.6828330941498,1097565.0864486152,0.1743689645081758,6344933376.0,
12120,2.5454893112182617,0.0011292060306572,0.0746836736798286,478.0778419226408,1096658.2301566626,0.2011600881814956,6351224832.0,
12132,2.445786476135254,0.0011286719675278,0.0674796402454376,479.099181946367,1094320.3824102783,0.2026800066232681,6357516288.0,
12144,2.5624260902404785,0.0011281378670778,0.069147452712059,480.79181206412613,1090467.8217150513,0.1777000725269317,6363807744.0,
12156,2.571600437164306,0.0011276037294619,0.0718289464712143,478.9973720908165,1094552.9778409651,0.1776199787855148,6370099200.0,
12168,2.343108654022217,0.0011270695548351,0.0794327780604362,477.57420083507895,1097814.7460294925,0.1870489213615656,6376390656.0,
12180,2.4935004711151123,0.0011265353433524,0.0731419473886489,478.9715309161693,1094612.0304836284,0.2024199347943067,6382682112.0,
12192,2.538780450820923,0.0011260010951686,0.0707924291491508,478.89133309945464,1094795.34032644,0.1998508814722299,6388973568.0,
12204,2.505537986755371,0.0011254668104389,0.0734148621559143,483.7997329887002,1083688.0722549828,0.1972201280295848,6395265024.0,
12216,2.5380423069000244,0.001124932489318,0.0709134116768837,479.4010620098561,1093631.286092606,0.1609402243047952,6401556480.0,
12228,2.4973695278167725,0.001124398131961,0.0676702558994293,479.9331820104271,1092418.7358827156,0.1992799807339906,6407847936.0,
12240,2.555358648300171,0.0011238637385229,0.0688730627298355,480.375591898337,1091412.6546857448,0.1880400814116001,6414139392.0,
12252,2.529120445251465,0.0011233293091587,0.0786629542708396,477.5503419805318,1097869.593864459,0.1693998929113149,6420430848.0,
12264,2.510331153869629,0.0011227948440234,0.0699938684701919,478.66980195976794,1095302.0179118512,0.1909697894006967,6426722304.0,
12276,2.4901299476623535,0.0011222603432719,0.0619358792901039,482.3115530889482,1087031.8088841438,0.2507099416106939,6433013760.0,
12288,2.458678722381592,0.0011217258070594,0.0786286666989326,478.9881019387394,1094574.161399638,0.1708599738776683,6439305216.0,
12300,2.515458583831787,0.0011211912355409,0.0707063525915145,498.27821110375226,1052199.330246917,0.2023100387305021,6445596672.0,
12312,2.4926629066467285,0.0011206566288714,0.0684939846396446,477.9276119079441,1097002.9496872544,0.1860701013356447,6451888128.0,
12324,2.4905741214752197,0.001120121987206,0.0657820776104927,486.45729199051857,1077767.7889351463,0.8868100121617317,6458179584.0,
12336,2.515638828277588,0.0011195873106998,0.0701003298163414,477.6777608785778,1097576.7409303156,0.1890910789370536,6464471040.0,
12348,2.4932470321655273,0.0011190525995078,0.0740764588117599,477.6583721395582,1097621.292916055,0.1949099823832512,6470762496.0,
12360,2.4354162216186523,0.0011185178537851,0.081595703959465,495.7892610691488,1057481.5575258627,1.2500190641731024,6477053952.0,
12372,2.4958958625793457,0.0011179830736869,0.0711774006485939,478.05486200377345,1096710.9461086532,0.429549952968955,6483345408.0,
12384,2.42315673828125,0.0011174482593682,0.068676471710205,481.3734020572156,1089150.3306152418,0.1822998747229576,6489636864.0,
12396,2.463015079498291,0.0011169134109841,0.0769833251833915,481.4461818896234,1088985.684635045,0.1597001682966947,6495928320.0,
12408,2.5039548873901367,0.0011163785286899,0.0785081088542938,478.2896018587053,1096172.6911112808,0.2005689311772585,6502219776.0,
12420,2.5352306365966797,0.0011158436126405,0.0778993144631385,482.25133190862834,1087167.55208327,0.2196698915213346,6508511232.0,
12432,2.4986886978149414,0.0011153086629913,0.0777894333004951,1060.558128170669,494351.0271373165,0.1722711604088544,6514802688.0,
12444,2.4825515747070312,0.0011147736798973,0.0730508640408515,478.5307717975229,1095620.2419973903,0.1878798939287662,6521094144.0,
12456,2.517265796661377,0.0011142386635137,0.0686868727207183,477.79517201706767,1097307.0275839278,0.1670890487730503,6527385600.0,
12468,2.512153148651123,0.0011137036139957,0.0777051597833633,480.3699820768088,1091425.4003410416,0.2069598995149135,6533677056.0,
12480,2.451098918914795,0.0011131685314984,0.0796181410551071,480.54241202771664,1091033.7711664047,0.224119983613491,6539968512.0,
12492,2.518930435180664,0.0011126334161772,0.079433649778366,478.2929220236838,1096165.0818115987,0.2163909375667572,6546259968.0,
12504,2.470043182373047,0.0011120982681871,0.0681506320834159,477.9597029555589,1096929.294996965,0.1679898705333471,6552551424.0,
12516,2.4785633087158203,0.0011116076872968,0.085757091641426,480.7294032070786,1090609.3875313846,0.1890400890260934,6558318592.0,
12528,2.5111935138702393,0.0011110724771253,0.08024612814188,479.4388120062649,1093545.1758818997,0.1776688732206821,6564610048.0,
12540,2.5008678436279297,0.0011105372347378,0.0725103840231895,478.9392508100718,1094685.8064216408,0.1921500079333782,6570901504.0,
12552,2.4881839752197266,0.0011100019602895,0.0811678320169448,478.9930621627718,1094562.8265109109,0.2652709372341633,6577192960.0,
12564,2.492462158203125,0.0011094666539355,0.0644199475646019,481.4669119659811,1088938.7971837297,0.1505399122834205,6583484416.0,
12576,2.457700490951538,0.0011089313158313,0.0844187289476394,479.3011730071157,1093859.204872458,0.180860050022602,6589775872.0,
12588,2.4750776290893555,0.001108395946132,0.1004076525568962,479.3692820239812,1093703.7888334524,0.2384600229561329,6596067328.0,
12600,2.505457639694214,0.001107860544993,0.0708798095583915,479.8422921448946,1092625.6576018615,0.1796099822968244,6602358784.0,
12612,2.4420807361602783,0.0011073251125695,0.0763885080814361,479.26417202688754,1093943.654879728,0.1845299266278743,6608650240.0,
12624,2.4809730052948,0.0011067896490168,0.0707650259137153,477.82748308964074,1097232.826814282,0.1934999600052833,6614941696.0,
12636,2.5573034286499023,0.0011062541544903,0.0780149772763252,478.3745720051229,1095977.9860422544,0.1811501570045948,6621233152.0,
12648,2.4998772144317627,0.0011057186291453,0.0652985647320747,478.59353199601173,1095476.568213147,0.2000399399548769,6627524608.0,
12660,2.484410524368286,0.001105183073137,0.0709180906414985,478.6469431128353,1095354.3264902986,0.1734199468046426,6633816064.0,
12672,2.4716808795928955,0.0011046474866208,0.066228911280632,478.6661230027675,1095310.4362411054,0.1634398940950632,6640107520.0,
12684,2.5037660598754883,0.0011041118697521,0.0734505727887153,479.5520619954914,1093286.9265921938,0.2169199287891388,6646398976.0,
12696,2.499988555908203,0.0011035762226863,0.0637419670820236,478.7547520827502,1095107.667796851,0.2337309997528791,6652690432.0,
12708,2.5183773040771484,0.0011030405455786,0.0779966861009597,478.261792100966,1096236.430882017,0.2528310287743807,6658981888.0,
12720,2.4024250507354736,0.0011025048385845,0.0723614990711212,477.9897730331868,1096860.287769376,0.1833098940551281,6665273344.0,
12732,2.526707887649536,0.0011019691018593,0.0823476165533065,479.1566329076886,1094189.1732113538,0.1917099580168724,6671564800.0,
12744,2.447049617767334,0.0011014333355584,0.0716318786144256,478.7537530064583,1095109.953097177,0.1828100066632032,6677856256.0,
12756,2.475102663040161,0.0011008975398372,0.0825020000338554,477.8314018622041,1097223.8282305126,0.1728199422359466,6684147712.0,
12768,2.501382350921631,0.0011003617148512,0.0876207798719406,478.6522618960589,1095342.1549146487,0.2768710255622864,6690439168.0,
12780,2.479780912399292,0.0010998258607557,0.0742989331483841,478.5529118962586,1095569.553474279,0.1670399215072393,6696730624.0,
12792,2.6041529178619385,0.0010992899777061,0.081092968583107,478.9423129986971,1094678.8073857783,0.1740797888487577,6703022080.0,
12804,2.4925425052642822,0.0010987540658579,0.0770055875182151,478.0871830880642,1096636.8029645036,0.1939800567924976,6709313536.0,
12816,2.5091488361358643,0.0010982181253666,0.0747417733073234,478.2156720757485,1096342.153999825,0.1612899359315633,6715604992.0,
12828,2.4641332626342773,0.0010976821563875,0.0799930170178413,480.0852918997407,1092072.6146917462,0.2228601370006799,6721896448.0,
12840,2.366642475128174,0.0010971461590762,0.0658517777919769,485.35333201289177,1080219.2246741883,0.2044998109340667,6728187904.0,
12852,2.455368995666504,0.0010966101335881,0.0681650266051292,476.9325219094753,1099291.7780086154,0.181080074980855,6734479360.0,
12864,2.467268943786621,0.0010960740800786,0.0721145495772361,479.0084208361805,1094527.731025641,0.1717898994684219,6740770816.0,
12876,2.5175633430480957,0.0010955379987033,0.0636416301131248,480.4861298762262,1091161.5703351465,0.1864200457930565,6747062272.0,
12888,2.487748622894287,0.0010950018896176,0.080614797770977,478.3128912094981,1096119.3177843187,0.156280118972063,6753353728.0,
12900,2.4332780838012695,0.001094465752977,0.0656537264585495,479.3722510803491,1093697.014832263,0.2047601155936718,6759645184.0,
12912,2.460437774658203,0.001093929588937,0.0624269172549247,477.3791318293661,1098263.3404834317,0.1785710919648409,6765936640.0,
12924,2.5444889068603516,0.0010933933976532,0.0784651488065719,478.3945910166949,1095932.1234919722,0.1716699916869402,6772228096.0,
12936,2.4850220680236816,0.0010928571792811,0.0625826492905616,480.54987099021673,1091016.836441256,0.1852998975664377,6778519552.0,
12948,2.5164527893066406,0.0010923209339762,0.0730831623077392,478.5756610799581,1095517.4753703251,0.199310015887022,6784811008.0,
12960,2.47383713722229,0.001091784661894,0.0682098343968391,477.9020110145211,1097061.7154069047,0.1901998184621334,6791102464.0,
12972,2.494068384170532,0.00109124836319,0.0632006227970123,478.3791401423514,1095967.5203312326,0.1723100431263446,6797393920.0,
12984,2.5169551372528076,0.0010907120380199,0.078234277665615,478.493541944772,1095705.4882477676,0.1729701180011034,6803685376.0,
12996,2.5345988273620605,0.0010901756865392,0.0641046464443206,478.08691090904176,1096637.427289341,0.1861599739640951,6809976832.0,
13008,2.4893598556518555,0.0010896393089034,0.0773266330361366,481.17993120104074,1089588.2517198091,0.2248398959636688,6816268288.0,
13020,2.486000061035156,0.0010891029052681,0.0681651532649993,478.1422109808773,1096510.594461965,0.1779599115252494,6822559744.0,
13032,2.4773287773132324,0.0010885664757889,0.072845235466957,477.9100399464369,1097043.284670816,0.215230043977499,6828851200.0,
13044,2.4670662879943848,0.0010880300206215,0.0764351189136505,484.7473711706698,1081569.5580438925,0.1982701942324638,6835142656.0,
13056,2.432168960571289,0.0010874935399213,0.0778271555900573,477.2283409256488,1098610.3612016684,0.1605600118637085,6841434112.0,
13068,2.477851390838623,0.001086957033844,0.0868440642952919,477.51312190666795,1097955.16803091,0.1979500520974397,6847725568.0,
13080,2.471626043319702,0.0010864205025452,0.0776505693793296,478.239910909906,1096286.5876302172,0.1785499043762684,6854017024.0,
13092,2.471989154815674,0.0010858839461805,0.0623324215412139,477.4440820328891,1098113.935704588,0.163740012794733,6860308480.0,
13104,2.4481000900268555,0.0010853473649056,0.0781062096357345,479.48258207179606,1093445.350474681,0.1618301030248403,6866599936.0,
13116,2.482175350189209,0.0010848107588761,0.0911140963435173,480.4511310067028,1091241.056923822,0.1793999690562486,6872891392.0,
13128,2.529146671295166,0.0010842741282475,0.0624496825039386,479.0807520039379,1094362.480243603,0.1932801678776741,6879182848.0,
13140,2.4865527153015137,0.0010837374731757,0.0721999183297157,478.4205020405352,1095872.768336292,0.1769999507814645,6885474304.0,
13152,2.577638626098633,0.0010832007938161,0.0834879875183105,477.1623320411891,1098762.338923985,0.1766500063240528,6891765760.0,
13164,2.506009578704834,0.0010826640903246,0.0691970065236091,478.2351010944694,1096297.6134544197,0.2151601947844028,6898057216.0,
13176,2.5189852714538574,0.0010821273628567,0.0732762813568115,478.3188011497259,1096105.7745164498,0.1863199286162853,6904348672.0,
13188,2.5155208110809326,0.0010815906115681,0.0667370781302452,477.8399921488017,1097204.1030771115,0.1693901140242815,6910640128.0,
13200,2.509577751159668,0.0010810538366145,0.0762848183512687,478.9372610393912,1094690.3543528614,0.1926699187606573,6916931584.0,
13212,2.497979640960694,0.0010805170381517,0.0690120831131935,498.9933099132031,1050691.4413165112,0.1739400904625654,6923223040.0,
13224,2.532860279083252,0.0010799802163352,0.0681688413023948,477.0037110429257,1099127.7171695193,0.1809599343687296,6929514496.0,
13236,2.494966983795166,0.0010794433713208,0.0821403339505195,477.71033085882664,1097501.9088606187,0.1802099868655204,6935805952.0,
13248,2.536078453063965,0.0010789065032643,0.0706677809357643,480.4864511825144,1091160.840664053,0.1687998883426189,6942097408.0,
13260,2.521585464477539,0.0010783696123212,0.0870551392436027,479.02214201167226,1094496.3792242086,0.1822500489652156,6948388864.0,
13272,2.51550030708313,0.0010778326986474,0.0676667392253875,477.1421919576824,1098808.717478707,0.1918300986289978,6954680320.0,
13284,2.508380889892578,0.0010772957623986,0.0638272240757942,477.7101310901344,1097502.3678136675,0.1660198904573917,6960971776.0,
13296,2.4343864917755127,0.0010767588037305,0.0689374655485153,481.98257107287645,1087773.773298385,0.1785089261829853,6967263232.0,
13308,2.441696882247925,0.0010762218227988,0.0781512632966041,479.2861109599471,1093893.5804960425,0.1882901415228843,6973554688.0,
13320,2.489797592163086,0.0010756848197594,0.0685160756111145,496.55796005390584,1055844.5180157495,0.174929853528738,6979846144.0,
13332,2.3862922191619873,0.0010751477947679,0.0735889300704002,478.9691520854831,1094617.4669437348,0.230700010433793,6986137600.0,
13344,2.5347049236297607,0.0010746107479801,0.0734418928623199,492.9428310133517,1063587.8382128235,0.2042099367827177,6992429056.0,
13356,2.487396717071533,0.0010740736795518,0.0796509683132171,488.38116182014346,1073522.1605314089,0.2026190049946308,6998720512.0,
13368,2.5164806842803955,0.0010735365896388,0.0793401151895523,481.5636901184917,1088719.9570029788,0.1826800871640443,7005011968.0,
13380,2.395660400390625,0.0010729994783968,0.0706264302134513,496.168680023402,1056672.90401174,0.2004711423069238,7011303424.0,
13392,2.5060722827911377,0.0010724623459816,0.0734699293971061,480.9271809644997,1090160.8824615406,0.1577690709382295,7017594880.0,
13404,2.4903385639190674,0.0010719251925491,0.0796402096748352,507.36738997511566,1033349.81782277,0.1704199239611625,7023886336.0,
13416,2.460132122039795,0.001071388018255,0.0801951736211776,479.63010193780065,1093109.039407186,0.1667498145252466,7030177792.0,
13428,2.5528433322906494,0.0010708508232551,0.0733084008097648,505.9007089585066,1036345.6518559684,0.1853900030255317,7036469248.0,
13440,2.459313154220581,0.0010703136077053,0.0693123042583465,480.6759709026665,1090730.6204956202,0.1715898979455232,7042760704.0,
13452,2.508862257003784,0.0010697763717613,0.0774780884385109,501.6590091399849,1045108.3115178356,0.2039899118244648,7049052160.0,
13464,2.52091121673584,0.0010692391155789,0.0859036371111869,489.0726711601019,1072004.2867174847,0.1863499637693166,7055343616.0,
13476,2.515671968460083,0.0010687018393141,0.0661760345101356,477.9152919072658,1097031.2289185598,0.1748998183757066,7061635072.0,
13488,2.42831039428711,0.0010681645431226,0.0695253983139991,479.4354310724884,1093552.8874601054,0.1859201584011316,7067926528.0,
13500,2.4477171897888184,0.0010676272271603,0.0652015432715416,479.5582019723952,1093272.928799119,0.1717100385576486,7074217984.0,
13512,2.484724521636963,0.0010670898915831,0.0769654512405395,479.5125110540539,1093377.1026068155,0.1562889665365219,7080509440.0,
13524,2.5735116004943848,0.0010665525365467,0.0761882066726684,478.29239116981626,1096166.2984386743,0.1991000026464462,7086800896.0,
13536,2.441865921020508,0.001066015162207,0.0670007765293121,479.97992183081806,1092312.3575673224,0.1755310222506523,7093092352.0,
13548,2.5066874027252197,0.00106547776872,0.0742303356528282,490.65936100669205,1068537.6488574713,0.1679998822510242,7099383808.0,
13560,2.4909205436706543,0.0010649403562414,0.0675723254680633,477.76742093265057,1097370.7645794193,0.192910898476839,7105675264.0,
13572,2.4629435539245605,0.0010644029249271,0.0646201074123382,479.7125009354204,1092921.278844431,0.199310015887022,7111966720.0,
13584,2.45361590385437,0.0010638654749331,0.0616126544773578,479.0691321250051,1094389.0241360734,0.1783100888133049,7118258176.0,
13596,2.488792896270752,0.0010633280064152,0.0719570741057396,479.148241924122,1094208.3349708426,0.1707000192254781,7124549632.0,
13608,2.3328328132629395,0.0010627905195293,0.0899219065904617,480.1788008771837,1091859.9468411314,0.2319600898772478,7130841088.0,
13620,2.4885754585266113,0.0010622530144312,0.0682050138711929,478.0189520679414,1096793.3336782895,0.1752600073814392,7137132544.0,
13632,2.4653055667877197,0.001061715491277,0.0805714949965477,478.5313520114869,1095618.9135699822,0.1933998428285122,7143424000.0,
13644,2.5396647453308105,0.0010611779502224,0.0855142921209335,480.38320103660226,1091395.3670083738,0.1764490734785795,7149715456.0,
13656,2.4316773414611816,0.0010606403914235,0.0670713484287262,478.99443097412586,1094559.6986039295,0.2062399871647358,7156006912.0,
13668,2.6004977226257324,0.0010601028150361,0.0807717815041542,478.0735210515559,1096668.1418514713,0.2067501191049814,7162298368.0,
13680,2.580610752105713,0.0010595652212162,0.0725570917129516,477.15516202151775,1098778.8495859485,0.1630100887268781,7168589824.0,
13692,2.5505552291870117,0.0010590276101196,0.0790399834513664,478.59692201018333,1095468.808695858,0.166391022503376,7174881280.0,
13704,2.509303092956543,0.0010584899819023,0.0802714824676513,480.5655910167843,1090981.147632121,0.1910501159727573,7181172736.0,
13716,2.470170021057129,0.0010579523367203,0.0794217064976692,477.8439218644053,1097195.0798377506,0.1890899147838354,7187464192.0,
13728,2.441001892089844,0.0010574146747294,0.0769183635711669,479.0376122109592,1094461.0331956844,0.1973290927708149,7193755648.0,
13740,2.4730324745178223,0.0010568769960857,0.0745137780904769,478.09767187573016,1096612.744301913,0.2195700071752071,7200047104.0,
13752,2.5119051933288574,0.0010563393009451,0.0786390528082847,481.2891320325434,1089341.0324597757,0.1723289024084806,7206338560.0,
13764,2.4607434272766113,0.0010558015894635,0.0825788751244545,480.1020019222051,1092034.6049399618,0.201019924134016,7212630016.0,
13776,2.442885160446167,0.0010552638617969,0.0895087197422981,478.9500311017037,1094661.1670407616,0.2292401622980833,7218921472.0,
13788,2.452150344848633,0.0010547261181012,0.0740129575133323,477.06545190885663,1098985.470237248,0.1925600226968526,7225212928.0,
13800,2.466611623764038,0.0010541883585326,0.0716113820672035,479.369891108945,1093702.3991789392,0.1571499742567539,7231504384.0,
13812,2.4601457118988037,0.0010536505832468,0.0779303759336471,478.9631918538362,1094631.0883947748,0.1860898919403553,7237795840.0,
13824,2.4657297134399414,0.0010531127923999,0.0596484914422035,479.09546201117337,1094328.879257413,0.1865599770098924,7244087296.0,
13836,2.4522924423217773,0.0010525749861479,0.0794873908162117,478.62264211289585,1095409.94066957,0.1715701073408126,7250378752.0,
13848,2.438668727874756,0.0010520371646467,0.2624596357345581,477.3594208527357,1098308.6896314586,0.1842400524765253,7256670208.0,
13860,2.442051887512207,0.0010514993280524,0.0701753199100494,477.5988110341132,1097758.1767106869,0.1640799455344677,7262961664.0,
13872,2.531876564025879,0.0010509614765209,0.0722589194774627,479.9865318927914,1092297.3149527947,0.1787601504474878,7269253120.0,
13884,2.5077996253967285,0.0010504236102083,0.0710588470101356,478.8444119039923,1094902.6175648868,0.1981600653380155,7275544576.0,
13896,2.4396538734436035,0.0010498857292706,0.0807565301656723,479.0925909765065,1094335.4371884032,0.2206710632890463,7281836032.0,
13908,2.563607931137085,0.0010493478338637,0.0673209428787231,480.075421044603,1092095.0688522945,0.2001889515668153,7288127488.0,
13920,2.4576776027679443,0.0010488099241437,0.0745305716991424,478.868001839146,1094848.6806101336,0.20295986905694,7294418944.0,
13932,2.526003837585449,0.0010482720002666,0.0827586725354194,479.6779318712652,1093000.042663433,0.1775708515197038,7300710400.0,
13944,2.446202278137207,0.0010477340623884,0.0827662646770477,479.6089609153569,1093157.2233332985,0.1848600804805755,7307001856.0,
13956,2.4943203926086426,0.0010471961106652,0.0703116953372955,478.71758113615215,1095192.6995363203,0.1973200123757124,7313293312.0,
13968,2.4632389545440674,0.001046658145253,0.0736146047711372,478.44847198575735,1095808.7039634378,0.171290012076497,7319584768.0,
13980,2.54190444946289,0.0010461201663078,0.0804769247770309,477.98305097967386,1096875.7133237664,0.1682799775153398,7325876224.0,
13992,2.431925058364868,0.0010455821739856,0.0692442879080772,479.05930201523006,1094411.480571422,0.1843399368226528,7332167680.0,
14004,2.460392713546753,0.0010450441684425,0.072782963514328,477.1143118850887,1098872.926130694,0.1776700373739004,7338459136.0,
14016,2.450237274169922,0.0010445061498346,0.0705846399068832,479.5221108943224,1093355.2136359008,0.1761498861014843,7344750592.0,
14028,2.4965806007385254,0.0010439681183178,0.0732126012444496,478.8706109393388,1094842.715387298,0.2118190750479698,7351042048.0,
14040,2.420135736465454,0.0010434300740483,0.0778842195868492,477.4970910511911,1097992.029324829,0.1699600834399461,7357333504.0,
14052,2.5770046710968018,0.0010428920171821,0.0662357956171035,482.2585398796946,1087151.3029728625,0.1798002049326896,7363624960.0,
14064,2.4626266956329346,0.0010423539478753,0.0703511163592338,482.7568919863552,1086029.0318026545,0.2098600380122661,7369916416.0,
14076,2.5933022499084473,0.0010418158662839,0.0688001587986946,479.9922220408917,1092284.36613153,0.2009100280702114,7376207872.0,
14088,2.496692180633545,0.001041277772564,0.0746463760733604,477.1965018007904,1098683.661807035,0.1759899314492941,7382499328.0,
14100,2.5070385932922363,0.0010407396668716,0.070206418633461,478.9862618781626,1094578.366285922,0.1698900014162063,7388790784.0,
14112,2.439844846725464,0.0010402015493629,0.0791760757565498,478.7616119720042,1095091.976653003,0.2341200597584247,7395082240.0,
14124,2.4964380264282227,0.0010396634201939,0.0739099830389022,479.93293101899326,1092419.3071870108,0.189509941264987,7401373696.0,
14136,2.5034050941467285,0.0010391252795207,0.0705137476325035,478.31520112231374,1096114.0243291792,0.182140152901411,7407665152.0,
14148,2.526172161102295,0.0010385871274995,0.0792118906974792,479.7281220089644,1092885.690762575,0.2028499729931354,7413956608.0,
14160,2.4566898345947266,0.0010380489642861,0.0683015212416648,492.222900968045,1065143.4522223433,0.1925998367369175,7420248064.0,
14172,2.4772117137908936,0.0010375107900369,0.0748362690210342,477.4970219004899,1097992.1883350746,0.1897600013762712,7426539520.0,
14184,2.46810531616211,0.0010369726049078,0.0624811798334121,479.8769208136946,1092546.8120263016,0.184589996933937,7432830976.0,
14196,2.434399127960205,0.001036434409055,0.0948557257652282,485.9358910471201,1078924.215435573,0.2068900503218174,7439122432.0,
14208,2.413172721862793,0.0010358962026345,0.0664359405636787,479.2935410514474,1093876.622768265,0.1921399962157011,7445413888.0,
14220,2.3092260360717773,0.0010353579858025,0.0760681256651878,480.8810718823224,1090265.4120857138,0.2217800356447696,7451705344.0,
14232,2.5448949337005615,0.0010348197587151,0.0794018357992172,478.4853921737522,1095724.1507795404,0.2023400738835334,7457996800.0,
14244,2.513141632080078,0.0010342815215284,0.0805466994643211,478.1014120671898,1096604.1654909805,0.1866701059043407,7464288256.0,
14256,2.467006206512451,0.0010337432743985,0.0695753768086433,479.3440119829029,1093761.446672041,0.1780509483069181,7470579712.0,
14268,2.523057222366333,0.0010332050174815,0.0672413185238838,503.5635398235172,1041155.6011059618,0.2330299466848373,7476871168.0,
14280,2.422689437866211,0.0010326667509335,0.0745872259140014,479.74717104807496,1092842.2961924286,0.2144000027328729,7483162624.0,
14292,2.4671661853790283,0.0010321284749106,0.0816290900111198,478.6582321394235,1095328.4928510024,0.1764900516718626,7489454080.0,
14304,2.5129971504211426,0.0010315901895691,0.0784695893526077,478.9576409384608,1094643.7747035827,0.1993700861930847,7495745536.0,
14316,2.547459602355957,0.001031051895065,0.0608532801270484,514.5112799946219,1019001.954642239,0.1833299174904823,7502036992.0,
14328,2.4572625160217285,0.0010305135915544,0.0676834434270858,479.4677719473839,1093479.12555327,0.1745498739182949,7508328448.0,
14340,2.558413028717041,0.0010299752791934,0.0760899558663368,479.85410084947944,1092598.7692339397,0.1695088576525449,7514619904.0,
14352,2.555286407470703,0.0010294369581383,0.0765204131603241,479.1218710597605,1094268.5601897852,0.2006401773542165,7520911360.0,
14364,2.5580668449401855,0.0010288986285451,0.0801576599478721,477.96734189614654,1096911.763720288,0.1843799836933612,7527202816.0,
14376,2.5288095474243164,0.00102836029057,0.0914188399910926,477.74013108573854,1097433.449453941,0.1984999980777502,7533494272.0,
14388,2.439636468887329,0.0010278219443691,0.0748134851455688,479.6057918574661,1093164.4465123827,0.172029947862029,7539785728.0,
14400,2.4583566188812256,0.0010272835900986,0.0713402405381202,478.35455113090575,1096023.85669897,0.1820800825953483,7546077184.0,
14412,2.462409257888794,0.0010267452279146,0.0706475675106048,480.13732000254095,1091954.2767415484,0.1638098619878292,7552368640.0,
14424,2.465938091278076,0.0010262068579733,0.0863629654049873,479.1362520772964,1094235.7163060573,0.1864200457930565,7558660096.0,
14436,2.5348973274230957,0.0010256684804308,0.0711409524083137,478.1551519408822,1096480.9181117462,0.1710711512714624,7564951552.0,
14448,2.520236015319824,0.0010251300954433,0.0795556530356407,478.0448810197413,1096733.84407258,0.3580090124160051,7571243008.0,
14460,2.4233529567718506,0.0010245917031669,0.0734387189149856,480.904740979895,1090211.7515658236,0.1765599008649587,7577534464.0,
14472,2.4516959190368652,0.0010240533037578,0.0777887627482414,478.4569521434605,1095789.281880468,0.1844500657171011,7583825920.0,
14484,2.451772689819336,0.0010235148973721,0.0720985755324363,477.3286010604352,1098379.6043967188,0.1607600133866071,7590117376.0,
14496,2.473708152770996,0.001022976484166,0.0857395976781845,479.32034195400774,1093815.4593286738,0.1989898737519979,7596408832.0,
14508,2.4578638076782227,0.0010224380642958,0.0760289132595062,479.9853807780892,1092299.9345315336,0.1806800719350576,7602700288.0,
14520,2.4942755699157715,0.0010218996379174,0.0900101289153099,480.19361100159585,1091826.2717124273,0.1599099487066269,7608991744.0,
14532,2.536710500717163,0.0010213612051872,0.0871517062187194,481.8640910089016,1088041.2335815963,0.1814798451960086,7615283200.0,
14544,2.4863479137420654,0.0010208227662612,0.071482166647911,478.18429209291935,1096414.0994788718,0.1630999613553285,7621574656.0,
14556,2.5519514083862305,0.0010202843212957,0.0719244554638862,477.8699011076242,1097135.4311807174,0.168010126799345,7627866112.0,
14568,2.510845899581909,0.0010197458704468,0.0706089958548545,505.02949906513095,1038133.4178904772,0.1785899512469768,7634157568.0,
14580,2.474076271057129,0.0010192074138707,0.0780039876699447,478.76653098501265,1095080.7252990964,0.206769909709692,7640449024.0,
14592,2.439579963684082,0.0010186689517236,0.0728161334991455,518.5356279835105,1011093.4942674228,0.1951500307768583,7646740480.0,
14604,2.3859219551086426,0.0010181304841617,0.1678187698125839,479.7127121128142,1092920.7977225815,0.209019985049963,7653031936.0,
14616,2.4627037048339844,0.001017592011341,0.0678779184818267,495.52958086133,1058035.7263206812,0.1872400753200054,7659323392.0,
14628,2.4262237548828125,0.0010170535334179,0.0703410133719444,479.25277100875974,1093969.678874151,0.1806200016289949,7665614848.0,
14640,2.40844988822937,0.0010165150505485,0.0769331753253936,478.78713090904057,1095033.6092045123,0.2118200063705444,7671906304.0,
14652,2.4832234382629395,0.001015976562889,0.0857085138559341,478.7903109099716,1095026.3362755966,0.2019500825554132,7678197760.0,
14664,2.46837854385376,0.0010154380705956,0.0670558139681816,478.2159321475774,1096341.557767684,0.1775699201971292,7684489216.0,
14676,2.4718589782714844,0.0010148995738244,0.0771236941218376,477.90054115466774,1097065.0895963716,0.1865800004452467,7690780672.0,
14688,2.542588233947754,0.0010143610727316,0.0716709122061729,480.70684098638594,1090660.575839087,0.1700199209153652,7697072128.0,
14700,2.5281481742858887,0.0010138225674735,0.0731562972068786,480.9876510407776,1090023.8267355256,0.213210005313158,7703363584.0,
14712,2.4207491874694824,0.0010132840582062,0.0730054527521133,480.5577308870852,1090998.9920091203,0.2035601064562797,7709655040.0,
14724,2.5116922855377197,0.0010127455450859,0.0704562291502952,478.6555611062795,1095334.6050931776,0.1894701272249221,7715946496.0,
14736,2.4801764488220215,0.0010122070282689,0.0675417780876159,485.6256409548223,1079613.5042811185,0.1957099884748459,7722237952.0,
14748,2.471201181411743,0.0010116685079112,0.0721480548381805,477.6662811636925,1097603.1189028614,0.1853799913078546,7728529408.0,
14760,2.589653730392456,0.0010111299841692,0.0698797553777694,480.29768094420433,1091589.6969756675,0.1898098271340131,7734820864.0,
14772,2.4788625240325928,0.0010105914571989,0.084153912961483,477.5564018636942,1097855.662606412,0.1885797828435897,7741112320.0,
14784,2.4872164726257324,0.0010100529271567,0.078586995601654,478.3172819297761,1096109.2559414844,0.2133299130946397,7747403776.0,
14796,2.4486377239227295,0.0010095143941986,0.0676305294036865,478.4429909195751,1095821.2576012665,0.1787100918591022,7753695232.0,
14808,2.507293224334717,0.0010089758584809,0.0778353884816169,476.98399098590016,1099173.1586553357,0.1753601245582103,7759986688.0,
14820,2.514740467071533,0.0010084373201599,0.0899600386619567,477.4277608375997,1098151.4754822566,0.1912200823426246,7766278144.0,
14832,2.406649112701416,0.0010078987793916,0.08405402302742,480.2343510091305,1091733.6481621906,0.166269950568676,7772569600.0,
14844,2.5180912017822266,0.0010073602363323,0.062685415148735,479.83018099330366,1092653.2360150076,0.1968198921531438,7778861056.0,
14856,2.4540958404541016,0.0010068216911382,0.06484005600214,494.29065990261734,1060687.6530972538,0.1788400113582611,7785152512.0,
14868,2.5462465286254883,0.0010062831439655,0.0729237645864486,480.8994121849537,1090223.8320856153,0.1790309324860572,7791443968.0,
14880,2.4522693157196045,0.0010057445949704,0.0774517729878425,478.9284719154238,1094710.44371859,0.1914501190185547,7797735424.0,
14892,2.4739174842834473,0.0010052060443091,0.0758033022284507,476.9656311254949,1099215.4691792754,0.2152700908482074,7804026880.0,
14904,2.465740442276001,0.0010046674921379,0.0771275982260704,477.7811919339001,1097339.135259502,0.169629929587245,7810318336.0,
14916,2.4540042877197266,0.0010041289386128,0.0670326873660087,477.126871002838,1098844.0011731838,0.168240163475275,7816609792.0,
14928,2.5237350463867188,0.0010035903838902,0.0850258991122245,478.28308097086847,1096187.6362754584,0.2080099657177925,7822901248.0,
14940,2.4837660789489746,0.0010030518281261,0.0939647629857063,476.9532720092684,1099243.952748922,0.1707400660961866,7829192704.0,
14952,2.517616033554077,0.001002513271477,0.0841597914695739,480.8742210734635,1090280.944629602,0.179119873791933,7835484160.0,
14964,2.4989542961120605,0.0010019747140988,0.0626067519187927,501.9444599747658,1044513.9687892112,0.1958298962563276,7841775616.0,
14976,2.417769432067871,0.0010014361561479,0.0705562606453895,476.582390954718,1100099.3950903544,0.169919803738594,7848067072.0,
14988,2.492833375930786,0.0010008975977804,0.0643044114112854,477.4494520388544,1098101.5849136089,0.1748490612953901,7854358528.0,
15000,2.4673280715942383,0.0010003590391526,0.0769796445965766,478.26175205409527,1096236.5226745098,0.189600046724081,7860649984.0,
15012,2.438291072845459,0.00099991024021,0.0702104419469833,477.8327220119536,1097220.7968354337,0.1559399534016847,7865892864.0,
15024,2.483523368835449,0.0009993716815106,0.0854258090257644,481.1566520947963,1089640.967691965,0.1703400630503893,7872184320.0,
15036,2.4698359966278076,0.0009988331229934,0.0634489208459854,480.5936720222235,1090917.4017916657,0.1873490400612354,7878475776.0,
15048,2.4030706882476807,0.0009982945648147,0.0678856894373893,478.2502520829439,1096262.8826990596,0.1860801130533218,7884767232.0,
15060,2.4644885063171387,0.0009977560071307,0.0844367742538452,478.6115218885243,1095435.3918001046,0.1920799259096384,7891058688.0,
15072,2.4779722690582275,0.0009972174500975,0.0803991630673408,477.9123009648174,1097038.0945239505,0.1815101131796836,7897350144.0,
15084,2.4494376182556152,0.0009966788938713,0.0623431503772735,479.0656019467861,1094397.0885604038,0.1749999355524778,7903641600.0,
15096,2.4283318519592285,0.0009961403386085,0.0734804719686508,477.1437810268253,1098805.058030347,0.1708499621599912,7909933056.0,
15108,2.4916234016418457,0.0009956017844651,0.0785473138093948,479.2098719626665,1094067.611446964,0.1804800704121589,7916224512.0,
15120,2.506230354309082,0.0009950632315974,0.0718386471271514,478.5384410060942,1095602.6832404947,0.1602799165993929,7922515968.0,
15132,2.448361396789551,0.0009945246801616,0.0724808573722839,478.7452919408679,1095129.307432975,0.180030008777976,7928807424.0,
15144,2.52024507522583,0.0009939861303139,0.0705647841095924,479.6886509284377,1092975.6186335457,0.2058299724012613,7935098880.0,
15156,2.5215067863464355,0.0009934475822105,0.0765654891729354,478.92441181465983,1094719.72416995,0.1894889865070581,7941390336.0,
15168,2.470301628112793,0.0009929090360076,0.0708229020237922,478.2207920216024,1096330.416299249,0.1941691152751445,7947681792.0,
15180,2.5629072189331055,0.0009923704918613,0.0630776360630989,477.79359202831984,1097310.6562068006,0.1786500215530395,7953973248.0,
15192,2.5783729553222656,0.000991831949928,0.0733726024627685,478.9601608645171,1094638.015516085,0.2084001898765564,7960264704.0,
15204,2.4669628143310547,0.0009912934103638,0.0688500478863716,478.5113309044391,1095664.7547071413,0.1794400159269571,7966556160.0,
15216,2.487407684326172,0.0009907548733249,0.0849553421139717,479.2105909436941,1094065.9699685192,0.1915700268000364,7972847616.0,
15228,2.4966511726379395,0.0009902163389675,0.069756418466568,479.2271610349417,1094028.1407834743,0.1677710097283125,7979139072.0,
15240,2.443685293197632,0.0009896778074479,0.070994071662426,479.5878608711064,1093205.3180989649,0.1625500153750181,7985430528.0,
15252,2.450573682785034,0.0009891392789221,0.08147943764925,480.7935010176152,1090463.9910696116,0.1864898949861526,7991721984.0,
15264,2.5128393173217773,0.0009886007535464,0.0661275908350944,483.0913310870528,1085277.1852068766,0.1642899587750435,7998013440.0,
15276,2.5013461112976074,0.000988062231477,0.0886142030358314,478.1646311748773,1096459.1812485063,0.1872498542070388,8004304896.0,
15288,2.4708311557769775,0.0009875237128701,0.0683041885495185,478.9335220120847,1094698.900585144,0.1873602159321308,8010596352.0,
15300,2.3851194381713867,0.000986985197882,0.0820956528186798,479.40205107443035,1093629.0297986248,0.1906289253383875,8016887808.0,
15312,2.5182833671569824,0.0009864466866687,0.0820605754852294,478.8863519206643,1094806.727937106,0.2268401440232992,8023179264.0,
15324,2.477207660675049,0.0009859081793864,0.0919040814042091,476.65127110667527,1099940.4213959677,0.1973898615688085,8029470720.0,
15336,2.4394421577453613,0.0009853696761915,0.0774843394756317,488.942070864141,1072290.627544874,0.1904400996863842,8035762176.0,
15348,2.5683631896972656,0.00098483117724,0.0768521577119827,480.46142095699906,1091217.6860229603,0.1927600242197513,8042053632.0,
15360,2.5391530990600586,0.0009842926826881,0.0767268911004066,477.8256609570235,1097237.0109841283,0.170920044183731,8048345088.0,
15372,2.441864013671875,0.0009837541926921,0.0747676119208335,503.7205701228231,1040831.0303312844,0.1787699293345213,8054636544.0,
15384,2.4787375926971436,0.0009832157074081,0.0721973627805709,479.4504218734801,1093518.6957419177,0.2030599862337112,8060928000.0,
15396,2.3827290534973145,0.0009826772269924,0.0705070570111274,477.259041974321,1098539.6899577428,0.2154898829758167,8067219456.0,
15408,2.488078355789185,0.000982138751601,0.0796191021800041,478.2862211577594,1096180.4392584984,0.1864300575107336,8073510912.0,
15420,2.532691240310669,0.0009816002813902,0.0727256387472152,479.2409120127558,1093996.7495639126,0.2260401379317045,8079802368.0,
15432,2.461636781692505,0.0009810618165161,0.0697175934910774,483.6036111228168,1084127.553933527,0.2000299282371997,8086093824.0,
15444,2.435919761657715,0.000980523357135,0.0785081014037132,491.8938810005784,1065855.9096802091,0.2155599649995565,8092385280.0,
15456,2.4489569664001465,0.000979984903403,0.0774170756340026,493.7662710435689,1061814.122888394,0.18127984367311,8098676736.0,
15468,2.4720590114593506,0.0009794464554763,0.06720981746912,496.72272987663746,1055494.2797367224,0.1763498876243829,8104968192.0,
15480,2.5041282176971436,0.000978908013511,0.0806254968047142,480.50018190406263,1091129.6597691614,0.1851399429142475,8111259648.0,
15492,2.4410085678100586,0.0009783695776634,0.0802987664937973,479.2412610258907,1093995.9528477988,0.2052797935903072,8117551104.0,
15504,2.5328238010406494,0.0009778311480896,0.0806920006871223,477.1033010911197,1098898.2863899083,0.2012799959629774,8123842560.0,
15516,2.5097341537475586,0.0009772927249457,0.0707595646381378,478.8017808459699,1095000.1043723414,0.2029200550168752,8130134016.0,
15528,2.451524019241333,0.000976754308388,0.0740482211112976,481.7419608589262,1088317.071374094,0.1841599587351083,8136425472.0,
15540,2.4745402336120605,0.0009762158985727,0.0758573561906814,480.4270910099149,1091295.661320606,0.169120030477643,8142716928.0,
15552,2.5221991539001465,0.0009756774956557,0.0740627646446228,479.9833910074085,1092304.46265985,0.1799799501895904,8149008384.0,
15564,2.474492311477661,0.0009751390997935,0.0759337022900581,478.31175196915865,1096121.928515371,0.1639900729060173,8155299840.0,
15576,2.4365358352661133,0.000974600711142,0.0805634334683418,478.84086100384593,1094910.7369427043,0.2176889684051275,8161591296.0,
15588,2.5109286308288574,0.0009740623298574,0.0936271399259567,477.2090909536928,1098654.6776638746,0.1834600698202848,8167882752.0,
15600,2.492218494415283,0.000973523956096,0.0638420134782791,478.8370809983462,1094919.3803180226,0.2300199121236801,8174174208.0,
15612,2.48779296875,0.0009729855900138,0.0791801139712333,479.3328507803381,1093786.9147638774,0.1673800870776176,8180465664.0,
15624,2.421771764755249,0.0009724472317671,0.0713116750121116,503.7947699893266,1040677.7347273922,0.1743498723953962,8186757120.0,
15636,2.5005438327789307,0.0009719088815119,0.0689266324043273,478.4392819274217,1095829.752707332,0.1872600987553596,8193048576.0,
15648,2.5004146099090576,0.0009713705394044,0.0731201991438865,478.4026020206511,1095913.7717594774,0.1939400099217891,8199340032.0,
15660,2.422210216522217,0.0009708322056007,0.0740527212619781,477.34024096280336,1098352.8205007445,0.1770697999745607,8205631488.0,
15672,2.463606834411621,0.000970293880257,0.0600375644862651,477.4071320425719,1098198.92668308,0.1853110734373331,8211922944.0,
15684,2.4551360607147217,0.0009697555635295,0.0842009931802749,479.76708109490573,1092796.9438909614,0.1798798330128193,8218214400.0,
15696,2.399503707885742,0.0009692172555742,0.0859442502260208,477.53170086070895,1097912.4507441432,0.1954399049282074,8224505856.0,
15708,2.4396402835845947,0.0009686789565473,0.0763762071728706,477.3162719793618,1098407.975545969,0.1897600013762712,8230797312.0,
15720,2.493173360824585,0.0009681406666049,0.086996354162693,478.73362083919346,1095156.0057155632,0.188860110938549,8237088768.0,
15732,2.4575302600860596,0.0009676023859032,0.0823955088853836,478.9124610833824,1094747.041691023,0.1890198327600956,8243380224.0,
15744,2.4750113487243652,0.0009670641145983,0.0822399109601974,477.12566098198295,1098846.787911074,0.1554000191390514,8249671680.0,
15756,2.529386520385742,0.0009665258528463,0.0678117871284484,485.2751709986478,1080393.210559419,0.1795289572328329,8255963136.0,
15768,2.4523441791534424,0.0009659876008033,0.0702835917472839,480.1468320656568,1091932.6443214088,0.1931500155478716,8262254592.0,
15780,2.451499938964844,0.0009654493586255,0.0821048021316528,503.95300006493926,1040350.9849776474,0.2036599908024072,8268546048.0,
15792,2.455080986022949,0.0009649111264689,0.0762700885534286,479.0997109375894,1094319.1741317855,0.1990399323403835,8274837504.0,
15804,2.4786782264709473,0.0009643729044897,0.0713912397623062,477.6877609547227,1097553.763889911,0.211469130590558,8281128960.0,
15816,2.4385862350463867,0.0009638346928439,0.0779399573802948,477.5146918836981,1097951.5581641912,0.1673500519245863,8287420416.0,
15828,2.469095230102539,0.0009632964916878,0.0995396673679351,478.7572911009193,1095101.860056024,0.1865399535745382,8293711872.0,
15840,2.495447158813477,0.0009627583011773,0.0668002218008041,476.9938220269978,1099150.5042392884,0.1869001425802707,8300003328.0,
15852,2.4830055236816406,0.0009622201214687,0.0675580650568008,479.65861205011606,1093044.066818967,0.1863290090113878,8306294784.0,
15864,2.4661593437194824,0.0009616819527179,0.0680448040366172,477.42755082435906,1098151.95854267,0.188860110938549,8312586240.0,
15876,2.434683322906494,0.000961143795081,0.0728041157126426,479.85774115659297,1092590.480537664,0.1702399458736181,8318877696.0,
15888,2.5817174911499023,0.0009606056487143,0.0705047249794006,480.3006921429187,1091582.8533596874,0.202129827812314,8325169152.0,
15900,2.4796335697174072,0.0009600675137737,0.0774779021739959,477.1659020334482,1098754.1183595485,0.1750099472701549,8331460608.0,
15912,2.5356287956237793,0.0009595293904154,0.0758331343531608,478.0550808645785,1096710.4440178897,0.1966799609363079,8337752064.0,
15924,2.4463589191436768,0.0009589912787953,0.0761950016021728,478.3453610725701,1096044.913709239,0.2139199059456586,8344043520.0,
15936,2.4815053939819336,0.0009584531790697,0.0823878422379493,480.67833203822374,1090725.2627278992,0.196920009329915,8350334976.0,
15948,2.4964358806610107,0.0009579150913945,0.0735560059547424,479.2468619998545,1093983.167280831,0.2096900716423988,8356626432.0,
15960,2.404616594314575,0.0009573770159259,0.0743708312511444,480.2473320160061,1091704.138780153,0.1891499850898981,8362917888.0,
15972,2.493064641952514,0.0009568389528199,0.0840951204299926,494.74455998279154,1059714.5323199432,0.2064199652522802,8369209344.0,
15984,2.5112171173095703,0.0009563009022325,0.0756417289376258,479.9747611396014,1092324.1021156737,0.1868000254034996,8375500800.0,
15996,2.4662764072418213,0.0009557628643199,0.0727791115641594,480.01598101109266,1092230.3021988017,0.2061799168586731,8381792256.0,
16008,2.507920980453491,0.000955224839238,0.0724184140563011,479.08231103792787,1094358.9189593212,0.1890999265015125,8388083712.0,
16020,2.4417850971221924,0.000954686827143,0.0767117440700531,479.7413211781531,1092855.6220932745,0.2091298811137676,8394375168.0,
16032,2.398286819458008,0.0009541488281909,0.0754799470305442,478.47286192700267,1095752.845602322,0.1861799973994493,8400666624.0,
16044,2.5121867656707764,0.0009536108425377,0.0673689395189285,477.5443510152399,1097883.3670325803,0.1859499607235193,8406958080.0,
16056,2.417954444885254,0.0009530728703394,0.0802978575229644,477.3965221829712,1098223.3335144755,0.1946301199495792,8413249536.0,
16068,2.462416172027588,0.0009525349117522,0.0686303004622459,477.11489209905267,1098871.5898038954,0.17943000420928,8419540992.0,
16080,2.5332469940185547,0.000951996966932,0.0684066638350486,478.7058720830828,1095219.4877379865,0.1712997909635305,8425832448.0,
16092,2.3739943504333496,0.0009514590360349,0.0755538716912269,478.2644510269165,1096230.336321805,0.2209800295531749,8432123904.0,
16104,2.4541079998016357,0.0009509211192168,0.0652810558676719,476.793761830777,1099611.7021054476,0.1801499165594577,8438415360.0,
16116,2.473268508911133,0.0009503832166339,0.0702108666300773,479.23806100152433,1094003.2578053777,0.1913299784064293,8444706816.0,
16128,2.501828193664551,0.0009498453284421,0.0698627233505249,476.9149720668793,1099332.2304976357,0.1715100370347499,8450998272.0,
16140,2.469099998474121,0.0009493074547974,0.0776981115341186,477.724531898275,1097469.284059375,0.1749100629240274,8457289728.0,
16152,2.4818384647369385,0.0009487695958559,0.0792808681726455,480.87808093987405,1090272.193266288,0.1796199940145015,8463581184.0,
16164,2.444807529449463,0.0009482317517735,0.0825281739234924,480.3224219940603,1091533.4700042035,0.1956499181687832,8469872640.0,
16176,2.4604411125183105,0.0009476939227062,0.0845673307776451,481.0740209650248,1089828.1286282905,0.1956799533218145,8476164096.0,
16188,2.493997097015381,0.0009471561088101,0.0773909762501716,479.5937319286168,1093191.935373408,0.1965800765901804,8482455552.0,
16200,2.4724907875061035,0.0009466183102412,0.0772376805543899,484.6630699466914,1081757.6838641055,0.1957800704985857,8488747008.0,
16212,2.444291114807129,0.0009460805271554,0.0773683562874794,479.2783709708601,1093911.2460634625,0.2062900457531213,8495038464.0,
16224,2.570826768875122,0.0009455427597086,0.0954667180776596,513.5432889219373,1020922.6978715244,0.1598200760781765,8501329920.0,
16236,2.4422078132629395,0.000945005008057,0.0666639804840087,478.3764311578125,1095973.7266551112,0.1724699977785349,8507621376.0,
16248,2.4700510501861572,0.0009444672723563,0.0746821612119674,478.88151090592146,1094817.7953418605,0.1583101693540811,8513912832.0,
16260,2.4471182823181152,0.0009439295527628,0.0816837549209594,1083.4436549339443,483908.8748292729,0.2148100174963474,8520204288.0,
16272,2.659891128540039,0.0009433918494322,0.0798559561371803,478.1332409474998,1096531.1655827083,0.1936298795044422,8526495744.0,
16284,2.4531679153442383,0.0009428541625205,0.0730704739689827,479.97533110901713,1092322.804983738,0.1710799988359213,8532787200.0,
16296,2.4730539321899414,0.0009423164921837,0.0697928890585899,494.67290099710226,1059868.0440007998,0.1808709930628538,8539078656.0,
16308,2.5039515495300293,0.0009417788385778,0.073574773967266,480.6759911589325,1090730.5745309163,0.1957090571522712,8545370112.0,
16320,2.416196346282959,0.0009412412018586,0.0873489379882812,479.142241878435,1094222.037164945,0.1769401133060455,8551661568.0,
16332,2.496556043624878,0.0009407035821822,0.0788759812712669,479.1406609583646,1094225.6475401877,0.1959200017154216,8557953024.0,
16344,2.483330726623535,0.0009401659797044,0.0856330245733261,1389.055476989597,377442.08830035554,0.1883900258690118,8564244480.0,
16356,2.377899408340454,0.0009396283945813,0.0874531269073486,1175.8219501934946,445890.6383859585,0.1872098073363304,8570535936.0,
16368,2.5469207763671875,0.0009390908269686,0.073927529156208,501.5216812025755,1045394.4857235964,0.170459970831871,8576827392.0,
16380,2.497614860534668,0.0009385532770224,0.0744697302579879,481.96056112647057,1087823.449235346,0.1327900681644678,8583118848.0,
16392,2.4312591552734375,0.0009380157448985,0.0724567100405693,499.0775710903108,1050514.049057771,0.2003000117838382,8589410304.0,
16404,2.4474902153015137,0.0009374782307529,0.0823271423578262,479.90270191803575,1092488.1187469226,0.1862198114395141,8595701760.0,
16416,2.4911675453186035,0.0009369407347414,0.0718882232904434,479.22268183901906,1094038.3664396738,0.1861709170043468,8601993216.0,
16428,2.4312424659729004,0.00093640325702,0.092183768749237,479.1218610480428,1094268.583055592,0.1660999841988086,8608284672.0,
16440,2.5004639625549316,0.0009358657977445,0.06230154260993,479.1911810170859,1094110.285767772,0.2070500049740076,8614576128.0,
16452,2.489982843399048,0.0009353283570709,0.0718624666333198,478.9837710559368,1094584.0583370673,0.1883700024336576,8620867584.0,
16464,2.5008225440979004,0.000934790935155,0.078916884958744,479.9129308667034,1092464.8332628943,0.2634001430124044,8627159040.0,
16476,2.469086170196533,0.0009342535321527,0.0704143494367599,480.49364099279046,1091144.513206714,0.2689899411052465,8633450496.0,
16488,2.4845783710479736,0.0009337161482199,0.0758723616600036,478.8653519935906,1094854.7390562042,0.1839399337768554,8639741952.0,
16500,2.4388349056243896,0.0009331787835124,0.0820518881082534,482.58710093796253,1086411.1348624674,0.1610699109733104,8646033408.0,
16512,2.4266610145568848,0.0009326414381861,0.0638900846242904,479.9292909447104,1092427.5927563668,0.1701798755675554,8652324864.0,
16524,2.527467727661133,0.0009321041123968,0.0693381801247596,480.07434187456965,1092097.5237976415,0.2135199028998613,8658616320.0,
16536,2.43590784072876,0.0009315668063004,0.069417119026184,478.48762199282646,1095719.0445521288,0.2555600367486477,8664907776.0,
16548,2.510551691055298,0.0009310295200528,0.0729913413524627,478.5057418048382,1095677.552420749,0.1919800415635109,8671199232.0,
16560,2.4869251251220703,0.0009304922538098,0.0643705502152443,479.0772220585495,1094370.543744877,0.2035601064562797,8677490688.0,
16572,2.4609293937683105,0.0009299550077271,0.0802234932780265,479.6692009549588,1093019.9373989636,0.1893099397420883,8683782144.0,
16584,2.443808317184448,0.0009294177819607,0.0734834000468254,478.5561009775847,1095562.252636619,0.2165201585739851,8690073600.0,
16596,2.4602842330932617,0.0009288805766664,0.0724527388811111,479.75450195372105,1092825.5969770448,0.180940143764019,8696365056.0,
16608,2.4391872882843018,0.0009283433919999,0.0639297291636467,479.0483810938895,1094436.4299965017,0.1678199041634798,8702656512.0,
16620,2.4973068237304688,0.0009278062281171,0.0666712746024131,479.0100210811943,1094524.0744997505,0.1653800718486309,8708947968.0,
16632,2.4713706970214844,0.0009272690851738,0.0672318413853645,478.50330197252333,1095683.13915231,0.1995491329580545,8715239424.0,
16644,2.4951624870300293,0.0009267319633257,0.0707055255770683,480.85260088555515,1090329.9660529082,0.2069398760795593,8721530880.0,
16656,2.4424805641174316,0.0009261948627287,0.0810996070504188,478.8198620080948,1094958.75505502,0.2070099581032991,8727822336.0,
16668,2.5834789276123047,0.0009256577835386,0.0763730257749557,481.36415192857385,1089171.260259936,0.1924911048263311,8734113792.0,
16680,2.478353977203369,0.0009251207259111,0.0695965811610221,479.2234720662236,1094036.5623984898,0.1845099031925201,8740405248.0,
16692,2.4797184467315674,0.000924583690002,0.0675195530056953,481.9915110711008,1087753.5972260304,0.1928501296788454,8746696704.0,
16704,2.519716739654541,0.0009240466759671,0.0638183876872062,481.16864217445254,1089613.815294959,0.200789887458086,8752988160.0,
16716,2.456493377685547,0.000923509683962,0.0659570917487144,478.0443808995187,1096734.9914530243,0.1636301167309284,8759279616.0,
16728,2.452695369720459,0.0009229727141427,0.0678897723555564,479.6572211198509,1093047.2364743098,0.1767799258232116,8765571072.0,
16740,2.449944496154785,0.0009224357666647,0.0619091987609863,479.33171200565994,1093789.513333533,0.1747598871588707,8771862528.0,
16752,2.4834604263305664,0.000921898841684,0.0683610588312149,478.9815410040319,1094589.15452357,0.3052800893783569,8778153984.0,
16764,2.4769911766052246,0.0009213619393561,0.0700595453381538,478.1508119776845,1096490.870383524,0.1769198570400476,8784445440.0,
16776,2.4181442260742188,0.0009208250598368,0.0728030204772949,479.9946518614888,1092278.8367885666,0.1982701942324638,8790736896.0,
16788,2.4857418537139893,0.0009202882032819,0.0736090391874313,479.70944200642407,1092928.2479976264,0.1858898904174566,8797028352.0,
16800,2.4290084838867188,0.000919751369847,0.0697498023509979,477.8515109792352,1097177.6544676088,0.1814400311559438,8803319808.0,
16812,2.517986297607422,0.0009192145596879,0.0728317946195602,477.9111910611391,1097040.6422914837,0.1730499789118766,8809611264.0,
16824,2.484193801879883,0.0009186777729602,0.061957586556673,478.27028203755617,1096216.9712205331,0.1729598734527826,8815902720.0,
16836,2.5106639862060547,0.0009181410098197,0.065956026315689,478.870271006599,1094843.492576667,0.1722101587802171,8822194176.0,
16848,2.567237377166748,0.000917604270422,0.0894661918282508,479.21802080236375,1094049.007427089,0.204519834369421,8828485632.0,
16860,2.4888288974761963,0.0009170675549228,0.0717490687966346,505.332289962098,1037511.3769977448,0.1562400721013546,8834777088.0,
16872,2.42954683303833,0.0009165308634778,0.0742160603404045,477.7884220238775,1097322.5298745283,0.1792099792510271,8841068544.0,
16884,2.5204176902770996,0.0009159941962426,0.0854312554001808,479.356060968712,1093733.9541310624,0.1939109060913324,8847360000.0,
16896,2.534161329269409,0.000915457553373,0.0763955861330032,480.9854819905013,1090028.7423027747,0.1948799472302198,8853651456.0,
16908,2.4561285972595215,0.0009149209350245,0.068833015859127,477.81049204058945,1097271.8446615073,0.1467899419367313,8859942912.0,
16920,2.455684185028076,0.0009143843413528,0.0814149603247642,478.92178199253976,1094725.7354190813,0.1926999539136886,8866234368.0,
16932,2.4810631275177,0.0009138477725135,0.0772848352789878,490.6596608925611,1068536.9957788368,0.1871599815785884,8872525824.0,
16944,2.479508876800537,0.0009133112286623,0.0768581703305244,479.80658104643226,1092706.9796678408,0.1836498267948627,8878817280.0,
16956,2.435126304626465,0.0009127747099549,0.0674133375287056,479.1086411569267,1094298.7768577426,0.1813599374145269,8885108736.0,
16968,2.4080734252929688,0.0009122382165467,0.0698754116892814,479.3560709804297,1093733.9312875934,0.1995800994336605,8891400192.0,
16980,2.500194549560547,0.0009117017485934,0.0806233063340187,477.7816510759294,1097338.0807306888,0.1723500899970531,8897691648.0,
16992,2.505093574523926,0.0009111653062506,0.0769541338086128,482.16745094396174,1087356.6827739552,0.1925500109791755,8903983104.0,
17004,2.480196237564087,0.0009106288896739,0.0690898671746254,481.4620309043676,1088949.8368442245,0.1751699019223451,8910274560.0,
17016,2.4584622383117676,0.000910092499019,0.0685748606920242,479.5399121940136,1093314.6265161806,0.1819899771362543,8916566016.0,
17028,2.423703670501709,0.0009095561344413,0.0725034326314926,477.9913411475718,1096856.6893728203,0.1703300513327121,8922857472.0,
17040,2.535003662109375,0.0009090197960964,0.0736962333321571,477.56819194182754,1097828.5590340644,0.1661698333919048,8929148928.0,
17052,2.469903469085694,0.0009084834841399,0.0789251923561096,482.9984710086137,1085485.837885085,0.1770101953297853,8935440384.0,
17064,2.4999263286590576,0.0009079471987274,0.0789474174380302,482.74045111611485,1086066.019095407,0.1855299342423677,8941731840.0,
17076,2.435044050216675,0.0009074109400144,0.065893106162548,477.997912093997,1096841.6110924354,0.174559885635972,8948023296.0,
17088,2.4973220825195312,0.0009068747081564,0.0818471983075141,478.0340220313519,1096758.7574041216,0.1854300498962402,8954314752.0,
17100,2.479857921600342,0.000906338503309,0.0750753954052925,481.6652310546488,1088490.4414878043,0.1683400478214025,8960606208.0,
17112,2.4133057594299316,0.0009058023256277,0.0704523026943206,477.8870411682874,1097096.080944728,0.1699398271739483,8966897664.0,
17124,2.4567301273345947,0.000905266175268,0.0619528889656066,479.51744101010263,1093365.8615119157,0.2421801909804344,8973189120.0,
17136,2.4659993648529053,0.0009047300523854,0.0865481346845626,480.4571010172367,1091227.497501782,0.1994201447814703,8979480576.0,
17148,2.459666967391968,0.0009041939571355,0.0744856894016265,478.1246711499989,1096550.8195570996,0.1690501812845468,8985772032.0,
17160,2.4331555366516113,0.0009036578896736,0.0776393413543701,477.7823509648442,1097336.4732733243,0.1778099685907364,8992063488.0,
17172,2.4377427101135254,0.0009031218501554,0.074261762201786,479.2060509789735,1094076.3350732492,0.184589996933937,8998354944.0,
17184,2.3967344760894775,0.0009025858387362,0.079667679965496,480.6400509551167,1090812.1346902887,0.2017198130488395,9004646400.0,
17196,2.47102689743042,0.0009020498555716,0.071413055062294,478.5151609685272,1095655.9849406388,0.2290501724928617,9010937856.0,
17208,2.444765090942383,0.0009015139008169,0.0689677149057388,480.9632010292262,1090079.238657057,0.1662001013755798,9017229312.0,
17220,2.478334426879883,0.0009009779746278,0.0643743053078651,479.91323098540306,1092464.1500787183,0.179569935426116,9023520768.0,
17232,2.377770185470581,0.0009004420771595,0.0787048712372779,480.08439084514976,1092074.6643668904,0.1815198920667171,9029812224.0,
17244,2.422330856323242,0.0008999062085675,0.0726802051067352,480.7662211824209,1090525.8666271092,0.182420015335083,9036103680.0,
17256,2.467912435531616,0.0008993703690073,0.072184145450592,479.3143509887159,1093829.13096283,0.1833701971918344,9042395136.0,
17268,2.5768232345581055,0.0008988345586343,0.0722377672791481,483.0049911979586,1085471.184675857,0.173910055309534,9048686592.0,
17280,2.456775665283203,0.0008982987776038,0.0769719630479812,477.8200618457049,1097249.8684437831,0.182740157470107,9054978048.0,
17292,2.464881896972656,0.0008977630260714,0.0845460146665573,480.8932808227837,1090237.732377899,0.1636110246181488,9061269504.0,
17304,2.4840011596679688,0.0008972273041923,0.0793799087405204,481.6499010194093,1088525.0861473186,0.1966201234608888,9067560960.0,
17316,2.4662106037139893,0.0008966916121219,0.0797850042581558,481.3104011118412,1089292.8945414005,0.1888098195195198,9073852416.0,
17328,2.502342462539673,0.0008961559500157,0.0692653208971023,477.53494209609926,1097904.998739322,0.1884398516267538,9080143872.0,
17340,2.4728903770446777,0.0008956203180291,0.0773023515939712,480.40381097234786,1091348.5447561909,0.1754399854689836,9086435328.0,
17352,2.4393250942230225,0.0008950847163172,0.0712993294000625,483.310880837962,1084784.1850590908,0.1983600668609142,9092726784.0,
17364,2.519278049468994,0.0008945491450356,0.0722383856773376,479.6240911819041,1093122.7384930432,0.1771599054336547,9099018240.0,
17376,2.4767491817474365,0.0008940136043395,0.0695653036236763,481.2616021372378,1089403.3466864715,0.1857199240475893,9105309696.0,
17388,2.4776179790496826,0.0008934780943843,0.083219863474369,476.89685109071434,1099374.0025770708,0.1833699643611908,9111601152.0,
17400,2.458423852920532,0.0008929426153253,0.0697813332080841,481.0401210561394,1089904.9311082584,0.1736700069159269,9117892608.0,
17412,2.4456787109375,0.0008924071673178,0.1061774790287017,481.6730110906065,1088472.860069333,0.1972201280295848,9124184064.0,
17424,2.483739137649536,0.0008918717505171,0.0718870609998703,478.26274088583887,1096234.2561515728,0.1632908824831247,9130475520.0,
17436,2.456697940826416,0.0008913363650786,0.0764228627085685,480.1407011691481,1091946.5871636225,0.1791899558156728,9136766976.0,
17448,2.442401170730591,0.0008908010111574,0.0753319934010505,479.1784610133618,1094139.329408173,0.1833799760788679,9143058432.0,
17460,2.491826057434082,0.0008902656889089,0.0766197368502616,481.5473009366542,1088757.010952426,0.1792300026863813,9149349888.0,
17472,2.521840810775757,0.0008897303984884,0.0770280212163925,479.1934019885957,1094105.2147718794,0.2044900320470333,9155641344.0,
17484,2.41845703125,0.000889195140051,0.1165182664990425,480.5439920164645,1091030.18393795,0.1898698974400758,9161932800.0,
17496,2.371225357055664,0.0008886599137521,0.0782138034701347,478.3150821458548,1096114.2969774187,0.224769813939929,9168224256.0,
17508,2.4729456901550293,0.0008881247197469,0.0686700716614723,478.6754618398845,1095289.0670116963,1.2671200092881918,9174515712.0,
17520,2.4293324947357178,0.0008876341537439,0.0786375030875206,478.9306011516601,1094705.576839883,0.2329689450562,9180282880.0,
17532,2.4600372314453125,0.0008870990220688,0.0712815001606941,480.3569708019495,1091454.9634300263,0.2328499685972929,9186574336.0,
17544,2.457226514816284,0.0008865639231402,0.0765779688954353,481.3401009887457,1089225.682470737,0.1832100097090006,9192865792.0,
17556,2.414361476898194,0.0008860288571131,0.0790921300649643,478.9207219146192,1094728.1585645585,0.1929099671542644,9199157248.0,
17568,2.41317367553711,0.0008854938241429,0.0697784945368766,481.36811098083854,1089162.3022798656,0.2228899393230676,9205448704.0,
17580,2.407130002975464,0.0008849588243847,0.0587952546775341,479.7766408883035,1092775.169356482,0.2199599985033273,9211740160.0,
17592,2.417768955230713,0.0008844238579937,0.0789673030376434,481.18258197791874,1089582.2493093887,0.1553699839860201,9218031616.0,
17604,2.456815242767334,0.000883888925125,0.071290448307991,1624.2728631477803,322783.20465438877,0.2134698443114757,9224323072.0,
17616,2.4643375873565674,0.0008833540259338,0.0752680376172065,481.5561210270971,1088737.0694858187,0.187719939276576,9230614528.0,
17628,2.4681849479675293,0.0008828191605753,0.0710655823349952,480.70860002189875,1090656.5848335477,0.1788400113582611,9236905984.0,
17640,2.4724199771881104,0.0008822843292045,0.077530451118946,481.6624619998038,1088496.699168169,0.1953400205820799,9243197440.0,
17652,2.5482864379882812,0.0008817495319766,0.0777263417840004,479.91882101632655,1092451.4252008551,0.1652301289141178,9249488896.0,
17664,2.374634265899658,0.0008812147690468,0.0972731187939643,477.7935917954892,1097310.6567415243,0.1780800521373748,9255780352.0,
17676,2.485544443130493,0.0008806800405701,0.0746380686759948,478.0251211486757,1096779.179178191,0.2096910029649734,9262071808.0,
17688,2.4652812480926514,0.0008801453467016,0.0773282721638679,477.66086203046143,1097615.5713728229,0.1900000497698784,9268363264.0,
17700,2.419785499572754,0.0008796106875964,0.0783756002783775,480.9438500087708,1090123.0985497346,0.1801298931241035,9274654720.0,
17712,2.483175039291382,0.0008790760634095,0.0789545997977256,499.78090985678136,1049035.666748939,0.1562598627060651,9280946176.0,
17724,2.53462553024292,0.0008785414742961,0.0772859156131744,478.5784620326013,1095511.0636890405,0.1811799593269825,9287237632.0,
17736,2.4540271759033203,0.0008780069204113,0.0816607624292373,492.4771201331168,1064593.6198178804,0.2529099583625793,9293529088.0,
17748,2.4793167114257812,0.0008774724019099,0.0783678367733955,477.48172213323414,1098027.3708858436,0.1826800871640443,9299820544.0,
17760,2.4680233001708984,0.0008769379189472,0.0654603093862533,495.7144600339234,1057641.126635929,0.1633698120713234,9306112000.0,
17772,2.4765000343322754,0.000876403471678,0.0967365130782127,497.73164093494415,1053354.7736992813,0.194240128621459,9312403456.0,
17784,2.476990222930908,0.0008758690602575,0.0694555193185806,481.6291911993176,1088571.8921946085,0.1711111981421709,9318694912.0,
17796,2.4585061073303223,0.0008753346848406,0.0785018503665924,477.8093509376049,1097274.4651631245,0.1638100948184728,9324986368.0,
17808,2.489126443862915,0.0008748003455823,0.0643783584237098,478.1743111088872,1096436.9850487683,0.1977200154215097,9331277824.0,
17820,2.5156126022338867,0.0008742660426376,0.0811391621828079,493.72390983626246,1061905.2258860094,0.1753501128405332,9337569280.0,
17832,2.478034019470215,0.0008737317761614,0.0759540274739265,478.9431809913367,1094676.823490433,0.1783301122486591,9343860736.0,
17844,2.488513231277466,0.0008731975463088,0.0768422111868858,480.0889811012894,1092064.2227557926,0.1728900242596864,9350152192.0,
17856,2.4677066802978516,0.0008726633532347,0.0744411125779151,479.5279509853572,1093341.8978448862,0.1895800232887268,9356443648.0,
17868,2.4608888626098633,0.000872129197094,0.067452348768711,481.86670104041696,1088035.34020506,0.1686299219727516,9362735104.0,
17880,2.484536647796631,0.0008715950780417,0.0682280287146568,482.3310209903866,1086987.9339783324,0.1926000695675611,9369026560.0,
17892,2.5237202644348145,0.0008710609962326,0.0868136808276176,481.9664820097387,1087810.0854934682,0.1810099929571151,9375318016.0,
17904,2.5059990882873535,0.0008705269518217,0.0700210332870483,479.72457204014063,1092893.7781326126,0.1814800780266523,9381609472.0,
17916,2.487173557281494,0.0008699929449639,0.0651225596666336,477.9014009982347,1097063.115749135,0.1872498542070388,9387900928.0,
17928,2.48060941696167,0.0008694589758141,0.0987351536750793,479.1711319703609,1094156.0645444514,0.1467200927436351,9394192384.0,
17940,2.458646059036255,0.000868925044527,0.0740684196352958,479.7155119013041,1092914.4190523198,0.2182899042963981,9400483840.0,
17952,2.489330053329468,0.0008683911512577,0.0689022466540336,479.4761911034584,1093459.9250765976,0.1813599374145269,9406775296.0,
17964,2.444740295410156,0.000867857296161,0.0754536837339401,480.2113021723926,1091786.0484087153,0.176439993083477,9413066752.0,
17976,2.501476764678955,0.0008673234793916,0.075815238058567,479.3920118827373,1093651.932039795,0.1746800262480974,9419358208.0,
17988,2.4361846446990967,0.0008667897011045,0.0725591257214546,492.8819900378585,1063719.1266812757,0.1983698457479477,9425649664.0,
18000,2.476083755493164,0.0008662559614544,0.0858886092901229,478.7655009422451,1095083.0813167684,0.216060085222125,9431941120.0,
18012,2.37782621383667,0.0008657222605962,0.0887988731265068,480.3466009907424,1091478.525961516,0.212009996175766,9438232576.0,
18024,2.4981203079223633,0.0008651885986846,0.0742595046758651,478.1414410099387,1096512.3602183273,0.1774400006979704,9444524032.0,
18036,2.482896327972412,0.0008646549758745,0.0715906918048858,479.58118095994,1093220.5449566932,0.1820498146116733,9450815488.0,
18048,2.462538957595825,0.0008641213923206,0.0690438002347946,480.0505011808127,1092151.7605134738,0.2478498499840498,9457106944.0,
18060,2.471879005432129,0.0008635878481777,0.0721181184053421,478.2213810831309,1096329.065865964,0.1896598841995,9463398400.0,
18072,2.493513822555542,0.0008630543436005,0.0734152942895889,478.07782189920545,1096658.276088233,0.1981200184673071,9469689856.0,
18084,2.5052273273468018,0.0008625208787437,0.0817767530679702,480.88245117105544,1090262.2849372907,0.18001114949584,9475981312.0,
18096,2.493300676345825,0.0008619874537622,0.0650251433253288,477.25943103432655,1098538.794432521,0.177148962393403,9482272768.0,
18108,2.448343276977539,0.0008614540688106,0.0770178139209747,488.2419209461659,1073828.3164706142,0.1913299784064293,9488564224.0,
18120,2.457427740097046,0.0008609207240436,0.0706083625555038,477.225931128487,1098615.9087378725,0.1825490035116672,9494855680.0,
18132,2.4725608825683594,0.000860387419616,0.0782873034477233,479.4715309981257,1093470.5526907488,0.1767501235008239,9501147136.0,
18144,2.4695000648498535,0.0008598541556823,0.0716486498713493,1109.849232947454,472395.6952311761,0.1912999432533979,9507438592.0,
18156,2.5448591709136963,0.0008593209323973,0.0738708078861236,478.27400197274983,1096208.4450282787,0.2050499897450208,9513730048.0,
18168,2.462442398071289,0.0008587877499157,0.0677658095955848,480.3692910354585,1091426.970424926,0.1906401012092828,9520021504.0,
18180,2.507035732269287,0.000858254608392,0.0730379372835159,481.1625611037016,1089627.5861475512,0.6732400506734848,9526312960.0,
18192,2.462623119354248,0.000857721507981,0.0822578817605972,478.3869020175189,1095949.7381489768,0.1898000482469797,9532604416.0,
18204,2.5138092041015625,0.0008571884488371,0.0748526081442833,478.74879091978073,1095121.303581213,0.1884698867797851,9538895872.0,
18216,2.363289594650269,0.0008566554311152,0.0749892443418502,478.99036086164415,1094568.9993779229,0.1909900456666946,9545187328.0,
18228,2.5208580493927,0.0008561224549696,0.078062042593956,479.1750619187951,1094147.090836814,0.176269793882966,9551478784.0,
18240,2.532264471054077,0.0008555895205552,0.0793430209159851,483.5511911660433,1084245.0801035631,0.2354199532419443,9557770240.0,
18252,2.499349594116211,0.0008550566280263,0.0792810469865799,479.2716910596937,1093926.4925929029,0.2125098835676908,9564061696.0,
18264,2.4953320026397705,0.0008545237775376,0.0689176097512245,478.1399620696902,1096515.7518533948,0.1658399123698473,9570353152.0,
18276,2.480381488800049,0.0008539909692436,0.0746114924550056,477.4374710395932,1098129.1410965135,0.2069699112325906,9576644608.0,
18288,2.4974007606506348,0.0008534582032989,0.0759533569216728,478.1815020833165,1096420.4966436576,0.1793999690562486,9582936064.0,
18300,2.437541246414185,0.000852925479858,0.0743714198470115,482.64694097451866,1086276.4383037493,0.1739200670272112,9589227520.0,
18312,2.4672160148620605,0.0008523927990754,0.0703508928418159,479.9772510305047,1092318.4356641085,0.1848200336098671,9595518976.0,
18324,2.5350828170776367,0.0008518601611055,0.0964989960193634,478.1640321016312,1096460.5549598625,0.1752797979861498,9601810432.0,
18336,2.516540050506592,0.000851327566103,0.0837404653429985,489.0560309868306,1072040.761755003,0.1823089551180601,9608101888.0,
18348,2.449193000793457,0.0008507950142223,0.0707698240876197,480.3762419614941,1091411.1777451846,0.1823601778596639,9614393344.0,
18360,2.461633682250977,0.0008502625056178,0.0750548020005226,477.50058118253946,1097984.003918049,0.2078600227832794,9620684800.0,
18372,2.5318193435668945,0.000849730040444,0.0642118602991104,477.9180511832237,1097024.8951718274,0.1762900501489639,9626976256.0,
18384,2.448795795440674,0.0008491976188553,0.0771836712956428,477.8438119683414,1097195.33217422,0.2029999159276485,9633267712.0,
18396,2.337982654571533,0.0008486652410061,0.0833118334412574,487.4089499935508,1075663.4649547103,0.1963491085916757,9639559168.0,
18408,2.479027271270752,0.0008481329070509,0.0792716443538665,477.8857510536909,1097099.04269796,0.1606310252100229,9645850624.0,
18420,2.442795753479004,0.0008476006171441,0.081115648150444,479.7775119077414,1092773.185461051,0.1883900258690118,9652142080.0,
18432,2.390047788619995,0.0008470683714401,0.0726549550890922,479.3414711020887,1093767.2444542958,0.1777198631316423,9658433536.0,
18444,2.4484403133392334,0.0008465361700932,0.0751380398869514,476.8277120310813,1099533.40959727,0.1755401026457548,9664724992.0,
18456,2.470473289489746,0.0008460040132578,0.0696863979101181,477.5593120139092,1097848.9724952318,0.1858300529420375,9671016448.0,
18468,2.491851329803467,0.0008454719010882,0.067896194756031,479.58186198957264,1093218.992530204,0.1967600546777248,9677307904.0,
18480,2.32273006439209,0.0008449398337388,0.0771294459700584,489.38088095746934,1071329.1434153193,0.1734101679176092,9683599360.0,
18492,2.4645113945007324,0.0008444078113639,0.0644887834787368,477.373770903796,1098275.6740224392,0.1921900548040866,9689890816.0,
18504,2.4452855587005615,0.0008438758341178,0.0693286433815956,481.36589117348194,1089167.3249259142,0.2066688612103462,9696182272.0,
18516,2.4699625968933105,0.0008433439021549,0.0859265252947807,478.8036309182644,1094995.873348964,1.0587999131530523,9702473728.0,
18528,2.432216167449951,0.0008428120156293,0.069309651851654,479.80431094765663,1092712.1495938294,0.1919202040880918,9708765184.0,
18540,2.423274040222168,0.0008422801746954,0.0708315372467041,480.8165009599179,1090411.8285318706,0.172029947862029,9715056640.0,
18552,2.4562268257141113,0.0008417483795075,0.0761509761214256,478.8674318697303,1094849.9837479566,0.2105699386447668,9721348096.0,
18564,2.5026602745056152,0.0008412166302197,0.0769821628928184,483.91133011318743,1083438.1577248222,0.1826288644224405,9727639552.0,
18576,2.427937269210815,0.0008406849269863,0.0773320570588111,508.981770137325,1030072.2555515994,0.2091999631375074,9733931008.0,
18588,2.4379217624664307,0.0008401532699615,0.0904339253902435,481.5549310296774,1088739.759925102,0.249380012974143,9740222464.0,
18600,2.4438514709472656,0.0008396216592996,0.0767122954130172,508.1537200603634,1031750.7858403948,0.2101000864058733,9746513920.0,
18612,2.462570905685425,0.0008390900951546,0.072479173541069,487.4903098680079,1075483.9417053345,0.1987901050597429,9752805376.0,
18624,2.4843926429748535,0.0008385585776809,0.0637783482670784,480.22008081898093,1091766.0900515956,0.1726800110191106,9759096832.0,
18636,2.490434169769287,0.0008380271070325,0.079069972038269,478.1419120263308,1096511.2800467657,0.1919399946928024,9765388288.0,
18648,2.473393678665161,0.0008374956833637,0.0679626688361167,482.06406086683273,1087589.8922173155,0.2271798439323902,9771679744.0,
18660,2.471475601196289,0.0008369643068285,0.0841532722115516,478.5343511030078,1095612.0470589653,0.1752101816236972,9777971200.0,
18672,2.449378967285156,0.000836432977581,0.071352481842041,477.8722820337862,1097129.964869844,0.1811699476093053,9784262656.0,
18684,2.4663572311401367,0.0008359016957755,0.0762536600232124,481.0905009508133,1089790.796043182,0.1931891310960054,9790554112.0,
18696,2.4696390628814697,0.0008353704615659,0.0788081884384155,481.8946321029216,1087972.276661559,0.2290199045091867,9796845568.0,
18708,2.521467447280884,0.0008348392751063,0.0820381939411163,481.25143186189234,1089426.3690221251,0.1860600896179676,9803137024.0,
18720,2.454699993133545,0.0008343081365509,0.0694343596696853,481.1410109978169,1089676.3901142047,0.1604100689291954,9809428480.0,
18732,2.50398588180542,0.0008337770460537,0.0773227363824844,481.8235798738897,1088132.714752617,0.1833601854741573,9815719936.0,
18744,2.476799964904785,0.0008332460037687,0.0783522352576255,480.5449319537729,1091028.0499023867,0.1801908947527408,9822011392.0,
18756,2.442377805709839,0.00083271500985,0.0714611783623695,477.52418112941086,1097929.739934816,0.1583299599587917,9828302848.0,
18768,2.4114997386932373,0.0008321840644515,0.0780263021588325,478.3706218004226,1095987.036216313,0.1715500839054584,9834594304.0,
18780,2.465682029724121,0.0008316531677273,0.0749542936682701,508.7180691771209,1030606.207575965,0.2082600258290767,9840885760.0,
18792,2.498467922210694,0.0008311223198313,0.0851048529148101,479.6834208536893,1092987.5355436057,0.1837401650846004,9847177216.0,
18804,2.5050621032714844,0.0008305915209175,0.0811664685606956,480.74715095572174,1090569.125490852,0.1999600790441036,9853468672.0,
18816,2.4629244804382324,0.0008300607711399,0.0863845646381378,479.367682011798,1093707.4393494397,0.221390975639224,9859760128.0,
18828,2.471956968307495,0.0008295300706524,0.078249767422676,481.7616811487824,1088272.522525685,0.2403310500085353,9866051584.0,
18840,2.4418821334838867,0.0008289994196089,0.0763287246227264,481.6081009339541,1088619.5622193215,0.2123999875038862,9872343040.0,
18852,2.416055202484131,0.0008284688181634,0.0720625594258308,480.2528119180351,1091691.681941636,0.1935099717229604,9878634496.0,
18864,2.505099296569824,0.0008279382664698,0.0755536407232284,1063.6957068927586,492892.84200604423,0.2141899894922971,9884925952.0,
18876,2.5565497875213623,0.0008274077646819,0.072450153529644,480.5577020160854,1090999.0575542806,0.2247800584882497,9891217408.0,
18888,2.4172017574310303,0.0008268773129535,0.0833167061209678,481.59151105210185,1088657.0630255127,0.2812310121953487,9897508864.0,
18900,2.438389778137207,0.0008263469114387,0.065793402493,477.6531718671322,1097633.2428623338,0.1710699871182441,9903800320.0,
18912,2.4687187671661377,0.0008258165602911,0.0753935500979423,477.84369206056,1097195.607499102,0.1525098923593759,9910091776.0,
18924,2.452932357788086,0.0008252862596647,0.0757909193634986,478.5594418644905,1095554.6043712958,0.171799911186099,9916383232.0,
18936,2.469949722290039,0.0008247560097132,0.0716924890875816,480.7125220540911,1090647.6863962484,0.1813499256968498,9922674688.0,
18948,2.4665558338165283,0.0008242258105904,0.0747169479727745,1081.5552261192352,484753.7946640187,0.1880100462585687,9928966144.0,
18960,2.422670364379883,0.0008236956624501,0.0832122638821601,479.21544103883207,1094054.8970280688,0.1717901322990656,9935257600.0,
18972,2.504446029663086,0.0008231655654462,0.0761587545275688,498.90907015651464,1050868.848376566,0.2317498438060283,9941549056.0,
18984,2.439958333969116,0.0008226355197322,0.0683185160160064,477.84330206923187,1097196.5029741884,0.1626000739634037,9947840512.0,
18996,2.50905704498291,0.000822105525462,0.0650031492114067,478.1959119718522,1096387.4572622045,0.190339982509613,9954131968.0,
19008,2.4822559356689453,0.0008215755827894,0.0764340311288833,481.06663092039526,1089844.8703392958,0.1947199925780296,9960423424.0,
19020,2.4659953117370605,0.0008210456918679,0.0773587897419929,1125.1419321633875,465974.98947703023,0.1927600242197513,9966714880.0,
19032,2.4609949588775635,0.0008205158528513,0.0686214119195938,494.8801309801638,1059424.226552783,0.1861199270933866,9973006336.0,
19044,2.4428820610046387,0.0008199860658933,0.0690315812826156,500.08626002818346,1048395.1308129374,0.1969400327652692,9979297792.0,
19056,2.389493942260742,0.0008194563311475,0.0736261531710624,482.3924710508436,1086849.4669037666,0.2091799397021532,9985589248.0,
19068,2.502686023712158,0.0008189266487676,0.0781723633408546,477.7185108978302,1097483.116186238,0.2137799747288227,9991880704.0,
19080,2.473209857940674,0.0008183970189072,0.0704124048352241,486.00945086218417,1078760.9151836643,0.1865201629698276,9998172160.0,
19092,2.457913398742676,0.00081786744172,0.0646280571818351,481.4679210539907,1088936.5149235094,0.1585290301591158,10004463616.0,
19104,2.496232748031616,0.0008173379173594,0.0737821087241172,480.1020510494709,1092034.4931956478,0.212840037420392,10010755072.0,
19116,2.4365363121032715,0.0008168084459792,0.0764521211385726,481.7229909822345,1088359.9284538513,0.208650017157197,10017046528.0,
19128,2.4273359775543213,0.0008162790277329,0.0795759409666061,480.8948808349669,1090234.1049871244,0.1861900091171264,10023337984.0,
19140,2.516685485839844,0.000815749662774,0.0808900296688079,479.47936109267175,1093452.6958683166,0.1994709018617868,10029629440.0,
19152,2.532778263092041,0.0008152203512561,0.0675447136163711,481.5793910529465,1088684.4614626751,0.2248999662697315,10035920896.0,
19164,2.47860050201416,0.0008146910933328,0.0970260947942733,478.93931111320853,1094685.668590007,0.1725899055600166,10042212352.0,
19176,2.4575133323669434,0.0008141618891574,0.0636052042245864,478.30711188726127,1096132.562050586,0.1902889925986528,10048503808.0,
19188,2.1837711334228516,0.0008136327388835,0.091270312666893,480.0373520702123,1092181.676569442,0.1989500597119331,10054795264.0,
19200,2.4558589458465576,0.0008131036426647,0.0673206895589828,480.5447009857744,1091028.5742918234,0.1597099471837282,10061086720.0,
19212,2.5161194801330566,0.0008125746006542,0.0855552330613136,479.5497520826757,1093292.192776718,0.1974101178348064,10067378176.0,
19224,2.434177875518799,0.0008120456130057,0.0844204500317573,477.51684207469225,1097946.6142431723,0.1776490826159715,10073669632.0,
19236,2.4899826049804688,0.0008115166798725,0.072646751999855,477.6334420312196,1097678.583330291,0.1484898384660482,10079961088.0,
19248,2.445406913757324,0.000810987801408,0.0673199072480201,482.11994115263224,1087463.834718295,0.1968098804354667,10086252544.0,
19260,2.4341464042663574,0.0008104589777657,0.0869557186961174,511.03652990423143,1025930.5731006196,0.179119873791933,10092544000.0,
19272,2.4450974464416504,0.0008099302090989,0.0782200098037719,480.0739521160722,1092098.41044081,0.1948701683431863,10098835456.0,
19284,2.4779410362243652,0.000809401495561,0.0977917537093162,478.2586819492281,1096243.5597889647,0.1960499212145805,10105126912.0,
19296,2.46549654006958,0.0008088728373053,0.0727550387382507,477.2650920785963,1098525.7641965984,0.1779799349606037,10111418368.0,
19308,2.43324875831604,0.0008083442344852,0.0755139663815498,479.5060311444104,1093391.8781974672,0.1676289830356836,10117709824.0,
19320,2.5015172958374023,0.000807815687254,0.0721293613314628,479.467601981014,1093479.5131804564,0.1949099823832512,10124001280.0,
19332,2.430917739868164,0.000807287195765,0.0682397186756134,482.1900718379766,1087305.671810201,0.1934799365699291,10130292736.0,
19344,2.446333408355713,0.0008067587601715,0.0722711309790611,480.49823101609945,1091134.089903514,0.1604100689291954,10136584192.0,
19356,2.4407105445861816,0.0008062303806267,0.0676110014319419,482.5710910372436,1086447.1779133922,0.1840291079133749,10142875648.0,
19368,2.433889865875244,0.000805702057284,0.0777785256505012,489.9442810565233,1070097.1932347438,0.2206400968134403,10149167104.0,
19380,2.468977212905884,0.0008051737902965,0.0717590600252151,504.39155008643866,1039446.4378123536,0.1769799273461103,10155458560.0,
19392,2.4840087890625,0.0008046455798174,0.0761702060699462,477.87260194309056,1097129.2304019493,0.2076900564134121,10161750016.0,
19404,2.457843542098999,0.0008041174260001,0.0679593905806541,480.3730919957161,1091418.3344904664,0.1945800613611936,10168041472.0,
19416,2.4029316902160645,0.0008035893289976,0.0670713037252426,489.974430995062,1070031.3461974994,0.1796800643205642,10174332928.0,
19428,2.450355052947998,0.0008030612889631,0.0817688181996345,481.0795518569648,1089815.599054773,0.2181699965149164,10180624384.0,
19440,2.498979091644287,0.0008025333060498,0.0689611732959747,478.5649119876325,1095542.081893269,0.2034299541264772,10186915840.0,
19452,2.500727415084839,0.0008020053804108,0.0707822442054748,477.1873520221561,1098704.7284012192,0.1744201872497797,10193207296.0,
19464,2.453324794769287,0.0008014775121993,0.0736299678683281,481.05526086874306,1089870.6295263926,0.1950301229953766,10199498752.0,
19476,2.4676308631896973,0.0008009497015684,0.0704319030046463,481.5299119800329,1088796.328029026,0.1820700708776712,10205790208.0,
19488,2.434995174407959,0.000800421948671,0.0797184631228447,482.96926100738347,1085551.48811424,0.1850489061325788,10212081664.0,
19500,2.4275684356689453,0.0007998942536605,0.075931116938591,478.3596319612115,1096012.2154339992,0.2159310970455408,10218373120.0,
19512,2.482586622238159,0.0007993666166896,0.0878863707184791,499.3093910161406,1050026.31521315,0.1969800796359777,10224664576.0,
19524,2.5742545127868652,0.0007988390379116,0.0793049111962318,478.1238120049238,1096552.7899593522,0.1380899921059608,10230956032.0,
19536,2.4232358932495117,0.0007983115174795,0.0800979137420654,477.30305208824575,1098438.3982172138,0.1766199711710214,10237247488.0,
19548,2.4650917053222656,0.0007977840555461,0.0729557871818542,482.2157809976488,1087247.7025022048,0.18550013191998,10243538944.0,
19560,2.498953104019165,0.0007972566522646,0.0811728239059448,497.9746809694916,1052840.6765164842,0.179010909050703,10249830400.0,
19572,2.477738380432129,0.0007967293077879,0.0733571872115135,481.90682218410075,1087944.7558426731,0.1730101648718118,10256121856.0,
19584,2.4330697059631348,0.000796202022269,0.0702088251709938,479.44836085662246,1093523.396478535,0.1732499804347753,10262413312.0,
19596,2.435652494430542,0.0007956747958607,0.0732534155249595,477.8274209238589,1097232.9695652702,0.1804200001060962,10268704768.0,
19608,2.5341525077819824,0.000795147628716,0.0770289599895477,480.97030189819634,1090063.145127352,0.1653500366955995,10274996224.0,
19620,2.410219192504883,0.0007946205209879,0.0848558545112609,485.92784092761576,1078942.0894245456,0.1787298824638128,10281287680.0,
19632,2.477855682373047,0.0007940934728291,0.0674599036574363,483.65118191577494,1084020.9216966245,0.221810070797801,10287579136.0,
19644,2.4815783500671387,0.0007935664843926,0.0717228576540947,483.6297109723091,1084069.0472592136,0.1915199682116508,10293870592.0,
19656,2.4847354888916016,0.0007930395558313,0.0774386599659919,484.0299009811133,1083172.7522148627,0.3696000203490257,10300162048.0,
19668,2.4642515182495117,0.0007925126872978,0.0734491869807243,478.9417518768459,1094680.0898970575,0.169489998370409,10306453504.0,
19680,2.500814914703369,0.0007919858789452,0.0811027437448501,478.4415711183101,1095824.5095101758,0.1720199361443519,10312744960.0,
19692,2.470486640930176,0.0007914591309261,0.0738504454493522,479.595571057871,1093187.743255319,0.1985300332307815,10319036416.0,
19704,2.463201999664306,0.0007909324433933,0.0691322162747383,478.51411206647754,1095658.386616534,0.1666198950260877,10325327872.0,
19716,2.4698822498321533,0.0007904058164996,0.0732912346720695,481.063551036641,1089851.8477864617,0.1957600470632314,10331619328.0,
19728,2.457420825958252,0.0007898792503978,0.0752627775073051,478.324431926012,1096092.8712943052,0.1624200958758592,10337910784.0,
19740,2.3909268379211426,0.0007893527452406,0.0782108604907989,490.69678084924817,1068456.163687513,0.1650999765843153,10344202240.0,
19752,2.4438316822052,0.0007888263011807,0.0719494447112083,503.72918089851737,1040813.2383055736,0.1809599343687296,10350493696.0,
19764,2.471612453460694,0.0007882999183707,0.0676881745457649,480.2290122024715,1091745.7851941537,0.2229998353868723,10356785152.0,
19776,2.4215245246887207,0.0007877735969634,0.0750162228941917,482.4313409626484,1086761.8984990288,0.166269950568676,10363076608.0,
19788,2.42698073387146,0.0007872473371115,0.0812620148062706,482.0956620387733,1087518.601148154,0.1696511171758175,10369368064.0,
19800,2.503546714782715,0.0007867211389674,0.0767142996191978,478.15548186190426,1096480.1615542688,0.1677200198173523,10375659520.0,
19812,2.476701259613037,0.000786195002684,0.07639130204916,479.63274107314646,1093103.0246745464,0.1799999736249447,10381950976.0,
19824,2.39809513092041,0.0007856689284137,0.065607413649559,1132.6918029226365,462869.0687503891,0.1886701211333274,10388242432.0,
19836,2.429896831512451,0.0007851429163092,0.0661415234208107,500.93733984977007,1046613.9341044785,0.1682699657976627,10394533888.0,
19848,2.4699058532714844,0.0007846169665231,0.0765174999833107,481.24252120032907,1089446.5407842717,0.1648899633437395,10400825344.0,
19860,2.5385234355926514,0.0007840910792078,0.0693568363785743,480.6291009299457,1090836.986328087,0.1710199285298586,10407116800.0,
19872,2.4177322387695312,0.0007835652545159,0.0877271890640258,478.9767609909177,1094600.078123501,0.2087110187858343,10413408256.0,
19884,2.4854350090026855,0.0007830394926,0.0727691128849983,481.27994081005454,1089361.8361022018,0.1762800384312868,10419699712.0,
19896,2.43538236618042,0.0007825137936124,0.0722374469041824,481.487100943923,1088893.1374738154,0.1888200640678405,10425991168.0,
19908,2.4275424480438232,0.0007819881577058,0.0885693207383155,477.8469318989664,1097188.168429745,0.199770089238882,10432282624.0,
19920,2.43018102645874,0.0007814625850325,0.0753268599510192,478.22340088896453,1096324.4354529837,0.1527110580354929,10438574080.0,
19932,2.494781970977783,0.0007809370757451,0.0698261708021164,485.1714610122144,1080624.1548218369,0.1775198616087436,10444865536.0,
19944,2.481196165084839,0.0007804116299958,0.0806430429220199,480.14416196383536,1091938.7166046384,0.2014001365751028,10451156992.0,
19956,2.453760862350464,0.0007798862479372,0.0790385231375694,482.39531205035746,1086843.066056308,0.1987800933420658,10457448448.0,
19968,2.52811050415039,0.0007793609297215,0.0682120844721794,509.1449890751392,1029742.040577416,0.1851001288741827,10463739904.0,
19980,2.4919707775115967,0.0007788356755013,0.0847396031022071,477.1509109996259,1098788.638801134,0.1591199543327093,10470031360.0,
19992,2.42667818069458,0.0007783104854287,0.0666609779000282,480.1494909916073,1091926.597521196,0.1682199072092771,10476322816.0,
20004,2.5210018157958984,0.0007777853596562,0.0721138268709182,482.2729418519884,1087118.8376993916,0.1832100097090006,10482614272.0,
20016,2.5288500785827637,0.0007773478040738,0.0744016766548156,480.88276106864214,1090261.5823343317,0.1805690117180347,10487857152.0,
20028,2.427300453186035,0.0007768227965803,0.0887622237205505,477.5593208614737,1097848.9521557908,0.1846500672399997,10494148608.0,
20040,2.423590660095215,0.0007762978538183,0.0636239275336265,476.9242808688432,1099310.773284328,0.1542801037430763,10500440064.0,
20052,2.4771525859832764,0.0007757729759402,0.082465536892414,480.312610976398,1091555.7660129038,0.1859602052718401,10506731520.0,
20064,2.4752941131591797,0.0007752481630981,0.0819150507450103,477.77066100388765,1097363.3225999488,0.1880689524114132,10513022976.0,
20076,2.472764015197754,0.0007747234154442,0.072242759168148,481.3936010468751,1089104.630514081,0.1694799866527319,10519314432.0,
20088,2.516385316848755,0.0007741987331308,0.0688808411359787,497.0920600462705,1054710.067087368,0.2848501317203045,10525605888.0,
20100,2.374941349029541,0.0007736741163101,0.072120301425457,479.6002509538084,1093177.0760280432,0.1695491373538971,10531897344.0,
20112,2.479942798614502,0.0007731495651342,0.0795580968260765,479.29080203175545,1093882.8739827627,0.1686599571257829,10538188800.0,
20124,2.3862316608428955,0.0007726250797552,0.0800241753458976,480.407970957458,1091339.0944681636,0.1757200807332992,10544480256.0,
20136,2.468240976333618,0.0007721006603253,0.0841237530112266,481.5815920010209,1088679.485902959,0.1655088271945715,10550771712.0,
20148,2.44728946685791,0.0007715763069965,0.0820760428905487,481.1978309880942,1089547.7207854912,0.1762900501489639,10557063168.0,
20160,2.4551010131835938,0.0007710520199211,0.0791608318686485,479.4658119790256,1093483.595495512,0.2313200384378433,10563354624.0,
20172,2.480081558227539,0.0007705277992509,0.0742256268858909,482.0911011192947,1087528.889835831,0.2033200580626726,10569646080.0,
20184,2.4420995712280273,0.0007700036451382,0.0701706409454345,476.79593111388385,1099606.6991913414,0.1910401042550802,10575937536.0,
20196,2.4723012447357178,0.0007694795577348,0.0675071477890014,1516.0541501827538,345824.0590791558,0.1860109623521566,10582228992.0,
20208,2.475377082824707,0.0007689555371929,0.0690687298774719,477.1301420405507,1098836.4678822604,0.2022800035774707,10588520448.0,
20220,2.4707131385803223,0.0007684315836644,0.0744328275322914,479.6824709046632,1092989.7000639036,0.1894501037895679,10594811904.0,
20232,2.5191826820373535,0.0007679076973013,0.0704611986875534,477.6804419234395,1097570.5806352242,0.1767599023878574,10601103360.0,
20244,2.449244737625122,0.0007673838782555,0.0709493085741996,480.8103509712964,1090425.7758612586,0.2401999663561582,10607394816.0,
20256,2.446361780166626,0.0007668601266789,0.0913821756839752,477.89000114426017,1097089.285703079,0.1619900576770305,10613686272.0,
20268,2.500792980194092,0.0007663364427236,0.0667566210031509,479.9843109212816,1092302.369203864,0.2154200337827205,10619977728.0,
20280,2.4369335174560547,0.0007658128265413,0.0646665915846824,479.4577320571989,1093502.0231094174,0.1609690953046083,10626269184.0,
20292,2.510845184326172,0.0007652892782839,0.0716802105307579,479.0137009695172,1094515.666125725,0.181230017915368,10632560640.0,
20304,2.4413866996765137,0.0007647657981033,0.0673053935170173,480.4563911166042,1091229.109850176,0.1719899009913206,10638852096.0,
20316,2.432407855987549,0.0007642423861514,0.0755617618560791,479.7482208814472,1092839.904724856,0.2240799367427826,10645143552.0,
20328,2.4034013748168945,0.0007637190425799,0.0755002424120903,477.408962091431,1098194.7169638406,0.1610000617802143,10651435008.0,
20340,2.477482318878174,0.0007631957675406,0.0709205567836761,479.9430822022259,1092396.2016376958,0.1817501615732908,10657726464.0,
20352,2.375518560409546,0.0007626725611853,0.0714374035596847,487.2296710964292,1076059.261374984,0.173449981957674,10664017920.0,
20364,2.428316593170166,0.0007621494236658,0.0782352834939956,479.0162809658795,1094509.7710308204,0.1596000511199236,10670309376.0,
20376,2.4234068393707275,0.0007616263551338,0.076867327094078,477.75276098400354,1097404.4376429142,0.1584498677402734,10676600832.0,
20388,2.385249376296997,0.000761103355741,0.0642045214772224,478.1263608019799,1096546.944453327,0.2064509317278862,10682892288.0,
20400,2.4350664615631104,0.000760580425639,0.0731822475790977,477.8633618261665,1097150.4448393378,0.1752399839460849,10689183744.0,
20412,2.476975679397583,0.0007600575649797,0.0789465457201004,479.7831610776484,1092760.3186872764,0.1935998443514108,10695475200.0,
20424,2.4297235012054443,0.0007595347739146,0.0682735294103622,478.76816103234887,1095076.9969111949,0.1935700420290231,10701766656.0,
20436,2.4302845001220703,0.0007590120525953,0.0703420042991638,477.4382419418544,1098127.3679871068,0.1791699323803186,10708058112.0,
20448,2.438553810119629,0.0007584894011735,0.0664203688502311,479.9996609799564,1092267.4381261552,0.2275398001074791,10714349568.0,
20460,2.4245145320892334,0.0007579668198008,0.0723592936992645,480.5203820578754,1091083.790774255,0.1842500641942024,10720641024.0,
20472,2.378946304321289,0.0007574443086287,0.0849128663539886,480.5834009312093,1090940.7170204085,0.156510854139924,10726932480.0,
20484,2.475249767303467,0.0007569218678088,0.0722183883190155,477.93126106262207,1096994.5737265844,0.1968899741768837,10733223936.0,
20496,2.459022521972656,0.0007563994974926,0.0778151452541351,478.4780819900334,1095740.8912429991,0.1837799791246652,10739515392.0,
20508,2.5014967918395996,0.0007558771978317,0.0703312158584594,477.1797610446811,1098722.2066002667,0.1535199116915464,10745806848.0,
20520,2.487976312637329,0.0007553549689774,0.0733120068907737,477.7549218852073,1097399.474046598,0.1686299219727516,10752098304.0,
20532,2.449213981628418,0.0007548328110814,0.0859745293855667,478.8577009458095,1094872.2323238396,0.2009498421102762,10758389760.0,
20544,2.4733774662017822,0.000754310724295,0.0689010322093963,479.3719109147787,1093697.790927108,0.1743300817906856,10764681216.0,
20556,2.4282193183898926,0.0007537887087697,0.0723119676113128,478.60125079751015,1095458.9005489652,0.1946000847965479,10770972672.0,
20568,2.4520015716552734,0.0007532667646569,0.070467785000801,481.1787011567503,1089591.037050508,0.1916100736707449,10777264128.0,
20580,2.4364230632781982,0.0007527448921079,0.0745506212115287,484.793190844357,1081467.3347347465,0.1745710615068674,10783555584.0,
20592,2.48030161857605,0.0007522230912741,0.0643004104495048,486.18178092874587,1078378.5418665018,0.1686499454081058,10789847040.0,
20604,2.393479585647583,0.000751701362307,0.0703609660267829,478.1451718881726,1096503.8043354312,0.1800800673663616,10796138496.0,
20616,2.4508543014526367,0.0007511797053577,0.069336786866188,479.4166008941829,1093595.8392390362,0.2150300424546003,10802429952.0,
20628,2.439516067504883,0.0007506581205777,0.0730098336935043,479.207982076332,1094071.9261986068,0.2385701518505811,10808721408.0,
20640,2.3893332481384277,0.0007501366081181,0.0751465708017349,482.0820121094585,1087549.3937346048,0.2466801088303327,10815012864.0,
20652,2.4435205459594727,0.0007496151681303,0.0760434046387672,495.1080698519945,1058936.48664771,0.1841001212596893,10821304320.0,
20664,2.453216791152954,0.0007490938007655,0.0686178877949714,481.8307210225612,1088116.5876831892,0.1827799715101719,10827595776.0,
20676,2.474020004272461,0.000748572506175,0.0670531466603279,478.288970887661,1096174.1372103333,0.1940599177032709,10833887232.0,
20688,2.431155204772949,0.0007480512845098,0.0701568573713302,496.2294399738312,1056543.5215364257,0.1839909236878156,10840178688.0,
20700,2.444587230682373,0.0007475301359212,0.0824657976627349,478.251462103799,1096260.1090516043,0.2141301520168781,10846470144.0,
20712,2.430111885070801,0.0007470090605604,0.0775351673364639,480.97530100494623,1090051.815352174,0.191170023754239,10852761600.0,
20724,2.492887258529663,0.0007464880585785,0.0868170484900474,479.2882809415459,1093888.6278839398,0.2139799762517213,10859053056.0,
20736,2.3854446411132812,0.0007459671301265,0.0756687596440315,482.50728216953576,1086590.8544273204,0.1821601763367653,10865344512.0,
20748,2.462101459503174,0.0007454462753557,0.0748546347022056,480.7781509589404,1090498.80689103,0.1865201629698276,10871635968.0,
20760,2.380496025085449,0.000744925494417,0.0691776722669601,481.529412092641,1088797.4583349703,0.1752299722284078,10877927424.0,
20772,2.540472507476806,0.0007444047874615,0.0665023773908615,480.50816101022065,1091111.5409522632,0.1837098971009254,10884218880.0,
20784,2.4792771339416504,0.0007438841546403,0.0826889351010322,481.1635809019208,1089625.2767452688,0.1749000512063503,10890510336.0,
20796,2.506028652191162,0.0007433635961043,0.0709037631750106,480.3272809367627,1091522.4281608623,0.2898110542446375,10896801792.0,
20808,2.4375929832458496,0.0007428431120046,0.0730390399694442,477.6468512136489,1097647.767734344,0.1802798360586166,10903093248.0,
20820,2.437209367752075,0.0007423227024921,0.079788938164711,479.7378610819578,1092863.5042845437,0.1903800293803215,10909384704.0,
20832,2.4989142417907715,0.0007418023677177,0.0817714482545852,477.3894920945167,1098239.5060681351,0.1650601625442505,10915676160.0,
20844,2.4408717155456543,0.0007412821078324,0.0748892724514007,478.46643114462495,1095767.5729638066,0.1905001699924469,10921967616.0,
20856,2.4457528591156006,0.000740761922987,0.0699818506836891,478.1844320241362,1096413.7786349698,0.2027999144047498,10928259072.0,
20868,2.4074389934539795,0.0007402418133325,0.091151475906372,477.6370010804385,1097670.4041228688,0.1902901567518711,10934550528.0,
20880,2.4817187786102295,0.0007397217790197,0.0875565931200981,487.1572209522128,1076219.2931785148,0.1740399748086929,10940841984.0,
20892,2.492626905441284,0.0007392018201994,0.0735180452466011,478.119591018185,1096562.4706644977,0.1845399383455515,10947133440.0,
20904,2.411074638366699,0.0007386819370224,0.0757152214646339,478.3859720919281,1095951.8685452824,0.1521899830549955,10953424896.0,
20916,2.5067026615142822,0.0007381621296396,0.0753521546721458,477.40244190208614,1098209.7157088483,0.1684401649981737,10959716352.0,
20928,2.377328395843506,0.0007376423982017,0.0786474421620369,477.091871900484,1098924.611546014,0.1630701590329408,10966007808.0,
20940,2.448155164718628,0.0007371227428594,0.0775146633386612,479.2226520366967,1094038.4344767,0.1688699703663587,10972299264.0,
20952,2.4146533012390137,0.0007366031637635,0.0733885988593101,479.6733120456338,1093010.569556394,0.1776199787855148,10978590720.0,
20964,2.4419050216674805,0.0007360836610646,0.0695410221815109,479.6436009928584,1093078.2750248895,0.2377689816057682,10984882176.0,
20976,2.426230192184448,0.0007355642349135,0.0812106728553772,479.7113919630646,1092923.8054041616,0.1861399505287408,10991173632.0,
20988,2.4215800762176514,0.0007350448854608,0.0744502693414688,480.28500098735094,1091618.515927396,0.1955900806933641,10997465088.0,
21000,2.4553401470184326,0.0007345256128572,0.0707262828946113,477.80392109416425,1097286.9347731343,0.2228999510407447,11003756544.0,
21012,2.4797215461730957,0.0007340064172532,0.0674970895051956,477.5753521826118,1097812.0993973042,0.1831299159675836,11010048000.0,
21024,2.4192137718200684,0.0007334872987995,0.0696828290820121,477.1281920839101,1098840.9586742595,0.1925099641084671,11016339456.0,
21036,2.513710021972656,0.0007329682576465,0.0802491530776023,477.40953089669347,1098193.4085296898,0.2016599755734205,11022630912.0,
21048,2.44464111328125,0.0007324492939449,0.0683414936065673,478.1762019265443,1096432.649487101,0.2091601490974426,11028922368.0,
21060,2.446455955505371,0.0007319304078453,0.0727321505546569,481.18234099820256,1089582.7949803304,0.165530014783144,11035213824.0,
21072,2.468846321105957,0.0007314115994979,0.0756823718547821,478.1223121099174,1096556.2299035094,0.1715598627924919,11041505280.0,
21084,2.5089964866638184,0.0007308928690535,0.0735273510217666,478.09716197662055,1096613.91385887,0.1689400523900985,11047796736.0,
21096,2.479767322540283,0.0007303742166623,0.0812547653913497,479.7146418131888,1092916.4013387964,0.170599902048707,11054088192.0,
21108,2.48411226272583,0.0007298556424749,0.0689934194087982,478.0152409803122,1096801.848670749,0.1677600666880607,11060379648.0,
21120,2.3957509994506836,0.0007293371466417,0.0711268782615661,482.3697619140148,1086900.6339030375,0.1648699399083852,11066671104.0,
21132,2.187236785888672,0.000728818729313,0.0741824433207511,478.1909610610455,1096398.808619617,0.160131137818098,11072962560.0,
21144,2.461275577545166,0.0007283003906392,0.0762481912970542,481.31069098599255,1089292.2385039192,0.2034199424088001,11079254016.0,
21156,2.391838550567627,0.0007277821307707,0.0761016011238098,498.5788099002093,1051564.947385021,0.1587201841175556,11085545472.0,
21168,2.4623208045959473,0.0007272639498578,0.0704510509967804,477.58537204936147,1097789.0670106444,0.1793599221855402,11091836928.0,
21180,2.4466211795806885,0.0007267458480507,0.0865276157855987,481.9653709419072,1087812.593206399,0.1663491129875183,11098128384.0,
21192,2.489833354949951,0.0007262278254997,0.08270825445652,493.7446608673781,1061860.596282632,0.1758600119501352,11104419840.0,
21204,2.4696834087371826,0.0007257098823552,0.073769673705101,479.64052110910416,1093085.2939356635,0.1739801373332739,11110711296.0,
21216,2.4645261764526367,0.0007251920187672,0.0806297361850738,479.9423818476498,1092397.7957137926,0.199819914996624,11117002752.0,
21228,2.4359817504882812,0.0007246742348861,0.0813819915056228,482.42586106061935,1086774.2430875206,0.1851201523095369,11123294208.0,
21240,2.425759792327881,0.000724156530862,0.0748725309967994,480.29962088912725,1091585.2880113495,0.1788199879229068,11129585664.0,
21252,2.466951847076416,0.000723638906845,0.0738848522305488,478.79834193736315,1095007.969072265,0.1871399581432342,11135877120.0,
21264,2.432533025741577,0.0007231213629854,0.0765608251094818,479.5405820477754,1093313.0993025457,0.1826600637286901,11142168576.0,
21276,2.5024619102478027,0.0007226038994331,0.069559670984745,496.88773113302886,1055143.7822875837,0.1682599540799856,11148460032.0,
21288,2.4683938026428223,0.0007220865163383,0.0790724456310272,493.2066209148616,1063018.9818366282,0.1809799578040838,11154751488.0,
21300,2.424002170562744,0.0007215692138511,0.0839767456054687,477.82014100812376,1097249.6866579056,0.1669100020080804,11161042944.0,
21312,2.4840333461761475,0.0007210519921215,0.064948558807373,478.0730518978089,1096669.2180593142,0.1939001958817243,11167334400.0,
21324,2.4169459342956543,0.0007205348512995,0.0730563849210739,480.18328100442886,1091849.7597486414,0.1783100888133049,11173625856.0,
21336,2.4189250469207764,0.0007200177915351,0.0805426090955734,477.84180101007223,1097199.94963134,0.1659300178289413,11179917312.0,
21348,2.417757034301758,0.0007195008129783,0.0660053491592407,478.6857918370515,1095265.4307702363,0.1701200380921363,11186208768.0,
21360,2.4279072284698486,0.0007189839157791,0.0758224129676818,481.5214420668781,1088815.4798456142,0.1741999294608831,11192500224.0,
21372,2.4734272956848145,0.0007184671000873,0.0758539736270904,480.1186111290008,1091996.8271322262,0.1671400386840105,11198791680.0,
21384,2.4433670043945312,0.0007179503660528,0.0726578757166862,479.5484410133213,1093295.1818009056,0.1704799942672252,11205083136.0,
21396,2.3990893363952637,0.0007174337138256,0.0753142163157463,478.6442818585783,1095360.4166421604,0.1908799167722463,11211374592.0,
21408,2.4736435413360596,0.0007169171435554,0.0693480521440506,477.0765418652445,1098959.9236008776,0.1737200655043125,11217666048.0,
21420,2.4644713401794434,0.0007164006553922,0.0720128118991851,483.1308510620147,1085188.40982213,0.1710199285298586,11223957504.0,
21432,2.533966541290283,0.0007158842494857,0.0730623602867126,479.4871308840811,1093434.9771459242,0.191959785297513,11230248960.0,
21444,2.487025022506714,0.0007153679259856,0.0703285336494445,479.4993018731475,1093407.2228090572,0.218080123886466,11236540416.0,
21456,2.4523305892944336,0.0007148516850419,0.0846440717577934,478.8373610936105,1094918.7398464174,0.185410026460886,11242831872.0,
21468,2.4840822219848633,0.0007143355268041,0.0784565806388855,478.8897819817066,1094798.886354246,0.2047799061983823,11249123328.0,
21480,2.464137554168701,0.000713819451422,0.0682851523160934,477.04530181363225,1099031.890696251,0.1494400203227996,11255414784.0,
21492,2.423354387283325,0.0007133034590453,0.079646036028862,477.6192510034889,1097711.1975668045,0.1892601139843464,11261706240.0,
21504,2.4353418350219727,0.0007127875498237,0.0761026665568351,477.8999618720263,1097066.419395103,0.132580054923892,11267997696.0,
21516,2.4453020095825195,0.0007122717239067,0.0782193392515182,497.3439108580351,1054175.9706989878,0.1655498053878545,11274289152.0,
21528,2.4454827308654785,0.000711755981444,0.0705058127641677,478.20230200886726,1096372.8066500989,0.1708099152892828,11280580608.0,
21540,2.4229087829589844,0.0007112403225852,0.0784971565008163,478.0706721358001,1096674.677109395,0.207910081371665,11286872064.0,
21552,2.5174312591552734,0.0007107247474799,0.0801869481801986,476.9869919400662,1099166.243229285,0.1346799544990062,11293163520.0,
21564,2.459256649017334,0.0007102092562775,0.0841652899980545,477.6671410072595,1097601.143119099,0.1790199894458055,11299454976.0,
21576,2.473455905914306,0.0007096938491277,0.0763565972447395,480.0352409947663,1092186.479712468,0.1702900044620037,11305746432.0,
21588,2.439779281616211,0.0007091785261798,0.0718805566430091,477.4764319881797,1098039.536353449,0.1775198616087436,11312037888.0,
21600,2.428196907043457,0.0007086632875834,0.0693174973130226,479.7862011473626,1092753.3946291404,0.1665700692683458,11318329344.0,
21612,2.5066967010498047,0.0007081481334879,0.082771398127079,479.55217212438583,1093286.6755194482,0.201249960809946,11324620800.0,
21624,2.4849038124084473,0.0007076330640427,0.0747593119740486,477.70417178981006,1097516.0590196538,0.1763699110597372,11330912256.0,
21636,2.4188389778137207,0.0007071180793973,0.0949477553367614,484.3449709005654,1082468.1404767488,0.2011000178754329,11337203712.0,
21648,2.473237991333008,0.0007066031797009,0.0778535157442092,477.5787407997995,1097804.309969863,0.195549102500081,11343495168.0,
21660,2.4739720821380615,0.000706088365103,0.0724339112639427,479.4864810537547,1093436.4590379822,0.1713291276246309,11349786624.0,
21672,2.4430527687072754,0.0007055736357528,0.0750541165471077,489.0944310463965,1071956.5930822568,0.1824500504881143,11356078080.0,
21684,2.4426488876342773,0.0007050589917997,0.0879909321665763,479.8219320364296,1092672.0205865754,0.2010702155530452,11362369536.0,
21696,2.394198179244995,0.0007045444333929,0.080620102584362,480.0040910486132,1092257.3573376106,0.2668900415301323,11368660992.0,
21708,2.482187271118164,0.0007040299606816,0.0749903246760368,478.44421211630106,1095818.460591086,0.1980899833142757,11374952448.0,
21720,2.4300689697265625,0.0007035155738151,0.0778455510735511,479.9542920663953,1092370.6875142846,0.3265000414103269,11381243904.0,
21732,2.363957166671753,0.0007030012729426,0.0765661597251892,478.04056107997894,1096743.7549975673,0.1659509725868702,11387535360.0,
21744,2.424024820327759,0.0007024870582133,0.0823124721646308,481.7198521923274,1088367.0199887822,0.1689889468252658,11393826816.0,
21756,2.4692656993865967,0.0007019729297762,0.0747500956058502,477.66946093179286,1097595.8123369832,0.1992001198232174,11400118272.0,
21768,2.430363655090332,0.0007014588877805,0.0734637975692749,479.972662171349,1092328.8789577575,0.25223009288311,11406409728.0,
21780,2.3987112045288086,0.0007009449323754,0.0824380069971084,477.7471609413624,1097417.301166024,0.2002101391553878,11412701184.0,
21792,2.482574939727783,0.0007004310637098,0.0751486495137214,481.26527201384306,1089395.0394677958,0.2324800007045269,11418992640.0,
21804,2.4731335639953613,0.0006999172819329,0.0742063075304031,484.6342811360955,1081821.9436952476,0.334880081936717,11425284096.0,
21816,2.5113883018493652,0.0006994035871936,0.0812170431017875,479.0125011932105,1094518.4075447074,0.1932498998939991,11431575552.0,
21828,2.5094244480133057,0.000698889979641,0.070987194776535,496.16804090328515,1056674.2651250206,0.1822500489652156,11437867008.0,
21840,2.4505090713500977,0.0006983764594239,0.0693450793623924,481.89936205744743,1087961.5979601557,0.1624799333512783,11444158464.0,
21852,2.490506649017334,0.0006978630266914,0.0847684293985366,482.0636610966176,1087590.794143929,0.1993901096284389,11450449920.0,
21864,2.450939416885376,0.0006973496815924,0.0852578952908515,490.86080119013786,1068099.1407926946,0.1945598050951957,11456741376.0,
21876,2.4334850311279297,0.0006968364242758,0.0736798420548439,479.64044101536274,1093085.4764667505,0.1733901444822549,11463032832.0,
21888,2.492398262023926,0.0006963232548903,0.0734869614243507,480.3075210656971,1091567.3334382104,0.1685598399490118,11469324288.0,
21900,2.3606061935424805,0.000695810173585,0.09214548766613,480.3995909169316,1091358.1316738825,0.215149950236082,11475615744.0,
21912,2.44689679145813,0.0006952971805085,0.0746844485402107,479.8495809081942,1092609.060963852,0.1680308487266302,11481907200.0,
21924,2.4601645469665527,0.0006947842758098,0.0783374905586242,478.38817187584937,1095946.8290032523,0.1889800187200307,11488198656.0,
21936,2.5458853244781494,0.0006942714596375,0.0744823217391967,478.3355509862304,1096067.392271022,0.1682902220636606,11494490112.0,
21948,2.4205799102783203,0.0006937587321404,0.0761418789625167,479.17043208144605,1094157.6626975287,0.155820045620203,11500781568.0,
21960,2.3951218128204346,0.0006932460934671,0.0823256373405456,479.4125109910965,1093605.1687848775,0.1715200487524271,11507073024.0,
21972,2.4813685417175293,0.0006927335437665,0.083907313644886,480.8206120505929,1090402.505341916,0.1715598627924919,11513364480.0,
21984,2.4096734523773193,0.0006922210831871,0.0804207846522331,480.11348210275173,1092008.492875012,0.1716199330985546,11519655936.0,
21996,2.4535646438598633,0.0006917087118777,0.0760306566953659,480.7492019608617,1090564.472830228,0.1871399581432342,11525947392.0,
22008,2.443121910095215,0.0006911964299867,0.0831164643168449,480.22946203127503,1091744.7625607268,0.3864308819174766,11532238848.0,
22020,2.4866631031036377,0.0006906842376628,0.0701412335038185,478.84457116015255,1094902.253417526,0.1588200684636831,11538530304.0,
22032,2.3293347358703613,0.0006901721350546,0.0822729542851448,479.6008509583771,1093175.708409035,0.2349100541323423,11544821760.0,
22044,2.481731414794922,0.0006896601223105,0.0773711949586868,480.3219309542328,1091534.5858941353,0.1670198980718851,11551113216.0,
22056,2.391623020172119,0.0006891481995792,0.0822123289108276,483.8610419537872,1083550.7605302804,0.1570300664752721,11557404672.0,
22068,2.4428138732910156,0.000688636367009,0.0713752806186676,480.6167809292674,1090864.948548602,0.1666201278567314,11563696128.0,
22080,2.3719310760498047,0.0006881246247484,0.0690758973360061,489.81999000534415,1070368.728712521,0.1880989875644445,11569987584.0,
22092,2.467245578765869,0.0006876129729459,0.0677606612443924,479.470670921728,1093472.514162578,0.171059975400567,11576279040.0,
22104,2.430936574935913,0.0006871014117498,0.0745934024453163,477.6125808712095,1097726.5277301746,0.1729999203234911,11582570496.0,
22116,2.471181631088257,0.0006865899413086,0.0789515227079391,480.3534708917141,1091462.9158955116,0.2118500415235757,11588861952.0,
22128,2.4764013290405273,0.0006860785617705,0.0844601839780807,478.18030207417905,1096423.2481468222,0.1704399473965168,11595153408.0,
22140,2.480332851409912,0.000685567273284,0.0803254768252372,480.783041799441,1090487.713621786,0.165729783475399,11601444864.0,
22152,2.447038173675537,0.0006850560759972,0.0743799284100532,481.1354710254818,1089688.9370524767,0.1867110840976238,11607736320.0,
22164,2.432675838470459,0.0006845449700586,0.079952172935009,481.38935095630586,1089114.2460016485,0.1891001593321561,11614027776.0,
22176,2.421997308731079,0.0006840339556162,0.07747283577919,479.1373920161277,1094233.1129571963,0.2250201068818569,11620319232.0,
22188,2.4052085876464844,0.0006835230328184,0.084792286157608,477.7003319468349,1097524.8810552428,0.1926799304783344,11626610688.0,
22200,2.4380979537963867,0.0006830122018133,0.0719843581318855,478.65377203561366,1095338.699140119,0.1921199727803468,11632902144.0,
22212,2.420764446258545,0.000682501462749,0.0741821154952049,478.9134608581662,1094744.75630843,0.1843799836933612,11639193600.0,
22224,2.4398841857910156,0.0006819908157738,0.0668985471129417,479.730841005221,1092879.4965556406,0.2199399750679731,11645485056.0,
22236,2.490112781524658,0.0006814802610358,0.0659365430474281,478.4512119367718,1095802.42858552,0.1641300041228532,11651776512.0,
22248,2.4807965755462646,0.0006809697986829,0.0808745920658111,507.0373401977122,1034022.4642933815,0.1688599586486816,11658067968.0,
22260,2.413119316101074,0.0006804594288634,0.0768618360161781,481.8169809877873,1088147.617639257,0.1907800324261188,11664359424.0,
22272,2.385284423828125,0.0006799491517251,0.0798696279525756,496.0160809569061,1056997.988832443,0.1725698821246624,11670650880.0,
22284,2.46481990814209,0.0006794389674162,0.0695111900568008,479.03754212893546,1094461.1933126636,0.2017701044678688,11676942336.0,
22296,2.443617820739746,0.0006789288760845,0.0712195634841919,478.84510084986687,1094901.042256629,0.168300000950694,11683233792.0,
22308,2.4272689819335938,0.0006784188778781,0.0750822126865387,477.95813088305295,1096932.9029539684,0.1892200671136379,11689525248.0,
22320,2.452754020690918,0.0006779089729449,0.0750100314617157,480.8120720554143,1090421.872642946,0.1747400965541601,11695816704.0,
22332,2.426616668701172,0.0006773991614327,0.0804494395852088,478.6892218980938,1095257.5826150803,0.1807999797165393,11702108160.0,
22344,2.4660098552703857,0.0006768894434894,0.0908836126327514,478.858282091096,1094870.903580324,0.1754499971866607,11708399616.0,
22356,2.4302265644073486,0.0006763798192629,0.0670853406190872,479.8849809449166,1092528.4616485636,0.1895299647003412,11714691072.0,
22368,2.4984822273254395,0.000675870288901,0.0778603479266166,480.1926508080214,1091828.4549290356,0.1636301167309284,11720982528.0,
22380,2.391106605529785,0.0006753608525514,0.081755019724369,480.53225106559694,1091056.8413199596,0.176439993083477,11727273984.0,
22392,2.428110361099243,0.000674851510362,0.0823126137256622,499.25181013531983,1050147.4193110971,0.1847890671342611,11733565440.0,
22404,2.4470338821411133,0.0006743422624804,0.0834276154637336,477.66452212817967,1097607.160908863,0.1974799670279026,11739856896.0,
22416,2.4835643768310547,0.0006738331090544,0.0748372375965118,480.031891958788,1092194.099564142,0.1595290377736091,11746148352.0,
22428,2.4645581245422363,0.0006733240502316,0.0758548080921173,480.535470880568,1091049.5307230009,0.1867299433797598,11752439808.0,
22440,2.4530067443847656,0.0006728150861598,0.0736550018191337,484.36234099790454,1082429.321238804,0.2033200580626726,11758731264.0,
22452,2.4751062393188477,0.0006723062169864,0.0768097043037414,481.04488104581833,1089894.1463843638,0.1736599951982498,11765022720.0,
22464,2.5207748413085938,0.0006717974428591,0.0758136063814163,479.67416187748313,1093008.6330852066,0.1912401057779789,11771314176.0,
22476,2.234053134918213,0.0006712887639256,0.101177304983139,478.92393195070326,1094720.8210383735,0.1966399140655994,11777605632.0,
22488,2.4715356826782227,0.0006707801803332,0.0838553383946418,479.85122189857066,1092605.324470388,0.1938799396157264,11783897088.0,
22500,2.4573798179626465,0.0006702716922296,0.0690069124102592,478.4454919863492,1095815.5292117556,0.1919800415635109,11790188544.0,
22512,2.429253101348877,0.0006697632997622,0.0759176388382911,478.3105610404163,1096124.657711036,0.1653700601309538,11796480000.0,
22524,2.451791286468506,0.0006692973574734,0.0727560520172119,480.5180120747536,1091089.1721545646,0.1868000254034996,11802247168.0,
22536,2.4748458862304688,0.0006687891487209,0.0831270441412925,481.1888120602816,1089568.1421917994,0.2096600364893674,11808538624.0,
22548,2.479940414428711,0.0006682810360346,0.0684064850211143,478.05498191155493,1096710.6710269544,0.1663798466324806,11814830080.0,
22560,2.475236415863037,0.0006677730195619,0.0765052288770675,480.5299309082329,1091062.1093030802,0.2225700300186872,11821121536.0,
22572,2.464534044265747,0.0006672650994502,0.0723924711346626,479.7665218356997,1092798.2177538164,0.1785100903362035,11827412992.0,
22584,2.502403259277344,0.0006667572758467,0.0754039585590362,479.6793919522315,1092996.715715089,0.1727200578898191,11833704448.0,
22596,2.3978538513183594,0.0006662495488987,0.0678394064307212,478.4695019479841,1095760.5403593665,0.1762090250849723,11839995904.0,
22608,2.436967372894287,0.0006657419187536,0.0713395774364471,480.2195408847183,1091767.3175774843,0.1864000223577022,11846287360.0,
22620,2.429659366607666,0.0006652343855585,0.0864259377121925,478.4747220110148,1095748.5858321488,0.1719500869512558,11852578816.0,
22632,2.4958629608154297,0.0006647269494607,0.0816440656781196,505.291000008583,1037596.1574441148,0.1557799987494945,11858870272.0,
22644,2.48892593383789,0.0006642196106074,0.0771940425038337,484.3836510553956,1082381.700657442,0.1820800825953483,11865161728.0,
22656,2.423562526702881,0.0006637123691456,0.0642848089337349,489.0531210694462,1072047.1405100191,0.1621299888938665,11871453184.0,
22668,2.3414840698242188,0.0006632052252226,0.0875507369637489,480.4201510269195,1091311.4257995028,0.4094799514859915,11877744640.0,
22680,2.4682416915893555,0.0006626981789853,0.0645646452903747,480.0855210050941,1092072.093535262,0.2244398929178714,11884036096.0,
22692,2.4412150382995605,0.000662191230581,0.0752841010689735,480.5117619689554,1091103.364154222,0.5788900889456272,11890327552.0,
22704,2.4578375816345215,0.0006616843801565,0.0714172720909118,479.8960119951517,1092503.3484239432,0.1706099137663841,11896619008.0,
22716,2.4596424102783203,0.000661177627859,0.078782133758068,479.6130310278386,1093147.946536024,0.2167199272662401,11902910464.0,
22728,2.5714049339294434,0.0006606709738354,0.0733347982168197,485.6174411252141,1079631.7339533423,0.1868999097496271,11909201920.0,
22740,2.446150779724121,0.0006601644182327,0.0850763395428657,479.3534711934626,1093739.8631841808,0.2873099874705076,11915493376.0,
22752,2.4198031425476074,0.0006596579611977,0.0678132027387619,480.6761210784316,1090730.2797229078,0.1683300361037254,11921784832.0,
22764,2.4229650497436523,0.0006591516028774,0.0678883641958236,483.6213120725006,1084087.873946719,0.1963099930435419,11928076288.0,
22776,2.422391414642334,0.0006586453434187,0.0887921079993248,480.2600110415369,1091675.3174243674,0.2362600062042474,11934367744.0,
22788,2.4001758098602295,0.0006581391829683,0.0737198963761329,482.9361110460013,1085626.003125825,0.2614101395010948,11940659200.0,
22800,2.4662675857543945,0.0006576331216732,0.078431487083435,498.03582997992635,1052711.4083762444,0.1948301214724779,11946950656.0,
22812,2.524435520172119,0.00065712715968,0.0797056779265403,479.7836511861533,1092759.2024109615,0.1907199621200561,11953242112.0,
22824,2.4669158458709717,0.0006566212971356,0.0798755288124084,479.35229213908315,1093742.553436834,0.1618198584765195,11959533568.0,
22836,2.518608331680298,0.0006561155341866,0.0819804519414901,480.07372091524303,1092098.9363893196,0.1536800991743803,11965825024.0,
22848,2.5003695487976074,0.0006556098709797,0.0744952708482742,504.0811100043357,1040086.5844694924,0.1676599495112896,11972116480.0,
22860,2.402064561843872,0.0006551043076617,0.0740507021546363,479.13666209205985,1094234.7799285392,0.206800177693367,11978407936.0,
22872,2.47479248046875,0.0006545988443791,0.0833547934889793,479.51128194108605,1093379.9052186124,0.1958201173692941,11984699392.0,
22884,2.455386161804199,0.0006540934812785,0.0815779194235801,479.78241206146777,1092762.024658858,0.2187299542129039,11990990848.0,
22896,2.422234296798706,0.0006535882185066,0.0740841403603553,478.93674205988646,1094691.5405676744,0.1984098926186561,11997282304.0,
22908,2.544734477996826,0.0006530830562099,0.0806302428245544,480.1889010705054,1091836.9808864442,0.1697891857475042,12003573760.0,
22920,2.4978585243225098,0.0006525779945349,0.0811534151434898,478.7346511147916,1095153.648851471,0.1638708636164665,12009865216.0,
22932,2.439952850341797,0.0006520730336281,0.0706371292471885,489.4912508316338,1071087.5814618696,0.1680490095168352,12016156672.0,
22944,2.4590413570404053,0.0006515681736359,0.0844010263681411,496.9196510501206,1055076.004525164,0.1872200518846511,12022448128.0,
22956,2.4494850635528564,0.0006510634147048,0.0707136839628219,479.7615210991353,1092809.6084047223,0.1739799045026302,12028739584.0,
22968,2.5120463371276855,0.0006505587569812,0.0796573981642723,484.7819509450346,1081492.4090675246,0.1762111205607652,12035031040.0,
22980,2.3705129623413086,0.0006500542006115,0.0827710106968879,480.913451872766,1090192.00431663,0.1805301290005445,12041322496.0,
22992,2.4901068210601807,0.0006495497457419,0.0740570947527885,478.7352508865297,1095152.276815035,0.1497999764978885,12047613952.0,
23004,2.429847478866577,0.0006490453925189,0.071691483259201,480.2539311349392,1091689.1377880014,0.1920289359986782,12053905408.0,
23016,2.410673141479492,0.0006485411410887,0.07086843252182,479.8633719328791,1092577.659945537,0.1928708516061306,12060196864.0,
23028,2.444253921508789,0.0006480369915976,0.0690465196967125,482.1124719455838,1087480.6824312492,0.1972101163119077,12066488320.0,
23040,2.465799331665039,0.0006475329441918,0.0793293565511703,479.4184910133481,1093591.5277106042,0.2024299465119838,12072779776.0,
23052,2.459104299545288,0.0006470289990174,0.0699476152658462,477.6032620575279,1097747.9461537867,0.1597600057721138,12079071232.0,
23064,2.4265918731689453,0.0006465251562207,0.0677690356969833,479.7292109578848,1092883.2099949548,0.167099991813302,12085362688.0,
23076,2.42248010635376,0.0006460214159478,0.0715275332331657,479.04303087852895,1094448.6532629337,0.1900200732052326,12091654144.0,
23088,2.537247896194458,0.0006455177783448,0.071862019598484,478.7607821635902,1095093.8747126814,0.1744099427014589,12097945600.0,
23100,2.439324378967285,0.0006450142435577,0.0861778333783149,494.9849911499769,1059199.7926683489,0.1696401741355657,12104237056.0,
23112,2.473855495452881,0.0006445108117327,0.0775528848171234,477.93892212212086,1096976.9895954116,0.173310050740838,12110528512.0,
23124,2.4948573112487793,0.0006440074830158,0.0779564157128334,480.034930864349,1092187.1853283034,0.1918801572173833,12116819968.0,
23136,2.4559764862060547,0.0006435042575528,0.0792639628052711,479.0321812033653,1094473.4416025006,0.160240102559328,12123111424.0,
23148,2.454432964324951,0.0006430011354899,0.0764073207974433,480.942641152069,1090125.8385908552,0.1456898171454668,12129402880.0,
23160,2.459545135498047,0.0006424981169728,0.0711956024169921,480.21347098983824,1091781.117508664,0.1703100278973579,12135694336.0,
23172,2.458423614501953,0.0006419952021476,0.0809159651398658,480.81506113521755,1090415.0938245188,0.2007100265473127,12141985792.0,
23184,2.4178571701049805,0.0006414923911601,0.0805713385343551,480.0524620804936,1092147.2993343156,0.2026401925832033,12148277248.0,
23196,2.44234561920166,0.0006409896841561,0.079606607556343,478.99369103834033,1094561.3894485182,0.1700499560683965,12154568704.0,
23208,2.4782650470733643,0.0006404870812814,0.0681933835148811,479.91599095985293,1092457.867368414,0.2002699766308069,12160860160.0,
23220,2.4508633613586426,0.0006399845826819,0.0712172165513038,478.3486109226942,1096037.467295437,0.1859399490058422,12167151616.0,
23232,2.4600601196289062,0.0006394821885031,0.0815977081656456,480.49169103614986,1091148.9413467404,0.1749100629240274,12173443072.0,
23244,2.422309398651123,0.000638979898891,0.0884062796831131,478.0359310097992,1096754.3776311923,0.1744499895721674,12179734528.0,
23256,2.4172556400299072,0.0006384777139911,0.0735653042793273,478.14709111116827,1096499.403105443,0.176809960976243,12186025984.0,
23268,2.453361988067627,0.0006379756339492,0.0687736198306083,477.9178409371525,1097025.3777760628,0.1761498861014843,12192317440.0,
23280,2.4081411361694336,0.0006374736589107,0.0787945240736007,479.61495188064873,1093143.5684900584,0.1585509162396192,12198608896.0,
23292,2.45975923538208,0.0006369717890215,0.0758521258831024,1167.2663611825556,449158.8359222866,0.1608999446034431,12204900352.0,
23304,2.363564729690552,0.0006364700244269,0.0915385708212852,479.8519820906222,1092603.5935410303,0.1638000831007957,12211191808.0,
23316,2.437882900238037,0.0006359683652725,0.0774147287011146,479.8938611056656,1092508.2450357904,0.1574498601257801,12217483264.0,
23328,2.501119613647461,0.0006354668117039,0.0806159600615501,479.44156103767455,1093538.9056911597,0.1615099608898162,12223774720.0,
23340,2.4544477462768555,0.0006349653638665,0.0728110522031784,479.184061056003,1094126.542616211,0.1918000634759664,12230066176.0,
23352,2.307135581970215,0.0006344640219058,0.1215101480484008,478.16248098388314,1096464.1117831066,0.1587101723998785,12236357632.0,
23364,2.3989479541778564,0.0006339627859671,0.07388886064291,478.25186187401414,1096259.192688963,0.1829199027270078,12242649088.0,
23376,2.437269926071167,0.0006334616561959,0.0747473686933517,479.379712138325,1093679.9925498655,0.1616599038243293,12248940544.0,
23388,2.453944206237793,0.0006329606327375,0.0721828043460846,480.83976190537214,1090359.0791295215,0.207139877602458,12255232000.0,
23400,2.3898518085479736,0.0006324597157372,0.0786680430173873,482.6281119603664,1086318.817754766,0.1747400965541601,12261523456.0,
23412,2.496466875076294,0.0006319589053403,0.0802787467837333,479.82966201379895,1092654.417819052,0.1785799395292997,12267814912.0,
23424,2.4412522315979004,0.0006314582016921,0.0682939738035202,478.7699421867728,1095072.9229268744,0.1743510365486145,12274106368.0,
23436,2.4635567665100098,0.0006309576049378,0.0775080248713493,480.3722118958831,1091420.334100498,0.2030709292739629,12280397824.0,
23448,2.4426493644714355,0.0006304571152226,0.0713467374444007,481.06401110999286,1089850.8054890104,0.1729899086058139,12286689280.0,
23460,2.4837214946746826,0.0006299567326916,0.0788768231868743,478.8443110883236,1094902.848085198,0.1647400204092264,12292980736.0,
23472,2.59004545211792,0.00062945645749,0.0810421183705329,478.3245420549065,1096092.618931139,0.1886400859802961,12299272192.0,
23484,2.374225616455078,0.0006289562897629,0.0729690492153167,478.4479618538171,1095809.8723392382,0.1532600726932287,12305563648.0,
23496,2.4180569648742676,0.0006284562296554,0.0804021134972572,479.55271205864847,1093285.4445746113,0.1940398942679166,12311855104.0,
23508,2.460048198699951,0.0006279562773124,0.0757209062576294,516.4700588211417,1015137.2592570088,0.180630013346672,12318146560.0,
23520,2.4594740867614746,0.0006274564328791,0.0708014294505119,495.2412110287696,1058651.8010302316,0.1585897989571094,12324438016.0,
23532,2.466833114624023,0.0006269566965004,0.0699263513088226,478.28508191742,1096183.0502807167,0.1782800536602735,12330729472.0,
23544,2.481306314468384,0.0006264570683212,0.0789202526211738,479.6464629471302,1093071.7528459926,0.1769301015883684,12337020928.0,
23556,2.446211338043213,0.0006259575484864,0.0741698443889617,479.17521093040705,1094146.7505841926,0.2006900031119585,12343312384.0,
23568,2.4224605560302734,0.000625458137141,0.0737102255225181,479.6307920478285,1093107.4666025997,0.1871800050139427,12349603840.0,
23580,2.550278425216675,0.0006249588344298,0.0743932127952575,478.4996719099581,1095691.4513802596,0.1733999233692884,12355895296.0,
23592,2.4226315021514893,0.0006244596404976,0.0758840069174766,479.4178809970618,1093592.9192078116,0.1631099730730056,12362186752.0,
23604,2.4846291542053223,0.0006239605554891,0.0733906775712966,480.9563618618995,1090094.7395109884,0.1657200045883655,12368478208.0,
23616,2.4422216415405273,0.0006234615795493,0.076259508728981,478.066150797531,1096685.0489735776,0.1681800931692123,12374769664.0,
23628,2.3945846557617188,0.0006229627128227,0.0788376107811927,494.39263087697327,1060468.880917576,0.1662301365286111,12381061120.0,
23640,2.470731735229492,0.000622463955454,0.0744530111551284,481.4562920946628,1088962.8167886022,0.1575599890202283,12387352576.0,
23652,2.420382022857666,0.000621965307588,0.0765659064054489,478.5842408891767,1095497.8355031265,0.1815799623727798,12393644032.0,
23664,2.44974422454834,0.0006214667693693,0.09066853672266,479.1776118800044,1094141.2682930022,0.2173001412302255,12399935488.0,
23676,2.525458574295044,0.0006209683409425,0.0864128842949867,478.2767309807241,1096202.1901524,0.1738399732857942,12406226944.0,
23688,2.43632173538208,0.000620470022452,0.071989357471466,480.166801949963,1091887.2314180413,0.1847909297794103,12412518400.0,
23700,2.38992691040039,0.0006199718140426,0.0683263093233108,482.25712100975215,1087154.5015286522,0.2819399815052748,12418809856.0,
23712,2.4666380882263184,0.0006194737158586,0.063661403954029,484.2463021632284,1082688.7013032355,0.1552801113575697,12425101312.0,
23724,2.46038818359375,0.0006189757280445,0.0946589261293411,479.9677019473165,1092340.167625588,0.1811601687222719,12431392768.0,
23736,2.441054344177246,0.0006184778507448,0.0744882225990295,500.98149105906487,1046521.6966232936,0.2323400694876909,12437684224.0,
23748,2.471461772918701,0.000617980084104,0.095253013074398,480.13324197381735,1091963.5512939354,0.2826389390975237,12443975680.0,
23760,2.401989221572876,0.0006174824282662,0.0830380022525787,481.8991420324892,1087962.0947004156,0.203130068257451,12450267136.0,
23772,2.5471463203430176,0.000616984883376,0.093343935906887,487.0979709085077,1076350.2032704582,0.2374600153416395,12456558592.0,
23784,2.4813437461853027,0.0006164874495776,0.085284486413002,479.334922041744,1093782.188384641,0.1844698563218116,12462850048.0,
23796,2.38627552986145,0.0006159901270153,0.0784659832715988,478.986871894449,1094576.9722798034,0.1876398455351591,12469141504.0,
23808,2.376530647277832,0.0006154929158333,0.076338917016983,480.9728020336479,1090057.4788911284,0.1709100324660539,12475432960.0,
23820,2.397921562194824,0.0006149958161759,0.076420858502388,479.40826206468046,1093614.8612500643,0.1845599617809057,12481724416.0,
23832,2.407381534576416,0.0006144988281872,0.0708966925740242,482.1970011107624,1087290.046997968,0.1682490110397339,12488015872.0,
23844,2.4183967113494873,0.0006140019520114,0.0699519887566566,482.4794519226998,1086653.5308616594,0.172430882230401,12494307328.0,
23856,2.376878023147583,0.0006135051877926,0.0782964974641799,479.37552095390856,1093689.5546037063,0.1809701789170503,12500598784.0,
23868,2.4234416484832764,0.0006130085356749,0.0840769931674003,488.30714100040495,1073684.8921068006,0.1958000939339399,12506890240.0,
23880,2.448887825012207,0.0006125119958023,0.085781916975975,478.39200077578425,1095938.0573876414,0.1553790643811226,12513181696.0,
23892,2.4749739170074463,0.0006120155683189,0.0710418447852134,480.4095618892461,1091335.4803726191,0.1497401390224695,12519473152.0,
23904,2.4444212913513184,0.0006115192533686,0.067582681775093,479.5063219498843,1093391.215089748,0.1954301260411739,12525764608.0,
23916,2.470700740814209,0.0006110230510954,0.0769453644752502,486.01777106523514,1078742.4477316656,0.1702799927443266,12532056064.0,
23928,2.4262237548828125,0.0006105269616432,0.0698313787579536,478.9678421802819,1094620.46055831,0.1942801754921674,12538347520.0,
23940,2.3430838584899902,0.000610030985156,0.0788315460085868,501.1571100912988,1046154.9670611024,0.2303400542587041,12544638976.0,
23952,2.4822306632995605,0.0006095351217775,0.0717630386352539,479.6632819343358,1093033.425209673,0.1633500214666128,12550930432.0,
23964,2.4402077198028564,0.0006090393716515,0.0803699344396591,478.9700710680336,1094615.3667407946,0.1764700282365083,12557221888.0,
23976,2.4250240325927734,0.000608543734922,0.0744481161236763,477.89219208061695,1097084.256006335,0.1777301076799631,12563513344.0,
23988,2.449801445007324,0.0006080482117326,0.0853775218129158,493.84130095131695,1061652.800181013,0.1635688822716474,12569804800.0,
24000,2.4818005561828613,0.000607552802227,0.072444275021553,479.6678011771291,1093023.1270753855,0.1962000969797372,12576096256.0,
24012,2.4693164825439453,0.000607057506549,0.0772197395563125,478.5725208930671,1095524.6636844568,0.1808200031518936,12582387712.0,
24024,2.395801067352295,0.0006065623248422,0.068800963461399,479.47177197784185,1093470.0031188263,0.1685998868197202,12588679168.0,
24036,2.404613971710205,0.0006060672572503,0.0683589279651641,479.9087408464402,1092474.3714300469,0.1795399002730846,12594970624.0,
24048,2.4919662475585938,0.0006055723039167,0.0683441385626792,481.3044120091945,1089306.449137608,0.1799599267542362,12601262080.0,
24060,2.434971809387207,0.0006050774649852,0.0757623612880706,480.8413919527083,1090355.3828235418,0.1822100020945072,12607553536.0,
24072,2.4507975578308105,0.0006045827405991,0.0786296650767326,480.120562016964,1091992.389989487,0.2174400724470615,12613844992.0,
24084,2.4315552711486816,0.0006040881309021,0.0729043185710907,481.3240219373256,1089262.069010694,0.2430900931358337,12620136448.0,
24096,2.4844555854797363,0.0006035936360375,0.0849975943565368,479.7319010831416,1092877.081587152,0.1990399323403835,12626427904.0,
24108,2.452829122543335,0.0006030992561488,0.0869323089718818,477.5916619691998,1097774.6090420894,0.1709198113530874,12632719360.0,
24120,2.3964128494262695,0.0006026049913793,0.0712052956223487,480.9671819675714,1090070.2161324376,0.1474299933761358,12639010816.0,
24132,2.4123971462249756,0.0006021108418725,0.0722256824374198,487.03913181088865,1076480.2369177486,0.1485301181674003,12645302272.0,
24144,2.4331326484680176,0.0006016168077717,0.0726343914866447,480.4693318437785,1091199.7192163533,0.1747098285704851,12651593728.0,
24156,2.4055874347686768,0.0006011228892201,0.0772251039743423,480.1685109268874,1091883.3452613272,0.183868920430541,12657885184.0,
24168,2.4104766845703125,0.0006006290863611,0.0801010802388191,485.36068201065063,1080202.8665117442,0.1773799303919077,12664176640.0,
24180,2.4850950241088867,0.0006001353993378,0.0702935978770256,479.6012409497053,1093174.81948505,0.212240032851696,12670468096.0,
24192,2.445760726928711,0.0005996418282934,0.07644884288311,480.0679609179497,1092112.0397151606,0.1744001638144254,12676759552.0,
24204,2.3620290756225586,0.0005991483733711,0.0833696573972702,492.2455709893256,1065094.3977947324,0.177640002220869,12683051008.0,
24216,2.416337728500366,0.000598655034714,0.0771909952163696,486.5289011504501,1077609.159004253,0.184639822691679,12689342464.0,
24228,2.4203619956970215,0.0005981618124652,0.0785150453448295,485.20399210974574,1080551.7030482595,0.1931299921125173,12695633920.0,
24240,2.4654414653778076,0.0005976687067678,0.0704720914363861,479.0816910099238,1094360.3352797297,0.1834300346672535,12701925376.0,
24252,2.400937080383301,0.0005971757177648,0.0700489953160286,479.45197205990553,1093515.1601263878,0.1730001531541347,12708216832.0,
24264,2.4652347564697266,0.0005966828455991,0.0733121559023857,478.3631321042776,1096004.1960042007,0.4176299553364515,12714508288.0,
24276,2.469050884246826,0.0005961900904138,0.0731813386082649,478.7690308876336,1095075.007311928,0.1836910378187894,12720799744.0,
24288,2.434095621109009,0.0005956974523518,0.0826864466071128,479.6844918746501,1092985.0951633549,0.1618498936295509,12727091200.0,
24300,2.392507314682007,0.0005952049315558,0.0781422555446624,480.2513609174639,1091694.9803086645,0.1876400783658027,12733382656.0,
24312,2.410292148590088,0.0005947125281689,0.0927828401327133,480.05965212360024,1092130.941812649,0.2311700955033302,12739674112.0,
24324,2.470093250274658,0.0005942202423338,0.0672294795513153,479.82515185140073,1092664.6883287376,0.1951397862285375,12745965568.0,
24336,2.4673895835876465,0.0005937280741932,0.0817495435476303,479.489702032879,1093429.1138624896,0.1984399277716875,12752257024.0,
24348,2.452626466751098,0.00059323602389,0.0857671275734901,478.813641006127,1094972.9813426328,0.175470020622015,12758548480.0,
24360,2.403262138366699,0.0005927440915669,0.0720107033848762,479.8161210492254,1092685.2537874863,0.1837101299315691,12764839936.0,
24372,2.4515161514282227,0.0005922522773665,0.0845799446105957,480.57370097376406,1090962.7366991986,0.1902708318084478,12771131392.0,
24384,2.413209915161133,0.0005917605814316,0.0803567618131637,478.43947098590434,1095829.319683046,0.1730399671941995,12777422848.0,
24396,2.446739673614502,0.0005912690039046,0.0872780680656433,491.7401608545333,1066189.1009449095,0.1735200639814138,12783714304.0,
24408,2.4567174911499023,0.0005907775449282,0.0718991681933403,479.3046209961176,1093851.3359424649,0.1810200046747923,12790005760.0,
24420,2.47118878364563,0.000590286204645,0.0669632330536842,481.607411056757,1088621.1216093872,0.19088014960289,12796297216.0,
24432,2.4668493270874023,0.0005897949831974,0.0709037482738494,495.25976087898016,1058612.149449616,0.1805499196052551,12802588672.0,
24444,2.4584391117095947,0.0005893038807279,0.0723648741841316,478.5699211061001,1095530.615021173,0.1812400296330452,12808880128.0,
24456,2.3819966316223145,0.000588812897379,0.076080784201622,479.1365009732544,1094235.1478858965,0.1698799896985292,12815171584.0,
24468,2.480985403060913,0.0005883220332931,0.0861392095685005,480.3245018702,1091528.7435028255,0.1809000968933105,12821463040.0,
24480,2.4535365104675293,0.0005878312886125,0.0774454772472381,480.6939009577036,1090689.9358519888,0.1800800673663616,12827754496.0,
24492,2.370297908782959,0.0005873406634796,0.0721261948347091,479.2268709279597,1094028.80306938,0.186920166015625,12834045952.0,
24504,2.3503496646881104,0.0005868501580367,0.120127335190773,481.85937106609344,1088051.8912396266,0.1715400721877813,12840337408.0,
24516,2.416304111480713,0.000586359772426,0.067039743065834,479.1046809405088,1094307.822187823,0.1946899574249982,12846628864.0,
24528,2.498394012451172,0.0005858695067899,0.0825658664107322,478.84666197933257,1094897.472674935,0.2035901416093111,12852920320.0,
24540,2.4205007553100586,0.0005853793612704,0.0786142796277999,477.4306220933795,1098144.8942281206,0.1635798253118991,12859211776.0,
24552,2.4291634559631348,0.0005848893360098,0.0777775794267654,480.2496610209346,1091698.8444831942,0.1788099762052297,12865503232.0,
24564,2.434927225112915,0.0005843994311501,0.0706441476941108,479.4918021652847,1093424.3247380352,0.1862598583102226,12871794688.0,
24576,2.3440494537353516,0.0005839096468336,0.0902929529547691,478.7013418972492,1095229.8523377352,0.1901199575513601,12878086144.0,
24588,2.4890568256378174,0.0005834199832022,0.0822571143507957,477.40329103544354,1098207.7623781518,0.1712699886411428,12884377600.0,
24600,2.414395570755005,0.0005829304403979,0.0780756622552871,478.0065221711993,1096821.8542679737,0.171659979969263,12890669056.0,
24612,2.451925754547119,0.0005824410185628,0.0797687843441963,478.9766320027411,1094600.3728987756,0.1641400158405304,12896960512.0,
24624,2.428356409072876,0.0005819517178388,0.07991324365139,480.07427202537656,1092097.6826941608,0.1747000496834516,12903251968.0,
24636,2.4521522521972656,0.0005814625383679,0.0808021053671836,477.0853710360825,1098939.5857211214,0.1490700524300336,12909543424.0,
24648,2.486438512802124,0.0005809734802918,0.0737295299768447,479.2906721122563,1093883.170497432,0.1761908642947673,12915834880.0,
24660,2.441154956817627,0.0005804845437525,0.0877216681838035,479.37792097218335,1093684.0790179458,0.2025598660111427,12922126336.0,
24672,2.4613265991210938,0.0005799957288918,0.0734686106443405,477.69530303776264,1097536.4351835677,0.156699912622571,12928417792.0,
24684,2.4333198070526123,0.0005795070358514,0.0722979083657264,476.6954609658569,1099838.456480608,0.1615600194782018,12934709248.0,
24696,2.367262363433838,0.0005790184647731,0.08293217420578,478.6527219694108,1095341.102089263,0.1982299145311117,12941000704.0,
24708,2.376574754714966,0.0005785300157987,0.0836470648646354,477.6493520475924,1097642.0207679055,0.1795701682567596,12947292160.0,
24720,2.2517194747924805,0.0005780416890697,0.0900110825896263,478.4250620286912,1095862.32330061,0.1619199756532907,12953583616.0,
24732,2.3971714973449707,0.0005775534847278,0.0723709166049957,479.4355521444231,1093552.6113050242,0.1832100097090006,12959875072.0,
24744,2.4576423168182373,0.0005770654029146,0.0696722343564033,478.7033230531961,1095225.31963234,0.2078998368233442,12966166528.0,
24756,2.4508206844329834,0.0005765774437718,0.0716212540864944,479.2789020575583,1093910.0339055534,9.627308929339051,12972457984.0,
24768,2.477790117263794,0.0005760896074407,0.0810309424996376,479.5793918892741,1093224.623215353,0.1830889377743005,12978749440.0,
24780,2.411263942718506,0.0005756018940629,0.0737183913588523,479.6221919823438,1093127.0670213285,0.2129501663148403,12985040896.0,
24792,2.4001126289367676,0.0005751143037799,0.0771924331784248,488.4504817891866,1073369.808295697,0.1988199073821306,12991332352.0,
24804,2.506645679473877,0.0005746268367331,0.0855489447712898,481.0047219507396,1089985.1416712145,0.19134022295475,12997623808.0,
24816,2.487445116043091,0.0005741394930639,0.0840532407164573,480.0892120692879,1092063.6973703403,0.2078709658235311,13003915264.0,
24828,2.48836898803711,0.0005736522729136,0.0795508623123169,479.47429097257555,1093464.2583995971,0.189000042155385,13010206720.0,
24840,2.472710132598877,0.0005731651764235,0.0777112245559692,479.9174810759723,1092454.475349698,0.373210059478879,13016498176.0,
24852,2.4270553588867188,0.000572678203735,0.0751159563660621,506.3128799665719,1035502.000333499,0.1788500230759382,13022789632.0,
24864,2.3839900493621826,0.0005721913549892,0.088028997182846,482.4544920120388,1086709.74916929,1.0609710589051249,13029081088.0,
24876,2.471644401550293,0.0005717046303274,0.0639899671077728,479.738982161507,1092860.9504230267,0.1847399398684501,13035372544.0,
24888,2.4426944255828857,0.0005712180298908,0.0760740637779235,486.8187711108476,1076967.5105248166,0.2016499638557434,13041664000.0,
24900,2.476226568222046,0.0005707315538204,0.0826921015977859,481.62599094212055,1088579.1254214237,0.1848298124969005,13047955456.0,
24912,2.398226261138916,0.0005702452022574,0.0797316506505012,478.29882288351655,1096151.558223014,0.2269099932163953,13054246912.0,
24924,2.4280495643615723,0.0005697589753429,0.0722782239317894,480.9749210253358,1090052.6765144635,0.2085498999804258,13060538368.0,
24936,2.4668588638305664,0.0005692728732179,0.0887424051761627,478.88742107898,1094804.2836847294,0.1962599344551563,13066829824.0,
24948,2.516640901565552,0.0005687868960233,0.0658082216978073,479.33376114815474,1093784.837404663,0.4375509452074766,13073121280.0,
24960,2.447911262512207,0.0005683010439002,0.0811555534601211,478.8460209965706,1094898.9383034988,0.1884698867797851,13079412736.0,
24972,2.4327120780944824,0.0005678153169893,0.0828706249594688,479.3737919535488,1093693.499311709,0.1902899239212274,13085704192.0,
24984,2.449959516525269,0.0005673297154318,0.0718594714999198,480.2398211322725,1091721.212880419,0.1914401073008775,13091995648.0,
24996,2.439685821533203,0.0005668442393683,0.0717498436570167,478.90927200205624,1094754.3316675418,0.1656999811530113,13098287104.0,
25008,2.448932647705078,0.0005663588889396,0.0768691152334213,479.49004196561873,1093428.338679854,0.1985798589885234,13104578560.0,
25020,2.456277370452881,0.0005659545263218,0.0901733934879303,480.3281819913536,1091520.3805581362,0.2048499882221222,13109821440.0,
25032,2.464853525161743,0.0005654694065894,0.0706473663449287,478.9665921125561,1094623.3174375417,0.2006599679589271,13116112896.0,
25044,2.4284372329711914,0.0005649844128906,0.0843853056430816,479.26320182159543,1093945.8694247194,0.1877299509942531,13122404352.0,
25056,2.399995803833008,0.0005644995453661,0.0765234306454658,479.48397090658545,1093442.183288633,0.1875199377536773,13128695808.0,
25068,2.3864541053771973,0.0005640148041567,0.0722872465848922,478.9835410192609,1094584.5840220996,0.2544110175222158,13134987264.0,
25080,2.419339179992676,0.0005635301894027,0.0842401683330535,478.7930510938168,1095020.0693227453,0.1923299860209226,13141278720.0,
25092,2.4321069717407227,0.0005630457012449,0.0758830234408378,503.60056990757585,1041079.044243776,0.2113699447363615,13147570176.0,
25104,2.465667724609375,0.0005625613398237,0.0730146318674087,478.2571920659393,1096246.9748446862,0.1846600789576769,13153861632.0,
25116,2.4346704483032227,0.0005620771052796,0.0754103660583496,477.90095186792314,1097064.1467667485,0.155189074575901,13160153088.0,
25128,2.3972864151000977,0.0005615929977531,0.0774477943778038,480.430101044476,1091288.824035328,0.1907509285956621,13166444544.0,
25140,2.4214892387390137,0.0005611090173845,0.0672344490885734,478.4884119872004,1095717.2354970735,0.1925399992614984,13172736000.0,
25152,2.4356131553649902,0.0005606251643144,0.0753891989588737,478.8165909703821,1094966.2352707211,0.1707600895315408,13179027456.0,
25164,2.418527603149414,0.0005601414386829,0.0752636417746543,478.36777195334435,1095993.5654928156,0.17163110896945,13185318912.0,
25176,2.42075514793396,0.0005596578406304,0.0860834866762161,477.77717211283743,1097348.3678206753,0.1523701939731836,13191610368.0,
25188,2.3764657974243164,0.0005591743702972,0.0815685614943504,478.6997609771788,1095233.4693666047,0.1771398819983005,13197901824.0,
25200,2.4133529663085938,0.0005586910278235,0.0657973960041999,483.33684098906815,1084725.9210101431,0.1812700647860765,13204193280.0,
25212,2.5002636909484863,0.0005582078133495,0.1103765964508056,477.9184819199145,1097023.906449083,0.1462700311094522,13210484736.0,
25224,2.363236904144287,0.0005577247270153,0.0856585726141929,479.2490708641708,1093978.125100203,0.1820300240069627,13216776192.0,
25236,2.383725881576538,0.000557241768961,0.0961963161826133,478.0584122054279,1096702.801612257,0.1695298124104738,13223067648.0,
25248,2.448935031890869,0.0005567589393269,0.0704894512891769,477.5097519159317,1097962.916770554,0.1831299159675836,13229359104.0,
25260,2.421121120452881,0.0005562762382527,0.0762764513492584,479.2854420375079,1093895.1072062196,0.1700499560683965,13235650560.0,
25272,2.441451072692871,0.0005557936658787,0.0813795328140258,478.5379320383072,1095603.8485117003,0.1649297773838043,13241942016.0,
25284,2.388428211212158,0.0005553112223447,0.0702903345227241,477.66451188363135,1097607.184449422,0.1852798741310835,13248233472.0,
25296,2.4532175064086914,0.0005548289077907,0.0812412202358245,477.8473910409957,1097187.1141910662,0.1642399001866579,13254524928.0,
25308,2.590653419494629,0.0005543467223566,0.0857147574424743,480.2885209210217,1091610.5156846202,0.1708099152892828,13260816384.0,
25320,2.4072582721710205,0.0005538646661822,0.0675654411315918,479.11148192361,1094292.288498302,0.3912898246198892,13267107840.0,
25332,2.4278979301452637,0.0005533827394074,0.0763690024614334,478.92927192151546,1094708.6151082402,0.1848710235208273,13273399296.0,
25344,2.397386074066162,0.0005529009421719,0.0825377777218818,477.7290020138025,1097459.0150272106,0.1971509773284196,13279690752.0,
25356,2.3405325412750244,0.0005524192746155,0.07123364508152,477.2744120564312,1098504.3127307023,0.1703398302197456,13285982208.0,
25368,2.406865119934082,0.0005519377368778,0.0697183534502983,478.1843412201851,1096413.9868364823,0.2210799138993024,13292273664.0,
25380,2.414658784866333,0.0005514563290986,0.0747270137071609,487.6210510265082,1075195.582504699,0.1721300650388002,13298565120.0,
25392,2.463409900665283,0.0005509750514175,0.073991484940052,477.73171099834144,1097452.79187008,0.1709000207483768,13304856576.0,
25404,2.444570302963257,0.0005504939039741,0.0771204084157943,478.9059308823198,1094761.969295452,0.1732001546770334,13311148032.0,
25416,2.492981433868408,0.0005500128869078,0.0661408305168151,479.11313199438155,1094288.5197439094,0.1723300665616989,13317439488.0,
25428,2.478654384613037,0.0005495320003583,0.0795719474554061,478.9947720710188,1094558.919157192,0.1984399277716875,13323730944.0,
25440,2.3934173583984375,0.0005490512444651,0.072646252810955,479.1631221305579,1094174.354797586,0.1851399429142475,13330022400.0,
25452,2.4163053035736084,0.0005485706193675,0.0738690346479415,477.84777195192873,1097186.2395807991,0.1684699673205614,13336313856.0,
25464,2.377797842025757,0.0005480901252049,0.0730767622590065,497.7542511187494,1053306.9257000086,0.2135098911821842,13342605312.0,
25476,2.375244140625,0.0005476097621168,0.075339637696743,478.0375009868294,1096750.7756560815,0.1811799593269825,13348896768.0,
25488,2.4537534713745117,0.0005471295302425,0.0849066823720932,478.64029090851545,1095369.5498655993,0.1762399915605783,13355188224.0,
25500,2.364895820617676,0.0005466494297212,0.0874260291457176,478.12003013677895,1096561.463551346,0.1693901140242815,13361479680.0,
25512,2.470327377319336,0.0005461694606922,0.0790789946913719,479.3301811441779,1093793.006625425,0.1971300225704908,13367771136.0,
25524,2.4498448371887207,0.0005456896232947,0.0756961926817894,479.2516410816461,1093972.2581162355,0.2092290669679641,13374062592.0,
25536,2.409796714782715,0.0005452099176679,0.0748675689101219,477.687600068748,1097554.1335478362,0.1411500852555036,13380354048.0,
25548,2.4205472469329834,0.0005447303439509,0.0748856738209724,479.61901989765465,1093134.2967004878,0.2041601110249757,13386645504.0,
25560,2.4395911693573,0.0005442509022828,0.0786067992448806,479.10302015952766,1094311.615538193,0.1738099381327629,13392936960.0,
25572,2.4168126583099365,0.0005437715928027,0.080526128411293,479.2693399358541,1093931.8590047327,0.1760399900376796,13399228416.0,
25584,2.4177651405334473,0.0005432924156496,0.0824915841221809,477.4685511365533,1098057.6600322658,0.1583199482411146,13405519872.0,
25596,2.427624225616455,0.0005428133709625,0.0941184312105178,477.52625099383295,1097924.980896539,0.1721000298857689,13411811328.0,
25608,2.4620442390441895,0.0005423344588803,0.0714361518621444,478.0517499893904,1096718.085461743,0.1656298991292715,13418102784.0,
25620,2.4989659786224365,0.000541855679542,0.0747281536459922,478.6321809515357,1095388.1098377027,0.1743598841130733,13424394240.0,
25632,2.4311697483062744,0.0005413770330864,0.0766632333397865,478.2680000644177,1096222.2016304329,0.1801298931241035,13430685696.0,
25644,2.352015495300293,0.0005408985196522,0.0746979340910911,478.87298092246056,1094837.296917558,0.178460031747818,13436977152.0,
25656,2.4610612392425537,0.0005404201393785,0.0731980502605438,479.6344020869583,1093099.23916789,0.1893499866127967,13443268608.0,
25668,2.4253153800964355,0.0005399418924038,0.0898301973938942,480.9184209443629,1090180.7399485214,0.1827599480748176,13449560064.0,
25680,2.36749529838562,0.0005394637788668,0.0949105992913246,479.2188899591565,1094047.0231561295,0.1571099273860454,13455851520.0,
25692,2.446904420852661,0.0005389857989064,0.1046898066997528,480.3461511619389,1091479.5480962377,0.1701901201158762,13462142976.0,
25704,2.517658233642578,0.000538507952661,0.0861245617270469,499.65836899355054,1049292.9420076767,0.1655509695410728,13468434432.0,
25716,2.387357234954834,0.0005380302402694,0.0801397934556007,477.6475108228624,1097646.251933331,0.1767890062183141,13474725888.0,
25728,2.4058046340942383,0.00053755266187,0.0827899575233459,479.6492611058056,1093065.3761277192,0.1654198858886957,13481017344.0,
25740,2.433389902114868,0.0005370752176013,0.0723200812935829,479.2570909485221,1093959.8180224209,0.194700201973319,13487308800.0,
25752,2.448894500732422,0.0005365979076019,0.0755921006202697,481.6364401485771,1088555.5084624942,0.1980999950319528,13493600256.0,
25764,2.4692583084106445,0.0005361207320103,0.0931165143847465,478.50317088887095,1095683.4393094592,0.179060036316514,13499891712.0,
25776,2.415189743041992,0.0005356436909647,0.0815518423914909,479.0512209292501,1094429.9421322856,0.2332599833607673,13506183168.0,
25788,2.4633119106292725,0.0005351667846036,0.0807254612445831,478.43903000466526,1095830.3297180575,0.1933600287884473,13512474624.0,
25800,2.4227166175842285,0.0005346900130652,0.0809926241636276,480.1797610707581,1091857.7634985792,0.1925700344145298,13518766080.0,
25812,2.4309723377227783,0.000534213376488,0.0702640861272811,477.8398801572621,1097204.3602293122,0.1619001850485801,13525057536.0,
25824,2.443150043487549,0.00053373687501,0.0793275833129882,479.3695400003344,1093703.2002484645,0.2185690682381391,13531348992.0,
25836,2.4296367168426514,0.0005332605087696,0.0758130624890327,479.96857995167375,1092338.169412649,0.1666001044213771,13537640448.0,
25848,2.4028990268707275,0.0005327842779049,0.0888237953186035,491.3955898955464,1066936.7222270863,0.257949810475111,13543931904.0,
25860,2.4311347007751465,0.000532308182554,0.0736662521958351,483.9711009990424,1083304.3520940258,0.2027701120823621,13550223360.0,
25872,2.4432740211486816,0.000531832222855,0.0733423456549644,1093.2297930121422,479577.1239964523,0.231809914112091,13556514816.0,
25884,2.3961539268493652,0.000531356398946,0.0831871554255485,489.750558976084,1070520.4729038454,0.1577499788254499,13562806272.0,
25896,2.400353193283081,0.0005308807109649,0.0691358223557472,479.65306020341814,1093056.7184907617,0.1989200245589018,13569097728.0,
25908,2.402768850326538,0.0005304051590498,0.0792643427848815,480.30187119729817,1091580.1737208583,0.1761089079082012,13575389184.0,
25920,2.394003629684448,0.0005299297433386,0.0828722640872001,483.1766199786216,1085085.6153246765,0.1775398850440979,13581680640.0,
25932,2.392341375350952,0.0005294544639691,0.0836042389273643,477.4300509598106,1098146.2079020531,0.1432399731129408,13587972096.0,
25944,2.4208297729492188,0.0005289793210793,0.0667905062437057,479.4459699187428,1093528.8497447525,0.1892799045890569,13594263552.0,
25956,2.438086986541748,0.0005285043148068,0.0845828726887703,480.56582105346024,1090980.6254025626,0.1838097814470529,13600555008.0,
25968,2.5037906169891357,0.0005280294452896,0.0823236182332038,497.6229800377041,1053584.7841276857,0.1940999645739793,13606846464.0,
25980,2.374422311782837,0.0005275547126654,0.075295977294445,477.2802800871432,1098490.8069201475,0.1753109972923994,13613137920.0,
25992,2.468104362487793,0.0005270801170717,0.0721620544791221,486.6539400536567,1077332.2824473465,0.1723300665616989,13619429376.0,
26004,2.448030710220337,0.0005266056586464,0.0794088989496231,480.54053098894656,1091038.0419337817,0.1930301077663898,13625720832.0,
26016,2.4549074172973633,0.000526131337527,0.0790528208017349,480.0254099536687,1092208.8479662014,0.1671200152486562,13632012288.0,
26028,2.4688878059387207,0.000525657153851,0.0703106075525283,478.9052000269294,1094763.6400074975,0.1737100537866354,13638303744.0,
26040,2.476368188858032,0.000525183107756,0.0728874877095222,479.3680699076503,1093706.5543414345,0.2016997896134853,13644595200.0,
26052,2.450472354888916,0.0005247091993796,0.0836887806653976,480.11587001383305,1092003.0616461278,0.1781701575964689,13650886656.0,
26064,2.4750754833221436,0.0005242354288591,0.0758570358157157,480.88815016672015,1090249.364261177,0.1661698333919048,13657178112.0,
26076,2.488251209259033,0.000523761796332,0.0861802548170089,489.25684997811913,1071600.734917554,0.1574400812387466,13663469568.0,
26088,2.455892562866211,0.0005232883019357,0.0768635496497154,479.2612011078745,1093950.436188117,0.2253300044685602,13669761024.0,
26100,2.398722887039185,0.0005228149458074,0.0756398141384124,477.57106996141374,1097821.943113851,0.1626689918339252,13676052480.0,
26112,2.4145150184631348,0.0005223417280845,0.0792576149106025,480.2790500689298,1091632.0416740102,0.1841799821704626,13682343936.0,
26124,2.4930572509765625,0.0005218686489043,0.0763052999973297,480.13444105163217,1091960.8242467649,0.1649109181016683,13688635392.0,
26136,2.4550037384033203,0.0005213957084039,0.0834946557879448,478.97125012241304,1094612.6721927573,0.1778600271791219,13694926848.0,
26148,2.4711289405822754,0.0005209229067205,0.0779460594058036,477.3618709295988,1098303.052522856,0.162540003657341,13701218304.0,
26160,2.474619626998902,0.0005204502439913,0.0864078849554061,477.8348810505122,1097215.8391772518,0.1926110126078128,13707509760.0,
26172,2.4328346252441406,0.0005199777203534,0.0722773745656013,480.02237104810774,1092215.76247632,0.1631600316613912,13713801216.0,
26184,2.418222188949585,0.0005195053359437,0.0695985183119773,481.11082101240754,1089744.7679450114,0.1992499455809593,13720092672.0,
26196,2.472397804260254,0.0005190330908994,0.0777285546064376,479.8953200224787,1092504.9237309543,0.1791799440979957,13726384128.0,
26208,2.427574157714844,0.0005185609853574,0.0831770375370979,478.3537909388542,1096025.5984822274,0.1729801297187805,13732675584.0,
26220,2.4240243434906006,0.0005180890194546,0.0781472697854042,479.8732809722424,1092555.098999827,0.2160000149160623,13738967040.0,
26232,2.392880439758301,0.0005176171933279,0.0751998052000999,478.5938907880336,1095475.7469568371,0.1786898355931043,13745258496.0,
26244,2.372962474822998,0.0005171455071141,0.0698106363415718,477.69146086648107,1097545.262896259,0.165020115673542,13751549952.0,
26256,2.4334487915039062,0.0005166739609502,0.0801153182983398,480.6678199674934,1090749.1165842067,0.1804600469768047,13757841408.0,
26268,2.4644408226013184,0.0005162025549728,0.0664654746651649,481.17492091842,1089599.5971678863,0.2113599330186844,13764132864.0,
26280,2.410288095474243,0.0005157312893187,0.0788302347064018,477.1881611086428,1098702.865515211,0.1675300300121307,13770424320.0,
26292,2.4332289695739746,0.0005152601641245,0.0770137086510658,479.6067599672824,1093162.2399062216,0.2003000117838382,13776715776.0,
26304,2.818267345428467,0.000514789179527,0.0844526961445808,480.5610510520637,1090991.4543681962,0.1977400388568639,13783007232.0,
26316,2.4250359535217285,0.0005143183356626,0.0765406787395477,480.2133911289274,1091781.299075101,0.164709985256195,13789298688.0,
26328,2.3914918899536133,0.0005138476326681,0.1194666847586631,478.8434009533375,1094904.929160945,0.2072500064969062,13795590144.0,
26340,2.42152738571167,0.0005133770706799,0.0780863612890243,479.56300084479153,1093261.9886780705,0.1846898812800645,13801881600.0,
26352,2.438655138015747,0.0005129066498344,0.0745641067624092,477.94054984115064,1096973.2536279953,0.1829799730330705,13808173056.0,
26364,2.4157633781433105,0.0005124363702683,0.0799224898219108,480.127610033378,1091976.3601254926,0.2001000102609396,13814464512.0,
26376,2.4360556602478027,0.0005119662321177,0.0831258893013,478.29765104688704,1096154.243811255,0.1837899908423423,13820755968.0,
26388,2.445807456970215,0.0005114962355192,0.0779630914330482,479.5513700228185,1093288.5041597376,0.1925202086567878,13827047424.0,
26400,2.43546199798584,0.0005110263806089,0.0814620032906532,478.4568198956549,1095789.584761986,0.1724900212138891,13833338880.0,
26412,2.4287288188934326,0.0005105566675233,0.0738746225833892,477.8008908033371,1097293.8939450346,0.1744099427014589,13839630336.0,
26424,2.4486076831817627,0.0005100870963985,0.0767218768596649,478.3512700814754,1096031.3744138286,0.1981700770556926,13845921792.0,
26436,2.41522216796875,0.0005096176673708,0.0792002454400062,478.4985908772797,1095693.926786221,0.1825399231165647,13852213248.0,
26448,2.4500107765197754,0.0005091483805762,0.0807110965251922,479.2198911309242,1094044.7375060294,0.213349936529994,13858504704.0,
26460,2.375490188598633,0.000508679236151,0.0761560499668121,479.7070510685444,1092933.6953295805,0.1906289253383875,13864796160.0,
26472,2.471417188644409,0.0005082102342311,0.0826809257268905,478.80375012755394,1094995.6007243656,0.2131999935954809,13871087616.0,
26484,2.4182682037353516,0.0005077413749527,0.0698302090167999,479.7893911600113,1092746.1291555492,0.1654601655900478,13877379072.0,
26496,2.4570584297180176,0.0005072726584517,0.0780374482274055,477.71917120553553,1097481.5992352725,0.1706799957901239,13883670528.0,
26508,2.428074836730957,0.000506804084864,0.075669378042221,478.89069095253944,1094796.8083429704,0.1883099321275949,13889961984.0,
26520,2.4295177459716797,0.0005063356543255,0.0848384797573089,479.3748299125582,1093691.1312086084,0.1885499805212021,13896253440.0,
26532,2.406672716140747,0.0005058673669722,0.0782811492681503,479.0247108321637,1094490.5098720372,0.1975898630917072,13902544896.0,
26544,2.4007391929626465,0.0005053992229399,0.0705406814813613,478.8375908974558,1094918.2143727674,0.2080898266285658,13908836352.0,
26556,2.4399898052215576,0.0005049312223643,0.0875327885150909,480.6593509856611,1090768.3350482455,0.1871499698609113,13915127808.0,
26568,2.34554386138916,0.0005044633653811,0.095090202987194,494.774519931525,1059650.3637102402,0.1993400510400533,13921419264.0,
26580,2.4365625381469727,0.0005039956521262,0.0874796137213707,478.7290100939572,1095166.5534058637,0.1968098804354667,13927710720.0,
26592,2.437397003173828,0.0005035280827351,0.0689215809106826,479.79406104423106,1092735.4933467323,0.1813310664147138,13934002176.0,
26604,2.4229893684387207,0.0005030606573434,0.0858470797538757,479.4895809609443,1093429.3899552005,0.2003798726946115,13940293632.0,
26616,2.4691333770751953,0.0005025933760867,0.0830599814653396,481.2898701056838,1089339.3619210694,0.3136501181870699,13946585088.0,
26628,2.4693636894226074,0.0005021262391006,0.0729771703481674,481.0787008609623,1089817.52686558,0.1851799897849559,13952876544.0,
26640,2.452763795852661,0.0005016592465206,0.0712221562862396,478.6408308427781,1095368.3142260294,0.2223700284957885,13959168000.0,
26652,2.431434631347656,0.000501192398482,0.0721848532557487,479.05106004327536,1094430.3096889884,0.229960074648261,13965459456.0,
26664,2.4493370056152344,0.0005007256951204,0.0817920938134193,493.6159900389612,1062137.3913730346,0.1756199635565281,13971750912.0,
26676,2.485839605331421,0.000500259136571,0.0931128859519958,479.0335998404771,1094470.2003671413,0.1831399276852607,13978042368.0,
26688,2.4982614517211914,0.0004997927229693,0.081725887954235,478.94702199846506,1094668.0445205488,0.4124599508941173,13984333824.0,
26700,2.4160144329071045,0.0004993264544503,0.0803333446383476,478.8011000491678,1095001.6613290175,0.1925399992614984,13990625280.0,
26712,2.398967981338501,0.0004988603311496,0.0829545259475708,479.4839210808277,1093442.296914101,0.1772299874573946,13996916736.0,
26724,2.424598217010498,0.0004983943532021,0.0752704069018364,478.7604210432619,1095094.700722189,0.2190601080656051,14003208192.0,
26736,2.4187533855438232,0.0004979285207431,0.0809911638498306,477.9336699284613,1096989.0446899822,0.1744900364428758,14009499648.0,
26748,2.5001883506774902,0.0004974628339076,0.077128492295742,479.4806998688728,1093449.642797679,0.1808099914342165,14015791104.0,
26760,2.41581130027771,0.0004969972928309,0.093596450984478,477.753470884636,1097402.8069941553,0.1674899831414222,14022082560.0,
26772,2.404393196105957,0.0004965318976477,0.0748814642429351,481.61000991240144,1088615.2472108316,0.1760500017553568,14028374016.0,
26784,2.4250376224517822,0.0004960666484933,0.0842639580368995,1139.3063799478114,460181.7467431511,0.1717200502753257,14034665472.0,
26796,2.4728846549987793,0.0004956015455025,0.0730088651180267,480.42884003371,1091291.688407408,0.195639906451106,14040956928.0,
26808,2.42732572555542,0.0004951365888101,0.0872726663947105,480.0633199047297,1092122.5977107496,0.192929059267044,14047248384.0,
26820,2.3516623973846436,0.0004946717785512,0.082059234380722,480.3900010883808,1091379.9180086243,0.1600198447704315,14053539840.0,
26832,2.454735279083252,0.0004942071148604,0.0851612016558647,479.8335100058466,1092645.655351607,0.1870600972324609,14059831296.0,
26844,2.433377742767334,0.0004937425978725,0.080656312406063,478.4291910473258,1095852.865608566,0.1689400523900985,14066122752.0,
26856,2.475461721420288,0.0004932782277224,0.0770819634199142,479.0421419311315,1094450.6842059277,0.1818099990487098,14072414208.0,
26868,2.430487155914306,0.0004928140045446,0.0712743699550628,507.6275991741568,1032820.1241479926,0.1725899055600166,14078705664.0,
26880,2.4454126358032227,0.0004923499284739,0.0840999856591224,478.6255301441998,1095403.3309548765,0.1796889118850231,14084997120.0,
26892,2.5198659896850586,0.0004918859996448,0.0797581598162651,480.1139498595148,1092007.4289726657,0.2141399309039116,14091288576.0,
26904,2.404392719268799,0.0004914222181918,0.0843700468540191,479.7553909011185,1092823.5720608295,0.2384299878031015,14097580032.0,
26916,2.442458152770996,0.0004909585842496,0.0785438939929008,479.4916110113263,1093424.7606421951,0.2361799124628305,14103871488.0,
26928,2.3845226764678955,0.0004904950979525,0.0731154158711433,479.4983600731939,1093409.370409461,0.5231311079114676,14110162944.0,
26940,2.3756444454193115,0.0004900317594351,0.0806229561567306,481.9249901920557,1087903.7415990026,0.2282599452883005,14116454400.0,
26952,2.394190549850464,0.0004895685688316,0.0784878358244896,479.7923809383065,1092739.3198172003,0.1663900911808014,14122745856.0,
26964,2.410149574279785,0.0004891055262765,0.0780849307775497,486.8667300324887,1076861.423587137,0.1753901597112417,14129037312.0,
26976,2.3793785572052,0.000488642631904,0.0808022022247314,507.2690979577601,1033550.0469292476,0.1492900773882866,14135328768.0,
26988,2.45875883102417,0.0004881798858485,0.0787821039557457,479.943921091035,1092394.2922501436,0.1741498708724975,14141620224.0,
27000,2.4085605144500732,0.0004877172882441,0.076119914650917,479.8869900405407,1092523.887667195,0.1762800384312868,14147911680.0,
27012,2.3690571784973145,0.0004872548392249,0.080498419702053,479.1911409702152,1094110.3772045483,0.1716997940093279,14154203136.0,
27024,2.3725335597991943,0.0004867925389253,0.0764497891068458,479.1345098055899,1094239.6952637187,0.1840398181229829,14160494592.0,
27036,2.567995548248291,0.0004863303874791,0.0910264328122139,479.8182009253651,1092680.517306079,0.1822898630052805,14166786048.0,
27048,2.4514970779418945,0.0004858683850205,0.0698638707399368,479.28190091624856,1093903.1893291045,0.1714199315756559,14173077504.0,
27060,2.432868003845215,0.0004854065316834,0.0745067000389099,479.6635499224067,1093032.8145317945,0.1895199529826641,14179368960.0,
27072,2.3993701934814453,0.0004849448276019,0.0919601321220398,481.24616988934577,1089438.2808709955,0.1715999096632003,14185660416.0,
27084,2.366387367248535,0.0004844832729098,0.0814710706472396,479.2681811377406,1093934.5039668318,0.2105000894516706,14191951872.0,
27096,2.417877674102783,0.0004840218677411,0.0743160992860794,478.4159699920565,1095883.149571084,0.1678599510341882,14198243328.0,
27108,2.478538274765014,0.0004835606122294,0.0694841668009758,482.0281208958477,1087670.9828165472,0.3085499629378319,14204534784.0,
27120,2.4340286254882812,0.0004830995065087,0.0708369463682174,479.0696110576391,1094387.9300599603,0.1908899284899234,14210826240.0,
27132,2.454551935195923,0.0004826385507127,0.0691799148917198,479.9467308912426,1092387.8969368483,0.1585599966347217,14217117696.0,
27144,2.397643566131592,0.0004821777449751,0.0711393281817436,479.646670864895,1093071.2790200503,0.1895900350064039,14223409152.0,
27156,2.4254655838012695,0.0004817170894294,0.0796170234680175,480.0991911906749,1092040.998235665,0.1811799593269825,14229700608.0,
27168,2.529914379119873,0.0004812565842094,0.1655926257371902,479.0913409087807,1094338.2925800465,0.1761091407388448,14235992064.0,
27180,2.4355556964874268,0.0004807962294486,0.0874428823590278,480.141389882192,1091945.0208794535,0.2253199927508831,14242283520.0,
27192,2.4181206226348877,0.0004803360252805,0.0688196122646331,479.5477818697691,1093296.6845468197,0.2343801315873861,14248574976.0,
27204,2.4696855545043945,0.0004798759718386,0.0755736082792282,480.4275210481137,1091294.684484767,0.1774400006979704,14254866432.0,
27216,2.497649669647217,0.0004794160692563,0.0795656144618988,480.6973501108587,1090682.1098121062,0.2313398290425539,14261157888.0,
27228,2.332578659057617,0.0004789563176671,0.0724016949534416,501.92388892173767,1044556.777574995,0.1714800018817186,14267449344.0,
27240,2.41141939163208,0.0004784967172043,0.0726248621940612,478.10017014853656,1096607.0140429228,0.1497901976108551,14273740800.0,
27252,2.3636364936828613,0.0004780372680011,0.074920617043972,481.0598408803344,1089860.2532287014,0.1814998686313629,14280032256.0,
27264,2.4132437705993652,0.0004775779701909,0.0842994824051857,478.22896018624306,1096311.6909436423,0.1594091299921274,14286323712.0,
27276,2.411454439163208,0.0004771188239069,0.0806047618389129,477.8580300044269,1097162.6865727108,0.1708199270069599,14292615168.0,
27288,2.3073837757110596,0.0004766598292822,0.0815537571907043,480.14779086224735,1091930.463865065,0.1687798649072647,14298906624.0,
27300,2.437816619873047,0.0004762009864499,0.0755988806486129,477.7980900835246,1097300.325977336,0.1698699779808521,14305198080.0,
27312,2.4169836044311523,0.0004757422955432,0.0706447884440422,478.6612510215491,1095321.5846928807,0.1814400311559438,14311489536.0,
27324,2.485963821411133,0.0004752837566952,0.076211892068386,488.4600599762052,1073348.7606449134,0.189460115507245,14317780992.0,
27336,2.3982958793640137,0.0004748253700387,0.0961386337876319,480.1915211137384,1091831.023554905,0.195670174434781,14324072448.0,
27348,2.494591236114502,0.0004743671357067,0.0790471583604812,477.2496111690998,1098561.3979143368,0.1297499984502792,14330363904.0,
27360,2.388369560241699,0.0004739090538322,0.0781104862689971,477.8994310181588,1097067.6380237804,0.1629001926630735,14336655360.0,
27372,2.4380075931549072,0.000473451124548,0.0726996958255767,497.82834900543094,1053150.1491376106,0.1699600834399461,14342946816.0,
27384,2.4596288204193115,0.0004729933479869,0.1006678417325019,477.6808109600097,1097569.7326972843,0.2037200611084699,14349238272.0,
27396,2.427727460861206,0.0004725357242818,0.0717943981289863,480.9882310219109,1090022.512372276,0.1646601594984531,14355529728.0,
27408,2.4661998748779297,0.0004720782535653,0.0842389091849327,483.589369803667,1084159.480620627,0.1612298656255006,14361821184.0,
27420,2.440514087677002,0.0004716209359701,0.0774060264229774,477.4147218558938,1098181.4678062124,0.1554400660097599,14368112640.0,
27432,2.337923526763916,0.000471163771629,0.076852299273014,484.34303095564246,1082472.476099312,0.1672599464654922,14374404096.0,
27444,2.412597894668579,0.0004707067606743,0.0762399286031723,480.3698200266808,1091425.768527423,0.1838000025600195,14380695552.0,
27456,2.441196918487549,0.0004702499032389,0.0827531591057777,479.78825005702674,1092748.728085117,0.1811299007385969,14386987008.0,
27468,2.5077102184295654,0.000469793199455,0.0756651237607002,480.9990010689944,1089998.1056817127,0.1708699855953455,14393278464.0,
27480,2.4477224349975586,0.0004693366494553,0.0692709311842918,479.0748399682343,1094375.9852526663,0.1741698943078518,14399569920.0,
27492,2.450228214263916,0.000468880253372,0.0864847674965858,479.8738001845777,1092553.9168805191,0.1610100734978914,14405861376.0,
27504,2.4476120471954346,0.0004684240113377,0.080377385020256,479.6139600221068,1093145.8291494143,0.1868200488388538,14412152832.0,
27516,,,,,,,14417920000.0,
27528,2.4270057678222656,0.0004675499785095,0.0788475796580314,479.1306199040264,1094248.5790305345,0.1612601336091756,14424211456.0,
27540,2.414440870285034,0.0004670941865402,0.1075865849852562,479.42174109630287,1093584.1140643738,0.1741999294608831,14430502912.0,
27552,2.4030494689941406,0.0004666385491377,0.0720579102635383,479.7968610655517,1092729.116309016,0.2142598386853933,14436794368.0,
27564,2.4293389320373535,0.0004661830664344,0.0893948152661323,479.76647107861936,1092798.3333668285,0.1443598885089159,14443085824.0,
27576,2.436072826385498,0.0004657277385623,0.0730790346860885,480.66230001859367,1090761.6427993595,0.175560126081109,14449377280.0,
27588,2.436755657196045,0.0004652725656534,0.0896981060504913,481.0786810703576,1089817.5716984705,0.1695400569587946,14455668736.0,
27600,2.408691883087158,0.0004648175478399,0.0723675265908241,481.29861103370786,1089319.5782841796,0.1875900197774171,14461960192.0,
27612,2.413999080657959,0.0004643626852536,0.0832848697900772,481.23997007496655,1089452.3161040167,0.1876400783658027,14468251648.0,
27624,2.278188705444336,0.0004639079780265,0.1137375906109809,480.91923096217215,1090178.9037445232,0.1764500048011541,14474543104.0,
27636,2.4320356845855713,0.0004634534262905,0.0858734026551246,1060.1536461617798,494539.6376253122,0.1741200685501098,14480834560.0,
27648,2.449148178100586,0.0004629990301774,0.0842700898647308,480.0186709035188,1092224.1816410078,0.1712699886411428,14487126016.0,
27660,2.464481830596924,0.0004625447898191,0.0755715146660804,480.51920090802014,1091086.472734641,0.1887199468910694,14493417472.0,
27672,2.4154295921325684,0.0004620907053472,0.0911527797579765,479.9299519509077,1092426.0881588606,0.1662198919802904,14499708928.0,
27684,2.4678139686584473,0.0004616367768934,0.0732113122940063,481.0400600545108,1089905.0693212294,0.2032001502811908,14506000384.0,
27696,2.417022228240967,0.0004611830045896,0.0827149972319603,478.7687009666115,1095075.7619315698,0.1685100141912698,14512291840.0,
27708,2.4228196144104004,0.0004607293885671,0.1143519878387451,482.3341509327293,1086980.8803422714,0.2116200048476457,14518583296.0,
27720,2.408477544784546,0.0004602759289577,0.0788150802254676,478.91305992379785,1094745.6728021195,0.1994888298213482,14524874752.0,
27732,2.4365527629852295,0.0004598226258929,0.0715229958295822,479.38228119164705,1093674.131419139,0.2024699933826923,14531166208.0,
27744,2.4692158699035645,0.000459369479504,0.0889529064297676,479.29556109011173,1093872.0125167803,0.2135199028998613,14537457664.0,
27756,2.4248318672180176,0.0004589164899226,0.0775471180677414,480.29663087800145,1091592.083503856,0.1783100888133049,14543749120.0,
27768,2.4482479095458984,0.0004584636572801,0.0816669836640358,482.1118509862572,1087482.0831047047,0.2131799701601266,14550040576.0,
27780,2.4149229526519775,0.0004580109817077,0.0756938531994819,489.8168100044131,1070375.6777871228,0.1563800033181905,14556332032.0,
27792,2.3981738090515137,0.0004575584633368,0.0806017592549324,489.3522500060498,1071391.8245875405,0.1902398653328418,14562623488.0,
27804,2.431528091430664,0.0004571061022987,0.0776643007993698,478.01910107955337,1096792.991777846,0.190280145034194,14568914944.0,
27816,2.4200687408447266,0.0004566538987245,0.0788911804556846,478.4276210702956,1095856.4616882063,0.1912899315357208,14575206400.0,
27828,2.426621437072754,0.0004562018527454,0.083079494535923,479.3358719907701,1093780.0207243732,0.1890501007437706,14581497856.0,
27840,2.459289073944092,0.0004557499644925,0.0791399776935577,479.0286908391863,1094481.4163041594,0.2179311122745275,14587789312.0,
27852,2.367959499359131,0.0004552982340968,0.0714355260133743,479.5202910900116,1093359.362975497,0.1524500548839569,14594080768.0,
27864,2.4278464317321777,0.0004548466616895,0.0788520947098732,478.6823110189289,1095273.3951751722,0.1840197946876287,14600372224.0,
27876,2.401539087295532,0.0004543952474015,0.0785076767206192,481.0500608291477,1089882.4107751416,0.1710888464003801,14606663680.0,
27888,2.41835880279541,0.0004539439913636,0.0813409462571144,483.37117000482976,1084648.8837858522,0.1714900135993957,14612955136.0,
27900,2.3669512271881104,0.0004534928937069,0.0887712091207504,480.34126101993024,1091490.659966949,0.1762500032782554,14619246592.0,
27912,2.4173519611358643,0.0004530419545621,0.0751457139849662,480.98550108261406,1090028.6990354587,0.1782698091119527,14625538048.0,
27924,2.419847249984741,0.00045259117406,0.0745709463953971,480.4400210268795,1091266.2914288468,0.1794788986444473,14631829504.0,
27936,2.451658248901367,0.0004521405523314,0.0732681080698967,481.12323111854494,1089716.659037858,0.2075200900435447,14638120960.0,
27948,2.455272674560547,0.0004516900895069,0.0847342312335968,482.7545508742333,1086034.2984867832,0.9393100626766682,14644412416.0,
27960,2.4295008182525635,0.0004512397857173,0.0743592977523803,490.9158598165959,1067979.348224504,0.2159101422876119,14650703872.0,
27972,2.4311630725860596,0.0004507896410931,0.077588714659214,1188.0857979413122,441287.9952849148,0.1830100081861019,14656995328.0,
27984,2.4312870502471924,0.000450339655765,0.0833857208490371,494.9802609626204,1059209.9147153525,0.1765298657119274,14663286784.0,
27996,2.444256067276001,0.0004498898298633,0.0877031087875366,490.1667709928006,1069611.4690477469,0.1747698988765478,14669578240.0,
28008,2.4842090606689453,0.0004494401635186,0.0908931642770767,478.359340922907,1096012.8822580993,0.1955300103873014,14675869696.0,
28020,2.4879250526428223,0.0004489906568614,0.0718828737735748,478.8769909646362,1094828.1289186375,0.1706911716610193,14682161152.0,
28032,2.389159679412842,0.0004485413100219,0.0915268287062645,480.44272186234593,1091260.1568147314,0.1672799699008464,14688452608.0,
28044,2.4881110191345215,0.0004480921231305,0.0711306408047676,497.55452084355056,1053729.748271859,0.2099098637700081,14694744064.0,
28056,2.4502487182617188,0.0004476430963175,0.0709084942936897,479.825901100412,1092662.9821308532,0.2711599227041006,14701035520.0,
28068,2.44244122505188,0.0004471942297132,0.0718483999371528,480.5993309710175,1090904.556485155,0.2020800020545721,14707326976.0,
28080,2.416015625,0.0004467455234477,0.0813028886914253,480.26682203635573,1091659.835624273,0.2086600288748741,14713618432.0,
28092,2.3784279823303223,0.0004462969776512,0.0811576843261718,479.5034409034997,1093397.7846167595,0.2038599923253059,14719909888.0,
28104,2.47724986076355,0.0004458485924538,0.0792851969599723,479.7761309891939,1092776.330742074,0.4133300390094518,14726201344.0,
28116,2.414482831954956,0.0004454003679855,0.0735518857836723,481.3231900334358,1089263.9516570552,0.2183201722800731,14732492800.0,
28128,2.422441005706787,0.0004449523043763,0.0784796476364135,489.2436400987208,1071629.668796937,0.1965998671948909,14738784256.0,
28140,2.4652042388916016,0.0004445044017562,0.0733438432216644,481.6522509790957,1088519.7752823432,0.1905600074678659,14745075712.0,
28152,2.4183921813964844,0.0004440566602551,0.073085181415081,480.1007411442697,1092037.4726987812,0.183128984645009,14751367168.0,
28164,2.4182486534118652,0.0004436090800029,0.0755802989006042,480.31966108828783,1091539.7442030387,0.187859870493412,14757658624.0,
28176,2.345904588699341,0.0004431616611294,0.0735995694994926,481.7195599898696,1088367.6801727246,0.1657998654991388,14763950080.0,
28188,2.416332483291626,0.0004427144037643,0.077574223279953,480.321791023016,1091534.9038887916,0.1953600440174341,14770241536.0,
28200,2.4418697357177734,0.0004422673080374,0.0742939263582229,479.88266218453646,1092533.7406717725,0.211009057238698,14776532992.0,
28212,2.462096691131592,0.0004418203740784,0.082683615386486,481.0392898507416,1089906.814394886,0.1879900228232145,14782824448.0,
28224,2.4116852283477783,0.0004413736020169,0.0783119425177574,481.0547309461981,1089871.8301112335,0.2228498924523592,14789115904.0,
28236,2.4320621490478516,0.0004409269919824,0.0733550637960434,479.9519111402333,1092376.1065029127,0.2065701410174369,14795407360.0,
28248,2.383723258972168,0.0004404805441046,0.0770233273506164,480.8575611095875,1090318.7188950423,0.1891111023724079,14801698816.0,
28260,2.387843608856201,0.0004400342585129,0.0956639572978019,478.80033194087446,1095003.417969106,0.1743899192661047,14807990272.0,
28272,2.307454824447632,0.0004395881353367,0.0866197794675827,481.9167498499155,1087922.3437726127,0.1701901201158762,14814281728.0,
28284,2.39184045791626,0.0004391421747055,0.0796616673469543,480.6495010852814,1090790.6880506172,0.2073200885206461,14820573184.0,
28296,2.4672532081604004,0.0004386963767485,0.0710566341876983,480.04658217541873,1092160.6766245335,0.1743398606777191,14826864640.0,
28308,2.4353299140930176,0.0004382507415952,0.0862472802400589,482.3973209131509,1086838.5400805138,0.2118290867656469,14833156096.0,
28320,2.46203088760376,0.0004378052693747,0.078518234193325,479.5630909502506,1093261.7832642775,0.203039962798357,14839447552.0,
28332,2.374631404876709,0.0004373599602163,0.0803404375910759,481.60386085510254,1088629.146512884,0.1887800171971321,14845739008.0,
28344,2.4251632690429688,0.0004369148142491,0.0764732286334037,479.90512009710073,1092482.6138423344,0.3506799694150686,14852030464.0,
28356,2.4574573040008545,0.0004364698316022,0.0793776214122772,481.7706609610468,1088252.2380132875,0.1916701439768076,14858321920.0,
28368,2.420769214630127,0.0004360250124047,0.0744031071662902,482.4983021244406,1086611.0775759402,0.187949975952506,14864613376.0,
28380,2.419332504272461,0.0004355803567856,0.0911567658185958,479.35465117916465,1093737.1708197757,0.1741398591548204,14870904832.0,
28392,2.450568437576294,0.0004351358648739,0.081168457865715,479.99813104979694,1092270.9195832436,0.1752499956637621,14877196288.0,
28404,2.415767192840576,0.0004346915367985,0.0797605514526367,511.6857890971005,1024628.80770079,0.2315999008715152,14883487744.0,
28416,2.349348783493042,0.0004342473726883,0.0774491727352142,480.75153096579015,1090559.1895812557,0.2058399841189384,14889779200.0,
28428,2.4551055431365967,0.0004338033726721,0.0791037678718566,480.0706810783595,1092105.851626509,0.1646699383854866,14896070656.0,
28440,2.4697794914245605,0.0004333595368787,0.0803098008036613,481.5016810316593,1088860.1652992517,0.1829001121222973,14902362112.0,
28452,2.4232430458068848,0.0004329158654369,0.0770623087882995,481.35587107390165,1089189.9974759154,0.1899399794638157,14908653568.0,
28464,2.440948009490967,0.0004324723584752,0.0956334024667739,486.9596411008388,1076655.9602655682,0.18550013191998,14914945024.0,
28476,2.4416346549987793,0.0004320290161223,0.0761677101254463,487.1090410742909,1076325.7418579485,0.2058099489659071,14921236480.0,
28488,2.441258430480957,0.0004315858385069,0.0933864116668701,479.8492209520191,1092609.8805783505,0.1842398196458816,14927527936.0,
28500,2.445160388946533,0.0004311428257575,0.0783955007791519,480.2934811450541,1091599.2420926883,0.1684199087321758,14933819392.0,
28512,2.393711805343628,0.0004306999780026,0.0854396373033523,479.826170951128,1092662.3676252137,0.197889981791377,14940110848.0,
28524,2.4163756370544434,0.0004302572953705,0.0922654345631599,481.3499010633677,1089203.5063096017,0.2635200507938862,14946402304.0,
28536,2.367225646972656,0.0004298147779898,0.0740745291113853,490.4005511198193,1069101.5717718902,0.1969500444829464,14952693760.0,
28548,2.470494031906128,0.0004293724259887,0.0772889927029609,481.8395609036088,1088096.624977796,0.2301300410181284,14958985216.0,
28560,2.3635010719299316,0.0004289302394956,0.068772941827774,479.4859811663627,1093437.5989985256,0.1810200046747923,14965276672.0,
28572,2.445795774459839,0.0004284882186388,0.0892775654792785,480.0836509093642,1092076.3475425686,0.2375300973653793,14971568128.0,
28584,2.396592140197754,0.0004280463635463,0.0909092500805854,479.8863909672946,1092525.2515354855,0.2120200078934431,14977859584.0,
28596,2.4331462383270264,0.0004276046743465,0.0822347849607467,477.9540009330958,1096942.3814351333,0.1643700525164604,14984151040.0,
28608,2.4349074363708496,0.0004271631511673,0.0839915871620178,477.8266509529203,1097234.7376489418,0.1826400402933359,14990442496.0,
28620,2.456719875335694,0.0004267217941369,0.1002718061208725,479.8632620368153,1092577.9101626172,0.1726399641484022,14996733952.0,
28632,2.452728271484375,0.0004262806033832,0.0710532441735267,477.5911420583725,1097775.8040912745,0.1696699764579534,15003025408.0,
28644,2.4113850593566895,0.0004258395790343,0.0825054123997688,480.01973121427,1092221.76903801,0.2219199668616056,15009316864.0,
28656,2.448709487915039,0.0004253987212181,0.0791136994957923,480.71760102175176,1090636.1632809795,0.2426400315016508,15015608320.0,
28668,2.4604456424713135,0.0004249580300623,0.084381952881813,477.8987909667194,1097069.1073301148,0.1557900104671716,15021899776.0,
28680,2.458653211593628,0.0004245175056949,0.0848454013466835,480.4557419847697,1091230.5841827565,0.1436199527233839,15028191232.0,
28692,2.398960590362549,0.0004240771482436,0.0935448855161666,479.4602310284972,1093496.3237208268,0.1787201035767793,15034482688.0,
28704,2.4551339149475098,0.0004236369578362,0.0853445902466774,480.2757410798222,1091639.5627670542,0.1584300771355629,15040774144.0,
28716,2.422529935836792,0.0004231969346003,0.0798733457922935,477.968221064657,1096909.7460750998,0.1517902128398418,15047065600.0,
28728,2.4462647438049316,0.0004227570786635,0.0835735648870468,480.5972001049667,1090909.3933245777,0.2573898527771234,15053357056.0,
28740,2.450707197189331,0.0004223173901534,0.0855647996068,479.38805096782744,1093660.9682730408,0.1996499486267566,15059648512.0,
28752,2.4373347759246826,0.0004218778691976,0.0946098566055297,504.0494299028069,1040151.955138796,0.1981400419026613,15065939968.0,
28764,2.450918674468994,0.0004214385159235,0.0942641496658325,480.71368085220456,1090645.0573042715,0.1817198935896158,15072231424.0,
28776,2.40378475189209,0.0004209993304585,0.0795251056551933,481.3702809624374,1089157.3924168192,0.1888200640678405,15078522880.0,
28788,2.438878059387207,0.0004205603129301,0.0871595442295074,484.5941900275648,1081911.4442337358,0.1847799867391586,15084814336.0,
28800,2.4059066772460938,0.0004201214634656,0.0737125501036644,480.5014110170305,1091126.868681386,0.2126300241798162,15091105792.0,
28812,2.429910659790039,0.0004196827821923,0.0841021761298179,483.7956801056862,1083697.1505935483,0.1997901126742363,15097397248.0,
28824,2.427849531173706,0.0004192442692373,0.071459874510765,481.0766810551286,1089822.102476673,0.1741289161145687,15103688704.0,
28836,2.437999963760376,0.000418805924728,0.074194923043251,479.5100309420377,1093382.7577495975,0.1797000877559185,15109980160.0,
28848,2.4105758666992188,0.0004183677487913,0.0885848030447959,497.2926201298833,1054284.698339312,0.1807799562811851,15116271616.0,
28860,2.405592441558838,0.0004179297415545,0.071334384381771,478.7586119491607,1095098.8387769705,0.1674098894000053,15122563072.0,
28872,2.449097156524658,0.0004174919031446,0.0932114198803901,480.4023599717766,1091351.8410500763,0.2048101741820573,15128854528.0,
28884,2.4391117095947266,0.0004170542336885,0.0825868919491767,480.7263719849289,1090616.2643734403,0.1867199316620826,15135145984.0,
28896,2.3753020763397217,0.0004166167333133,0.1036521941423416,481.94104083813727,1087867.5098684635,0.1782199833542108,15141437440.0,
28908,2.4120113849639893,0.0004161794021457,0.0824238210916519,480.1535620354116,1091917.3394809335,0.1691400539129972,15147728896.0,
28920,2.4262328147888184,0.0004157422403127,0.0804478675127029,479.61049200966954,1093153.7335705943,0.1778900623321533,15154020352.0,
28932,2.4138078689575195,0.000415305247941,0.0752293542027473,479.83971098437905,1092631.5350691513,0.1743701286613941,15160311808.0,
28944,2.373682737350464,0.0004148684251574,0.0777540653944015,480.6148309726268,1090869.3744198263,0.3460501320660114,15166603264.0,
28956,2.4307637214660645,0.0004144317720885,0.0724993422627449,480.5203310679644,1091083.906553467,0.3039399161934852,15172894720.0,
28968,2.4326860904693604,0.0004139952888612,0.0832653939723968,492.694681044668,1064123.5234939908,0.4917299374938011,15179186176.0,
28980,2.412982225418091,0.0004135589756018,0.0844361558556556,481.9122219923884,1087932.5654626808,0.2065899316221475,15185477632.0,
28992,2.4078540802001953,0.000413122832437,0.0835973694920539,498.8906290382147,1050907.6929561647,0.143490033224225,15191769088.0,
29004,2.4767751693725586,0.0004126868594934,0.0787231177091598,481.4143008552492,1089057.8012921184,0.1781899482011795,15198060544.0,
29016,2.409956693649292,0.0004122510568972,0.0823284238576889,480.2557120565325,1091685.089501412,0.1956499181687832,15204352000.0,
29028,2.403864860534668,0.000411815424775,0.0801417902112007,480.1844109315425,1091847.1905052017,0.1779401209205389,15210643456.0,
29040,2.4063169956207275,0.0004113799632531,0.0913975611329078,480.4026510100812,1091351.1798855537,0.167699996381998,15216934912.0,
29052,2.391024112701416,0.0004109446724578,0.084847554564476,480.3193509578705,1091540.4489834642,0.1726399641484022,15223226368.0,
29064,2.341946601867676,0.0004105095525154,0.083650916814804,478.18656102754176,1096408.8971329392,0.1836889423429966,15229517824.0,
29076,2.4410958290100098,0.000410074603552,0.0897708535194397,479.22948095947504,1094022.8446511938,0.1665200106799602,15235809280.0,
29088,2.4309115409851074,0.0004096398256938,0.0742947906255722,479.26628100685775,1093938.8410521166,0.2332699950784444,15242100736.0,
29100,2.4285359382629395,0.000409205219067,0.0753873363137245,480.8460611384362,1090344.7950862113,0.1759701408445835,15248392192.0,
29112,2.3947668075561523,0.0004087707837975,0.080554261803627,480.0276008900255,1092203.8629193627,0.1673288643360138,15254683648.0,
29124,2.360884666442871,0.0004083365200114,0.0854188352823257,491.3551697973162,1067024.491095247,0.1838600728660822,15260975104.0,
29136,2.396573781967163,0.0004079024278346,0.0785081759095192,480.41520989499986,1091322.6500771884,0.202250201255083,15267266560.0,
29148,2.403575897216797,0.0004074685073931,0.0806343778967857,479.2751520872116,1093918.592935103,0.1837098971009254,15273558016.0,
29160,2.438443183898926,0.0004070347588126,0.0725744813680648,479.58290111273527,1093216.623827787,0.1960489898920059,15279849472.0,
29172,2.442431926727295,0.0004066011822191,0.0861149206757545,478.94377214834094,1094675.472338358,0.2025200519710779,15286140928.0,
29184,2.399084091186523,0.0004061677777383,0.0761113986372947,477.98501094803214,1096871.215605968,0.1714399550110101,15292432384.0,
29196,2.4013352394104004,0.0004057345454958,0.0763919949531555,478.7810309790075,1095047.5605266572,0.1934799365699291,15298723840.0,
29208,2.3910446166992188,0.0004053014856173,0.0825110003352165,482.23810107447207,1087197.3799495243,0.1793599221855402,15305015296.0,
29220,2.4458281993865967,0.0004048685982285,0.0792215690016746,478.3099009655416,1096126.1703795898,0.1646000891923904,15311306752.0,
29232,2.4362950325012207,0.0004044358834548,0.0799108296632766,477.72155120037496,1097476.1316139435,0.194349093362689,15317598208.0,
29244,2.456448554992676,0.0004040033414219,0.0864375159144401,477.33521088957787,1098364.3947466589,0.1820998732000589,15323889664.0,
29256,2.3879175186157227,0.0004035709722551,0.083774946630001,479.2218110524118,1094040.35440002,0.2138400450348854,15330181120.0,
29268,2.4082560539245605,0.0004031387760799,0.0769882798194885,479.6345620416105,1093098.8746272118,0.1854898873716592,15336472576.0,
29280,2.4511232376098633,0.0004027067530216,0.084699660539627,479.8628510907293,1092578.8458270782,0.2031400799751281,15342764032.0,
29292,2.4118058681488037,0.0004022749032055,0.0747850686311721,478.6694210488349,1095302.889520722,0.1678699627518654,15349055488.0,
29304,2.416417121887207,0.0004018432267569,0.0703303664922714,478.83567097596824,1094922.6045156375,0.1764299813657999,15355346944.0,
29316,2.4191455841064453,0.000401411723801,0.0822627246379852,480.03772203810513,1092180.8348186067,0.183930154889822,15361638400.0,
29328,2.3711471557617188,0.0004009803944629,0.0833132937550544,478.4047009889037,1095908.9635119631,0.1693100202828645,15367929856.0,
29340,2.453465461730957,0.0004005492388678,0.0725279748439788,478.3405910711735,1096055.8434439653,0.1886200625449419,15374221312.0,
29352,2.448331117630005,0.0004001182571407,0.0764729976654052,479.2026709765196,1094084.052018336,0.1885700039565563,15380512768.0,
29364,2.3957972526550293,0.0003996874494065,0.0760641396045684,478.8180510513485,1094962.8963419662,0.1692699734121561,15386804224.0,
29376,2.389411449432373,0.0003992568157904,0.0929225608706474,479.2012597899884,1094087.2739561892,0.182050047442317,15393095680.0,
29388,2.488682985305786,0.0003988263564171,0.0900777503848075,477.90304105728865,1097059.3508676814,0.1969889272004366,15399387136.0,
29400,2.406256675720215,0.0003983960714115,0.0853546261787414,479.09395094029605,1094332.330790242,0.1677400432527065,15405678592.0,
29412,2.399869918823242,0.0003979659608985,0.0818405821919441,479.07035099342465,1094386.2397512384,0.1876400783658027,15411970048.0,
29424,2.4379773139953613,0.0003975360250027,0.0772805362939834,479.11895089782774,1094275.2296011865,0.2167909406125545,15418261504.0,
29436,2.4664344787597656,0.0003971062638488,0.0900017842650413,479.06224080361426,1094404.7669474443,0.1846691593527794,15424552960.0,
29448,2.406883716583252,0.0003966766775616,0.0811194255948066,478.0097820330411,1096814.374321235,0.1711200457066297,15430844416.0,
29460,2.46431303024292,0.0003962472662657,0.0807009264826774,518.0348779540509,1012070.851427312,0.2014299388974905,15437135872.0,
29472,2.3880372047424316,0.0003958180300855,0.0754104107618331,478.88208203949034,1094816.4896191822,0.168809900060296,15443427328.0,
29484,2.448385715484619,0.0003953889691455,0.0748631954193115,489.7299201693386,1070565.588107649,0.1792090479284525,15449718784.0,
29496,2.429118394851685,0.0003949600835703,0.0716398879885673,479.3118410743773,1093834.8587942426,0.204920070245862,15456010240.0,
29508,2.387054443359375,0.0003945313734842,0.0959753543138504,485.2752010338008,1080393.1436906082,0.2092709764838218,15462301696.0,
29520,2.4455299377441406,0.0003941028390115,0.0806143432855606,479.82347989454865,1092668.495746026,0.2125401515513658,15468593152.0,
29532,2.3280181884765625,0.0003936744802766,0.0792693495750427,478.2299308571965,1096309.465742237,0.1823899801820516,15474884608.0,
29544,2.4181246757507324,0.0003932462974037,0.0793817490339279,477.4319110438228,1098141.9295030667,0.1646101009100675,15481176064.0,
29556,2.377449750900269,0.000392818290517,0.0823996067047119,478.53493108414114,1095610.7191844978,0.1932298764586448,15487467520.0,
29568,2.424321174621582,0.0003923904597406,0.0861293599009513,514.0339890494943,1019948.1185465314,0.2043000422418117,15493758976.0,
29580,2.397923707962036,0.0003919628051986,0.0808016955852508,480.13680102303624,1091955.4570340994,0.1678301487118005,15500050432.0,
29592,2.4038445949554443,0.0003915353270151,0.0807457938790321,478.99742191657424,1094552.8639845457,0.1630601473152637,15506341888.0,
29604,2.3877487182617188,0.000391108025314,0.0750024914741516,479.0938019286841,1094332.6711582951,0.2055899240076542,15512633344.0,
29616,2.460456609725952,0.0003906809002193,0.0885029807686805,478.3212998881936,1096100.048487389,0.1576000358909368,15518924800.0,
29628,2.429485559463501,0.0003902539518549,0.0808295533061027,479.5211320742965,1093357.4454415648,0.1869199331849813,15525216256.0,
29640,2.44244384765625,0.0003898271803446,0.0778239220380783,478.7657109554857,1095082.6009524872,0.2003998961299657,15531507712.0,
29652,2.387375593185425,0.0003894005858122,0.0783028379082679,477.98521094955504,1096870.7566463423,0.1605600118637085,15537799168.0,
29664,2.38098669052124,0.0003889741683814,0.0756580978631973,480.7831309735775,1090487.5113615694,0.1886200625449419,15544090624.0,
29676,2.458766460418701,0.0003885479281758,0.0852169170975685,479.1731610894203,1094151.4312028857,0.2039899118244648,15550382080.0,
29688,2.379058361053467,0.0003881218653193,0.0808789730072021,478.4715510904789,1095755.8475631443,0.170320039615035,15556673536.0,
29700,2.394923686981201,0.0003876959799352,0.0780533552169799,490.833830088377,1068157.8323678288,0.1857602037489414,15562964992.0,
29712,2.314842939376831,0.0003872702721471,0.0810554772615432,477.9635309241712,1096920.5097850407,0.1634100917726755,15569256448.0,
29724,2.427626132965088,0.0003868447420786,0.0822099521756172,480.99432000890374,1090008.713596233,0.175100052729249,15575547904.0,
29736,2.4459173679351807,0.000386419389853,0.0873993262648582,480.62076093629,1090855.915126601,0.1736299600452184,15581839360.0,
29748,2.3627967834472656,0.0003859942155937,0.0823509246110916,478.6880109459162,1095260.353322774,0.1809399109333753,15588130816.0,
29760,2.4280402660369873,0.000385569219424,0.0810656771063804,478.32783102057874,1096085.0822360867,0.1694310922175645,15594422272.0,
29772,2.424787998199463,0.0003851444014672,0.0750351101160049,479.9972209148109,1092272.9906660223,0.1818002201616764,15600713728.0,
29784,2.4136345386505127,0.0003847197618465,0.0857235714793205,479.0744509082287,1094376.8740037284,0.2113999798893928,15607005184.0,
29796,2.41544246673584,0.0003842953006851,0.0851358920335769,478.5744911059737,1095520.1535885949,0.1834901049733162,15613296640.0,
29808,2.4579410552978516,0.000383871018106,0.0883962512016296,478.82020100951195,1094957.979831734,0.1960301306098699,15619588096.0,
29820,2.4212770462036133,0.0003834469142324,0.0828945785760879,478.3201920799911,1096102.5870978108,0.2000899985432624,15625879552.0,
29832,2.3737926483154297,0.0003830229891873,0.0746555179357528,478.68264093995094,1095272.6402831266,0.1734101679176092,15632171008.0,
29844,2.408191204071045,0.0003825992430936,0.0986021384596824,480.0040910486132,1092257.3573376106,0.1814300194382667,15638462464.0,
29856,2.405536651611328,0.0003821756760742,0.0957825928926467,477.9698308557272,1096906.0517090538,0.1960999798029661,15644753920.0,
29868,2.3990883827209473,0.0003817522882519,0.0802122205495834,482.9435897991061,1085609.1913717962,0.1686001196503639,15651045376.0,
29880,2.4108309745788574,0.0003813290797497,0.0797664076089859,479.5953508000821,1093188.245310051,0.1825499348342418,15657336832.0,
29892,2.3418831825256348,0.0003809060506901,0.0997628569602966,478.8862210698426,1094807.027081984,0.2174100372940302,15663628288.0,
29904,2.468920946121216,0.000380483201196,0.0840399712324142,509.01986891403794,1029995.1573963816,0.1976899802684784,15669919744.0,
29916,2.405285120010376,0.0003800605313899,0.0869347229599952,481.7324609030038,1088338.533420036,0.3220888320356607,15676211200.0,
29928,2.38912296295166,0.0003796380413945,0.0784061253070831,480.274491943419,1091642.401990748,0.1576910726726055,15682502656.0,
29940,2.380823850631714,0.0003792157313323,0.072643905878067,478.8106719497591,1094979.7711589283,0.1768600195646286,15688794112.0,
29952,2.4510953426361084,0.0003787936013258,0.0798955112695694,478.4496519714594,1095806.0014040412,0.1760290469974279,15695085568.0,
29964,2.44240140914917,0.0003783716514975,0.0876748263835907,479.46811094880104,1093478.3524237026,0.1786998473107814,15701377024.0,
29976,2.450028657913208,0.0003779498819696,0.0971980094909668,478.59057085588574,1095483.3461561757,0.1789701636880636,15707668480.0,
29988,2.3939244747161865,0.0003775282928646,0.0857253894209861,481.79218103177845,1088203.6293681955,0.2064199652522802,15713959936.0,
30000,2.394876718521118,0.0003771068843047,0.0758995786309242,480.31805199570954,1091543.400922777,0.2583498135209083,15720251392.0,
30012,2.4528985023498535,0.0003766856564121,0.0811216533184051,479.714771034196,1092916.10693936,0.2038199454545974,15726542848.0,
30024,2.388939380645752,0.0003763698541291,0.0912653282284736,477.4285419844091,1098149.6787368886,0.199571019038558,15731261440.0,
30036,2.4691877365112305,0.0003759489426984,0.0838033109903335,478.04914182052016,1096724.069001341,0.1943500246852636,15737552896.0,
30048,2.4107589721679688,0.0003755282122709,0.0900207683444023,480.5722311139107,1090966.0734761166,0.2259700559079647,15743844352.0,
30060,2.4334912300109863,0.0003751076629686,0.0840281248092651,478.72747108340263,1095170.074141536,0.1890601124614477,15750135808.0,
30072,2.4135375022888184,0.0003746872949135,0.0841979831457138,479.3030209839344,1093854.9874434725,0.1840109471231699,15756427264.0,
30084,2.379800796508789,0.0003742671082276,0.0936502814292907,477.9815210495144,1096879.2242193995,0.2172298263758421,15762718720.0,
30096,2.4229493141174316,0.0003738471030327,0.0990971475839614,480.9991822112352,1089997.6951930744,0.1756499987095594,15769010176.0,
30108,2.480146646499634,0.0003734272794506,0.0806109309196472,501.8031410872936,1044808.127075464,0.2082099672406911,15775301632.0,
30120,2.452481269836426,0.0003730076376031,0.0841711834073066,479.5702209230512,1093245.529280109,0.1924301031976938,15781593088.0,
30132,2.377295732498169,0.000372588177612,0.0727799534797668,478.21805090643466,1096336.7003948146,0.1813201233744621,15787884544.0,
30144,2.4400830268859863,0.0003721688995988,0.0790019482374191,480.0920409616083,1092057.262498809,0.1832700800150632,15794176000.0,
30156,2.5307650566101074,0.0003717498036852,0.1126182228326797,478.4435508772731,1095819.975081003,0.2003100235015154,15800467456.0,
30168,2.3272767066955566,0.0003713308899928,0.082116849720478,477.8868821449578,1097096.4460183014,0.1854400616139173,15806758912.0,
30180,2.459036350250244,0.000370912158643,0.0749771744012832,477.7524210512638,1097405.218473488,0.1801499165594577,15813050368.0,
30192,2.39473032951355,0.0003704936097574,0.0731053948402404,479.0984110441059,1094322.1432469622,0.2275002188980579,15819341824.0,
30204,2.4100377559661865,0.0003700752434572,0.0884274393320083,477.7546210680157,1097400.165021867,0.2026399597525596,15825633280.0,
30216,2.369561672210694,0.0003696570598639,0.0740580782294273,477.67921118065715,1097573.408531098,0.1880999188870191,15831924736.0,
30228,2.1095285415649414,0.0003692390590987,0.0731595903635025,477.4475509766489,1098105.9572460598,0.1837401650846004,15838216192.0,
30240,2.4452381134033203,0.0003688212412829,0.0786465778946876,480.6643018964678,1090757.0999789548,0.1752898097038269,15844507648.0,
30252,2.401329040527344,0.0003684036065376,0.0734739229083061,479.1253320872784,1094260.6555908313,0.1963099930435419,15850799104.0,
30264,2.454034328460694,0.0003679861549841,0.0826690420508384,479.24551111646,1093986.250968962,0.2088302280753851,15857090560.0,
30276,2.419889450073242,0.0003675688867433,0.0814674422144889,483.628791058436,1084071.109274905,0.429179985076189,15863382016.0,
30288,2.3472914695739746,0.0003671518019364,0.0744413509964943,478.2447509933263,1096275.4926448031,0.1940801739692688,15869673472.0,
30300,2.3616838455200195,0.0003667349006842,0.0744265615940094,480.83233111537993,1090375.9295549376,0.1986399292945861,15875964928.0,
30312,2.3927347660064697,0.0003663181831077,0.0911928713321685,477.7520408388227,1097406.0918284531,0.1766299828886985,15882256384.0,
30324,2.4397213459014893,0.0003659016493278,0.0864334851503372,478.605740936473,1095448.6232742255,0.2103499136865139,15888547840.0,
30336,2.408759593963623,0.0003654852994652,0.0729456692934036,478.7631419021636,1095088.4771892894,0.2354700118303299,15894839296.0,
30348,2.349916458129883,0.0003650691336408,0.0781288221478462,477.68078092485666,1097569.801709219,0.1674001105129718,15901130752.0,
30360,2.4441750049591064,0.0003646531519753,0.0817094296216964,478.1571209896356,1096476.4028085328,0.1900200732052326,15907422208.0,
30372,2.3909435272216797,0.0003642373545893,0.0791803672909736,480.7259021326899,1090617.330320774,0.1900000497698784,15913713664.0,
30384,2.4040918350219727,0.0003638217416033,0.0750907659530639,482.7761410269886,1085985.7301247427,0.1762500032782554,15920005120.0,
30396,2.439424991607666,0.000363406313138,0.0798872485756874,478.30009111203253,1096148.6517408914,0.1641500275582075,15926296576.0,
30408,2.3623080253601074,0.0003629910693138,0.080695167183876,478.99657115340233,1094554.8080595606,0.1906601246446371,15932588032.0,
30420,2.4018754959106445,0.0003625760102513,0.0780587047338485,479.3901708908379,1093656.1319680996,0.1714199315756559,15938879488.0,
30432,2.3519327640533447,0.0003621611360706,0.0839740186929702,478.6584510002285,1095327.9920252566,0.1795000862330198,15945170944.0,
30444,2.3661577701568604,0.0003617464468923,0.0759299397468566,478.4363710787147,1095836.4198313458,0.2083198633044958,15951462400.0,
30456,2.4357635974884033,0.0003613319428366,0.0718377754092216,479.5470209792256,1093298.4192653603,0.167239923030138,15957753856.0,
30468,2.4693684577941895,0.0003609176240237,0.0860679745674133,479.4185410719365,1093591.4135230137,0.1821999903768301,15964045312.0,
30480,2.402886867523194,0.0003605034905737,0.0778076201677322,481.59677092917264,1088645.1729908003,0.169968931004405,15970336768.0,
30492,2.4570436477661133,0.0003600895426068,0.0712644606828689,480.9572109952569,1090092.8149410165,0.1951300073415041,15976628224.0,
30504,2.4140148162841797,0.0003596757802431,0.0883041098713874,479.78194197639823,1092763.0953350705,0.1767000649124384,15982919680.0,
30516,2.3959062099456787,0.0003592622036026,0.0990364700555801,480.7465320918709,1090570.5293778558,0.1862999051809311,15989211136.0,
30528,2.4358410835266113,0.0003588488128051,0.0813637003302574,484.835121082142,1081373.8056554154,0.2018299419432878,15995502592.0,
30540,2.4265904426574707,0.0003584356079707,0.0808877497911453,491.88312003389,1065879.2274959087,0.1786500215530395,16001794048.0,
30552,2.4911420345306396,0.0003580225892192,0.0781540945172309,477.2232510149479,1098622.0786287254,0.2279400359839201,16008085504.0,
30564,2.398514986038208,0.0003576097566703,0.0845227465033531,480.0072908401489,1092250.0762068578,0.1942499075084924,16014376960.0,
30576,2.4351487159729004,0.0003571971104439,0.0779457688331604,478.5327210556716,1095615.7790911132,0.1768399961292743,16020668416.0,
30588,2.429020404815674,0.0003567846506595,0.0884151831269264,480.7140820194036,1090644.1471353394,0.1805899664759636,16026959872.0,
30600,2.410614252090454,0.0003563723774368,0.0786693543195724,479.7578710131347,1092817.922700941,0.1921099610626697,16033251328.0,
30612,2.448990821838379,0.0003559602908955,0.0847932621836662,478.8996509741992,1094776.3251308908,0.2190398517996072,16039542784.0,
30624,2.835296869277954,0.000355548391155,0.0762634202837944,478.7553218193352,1095106.3645781197,0.1848198007792234,16045834240.0,
30636,2.430718898773194,0.0003551366783347,0.0843177288770675,488.6288021225482,1072978.0924140213,0.1967400312423706,16052125696.0,
30648,2.400332450866699,0.0003547251525542,0.0738395899534225,477.27461089380085,1098503.8550828344,0.1938899513334036,16058417152.0,
30660,2.4152750968933105,0.0003543138139328,0.0855014473199844,477.7155111078173,1097490.007775091,0.1954201143234968,16064708608.0,
30672,2.35931134223938,0.0003539026625897,0.0972276777029037,479.1197709273547,1094273.356712499,0.1800600439310073,16071000064.0,
30684,2.3823795318603516,0.0003534916986443,0.0914231389760971,478.85518008843064,1094877.996105585,0.1834600698202848,16077291520.0,
30696,2.410555839538574,0.0003530809222157,0.079829528927803,477.6990411337465,1097527.8467289398,0.2125001046806574,16083582976.0,
30708,2.451012134552002,0.0003526703334231,0.0705534145236015,479.9699108116329,1092335.1405787603,0.1827601809054613,16089874432.0,
30720,2.3993749618530273,0.0003522599323855,0.077563852071762,478.9620121009648,1094633.7846298353,0.2024499699473381,16096165888.0,
30732,2.4162769317626953,0.0003518497192221,0.0840935856103897,479.2754710651934,1093917.8648862748,0.1951600424945354,16102457344.0,
30744,2.317455291748047,0.0003514396940517,0.0845291838049888,479.029631940648,1094479.2660863192,0.1657798420637846,16108748800.0,
30756,2.430572032928467,0.0003510298569933,0.0728447437286377,478.4920020028949,1095709.0145820829,0.1989491283893585,16115040256.0,
30768,2.4308078289031982,0.0003506202081658,0.0814091190695762,478.46745094284415,1095765.237461533,0.1896801404654979,16121331712.0,
30780,2.4324605464935303,0.000350210747688,0.0795541554689407,478.75951998867095,1095096.7617571475,0.1864999067038297,16127623168.0,
30792,2.274871826171875,0.0003498014756786,0.0810919925570488,479.4737200718373,1093465.5603678308,0.2023898996412754,16133914624.0,
30804,2.3540730476379395,0.0003493923922564,0.0735156312584877,478.4880399238318,1095718.0875063436,0.1862100325524807,16140206080.0,
30816,2.453857660293579,0.00034898349754,0.0776939466595649,479.3895010370761,1093657.6601402278,0.1849508844316005,16146497536.0,
30828,2.438152313232422,0.0003485747916481,0.0804720893502235,479.1152011603117,1094283.793814702,0.2027100417762994,16152788992.0,
30840,2.3963799476623535,0.0003481662746991,0.0890712216496467,477.99852094613016,1096840.213986952,0.1913199666887521,16159080448.0,
30852,2.4193038940429688,0.0003477579468115,0.0811162665486335,478.18309091962874,1096416.8536191934,0.175759894773364,16165371904.0,
30864,2.460188388824463,0.0003473498081038,0.078177623450756,478.3751319628209,1095976.7031551034,0.1863299403339624,16171663360.0,
30876,2.443108081817627,0.0003469418586944,0.0914784595370292,478.6890810355544,1095257.9049135628,0.1879099290817976,16177954816.0,
30888,2.404906988143921,0.0003465340987016,0.083519697189331,478.0250010080635,1096779.4548284642,0.1688601914793253,16184246272.0,
30900,2.459146499633789,0.0003461265282436,0.0968502163887023,477.8369509149343,1097211.0863258357,0.1784500200301408,16190537728.0,
30912,2.4560458660125732,0.0003457191474386,0.0994754657149314,478.96499116905034,1094626.9762228883,0.2147289924323558,16196829184.0,
30924,2.48447847366333,0.0003453119564049,0.0771773010492324,478.7977309897542,1095009.3663063312,0.1901090145111084,16203120640.0,
30936,2.4090805053710938,0.0003449049552606,0.0828548520803451,480.63411097973585,1090825.6156253226,0.186410965397954,16209412096.0,
30948,2.416586637496948,0.0003444981441236,0.0913261100649833,479.06025196425617,1094409.3104161737,0.1811999827623367,16215703552.0,
30960,2.328648090362549,0.0003440915231119,0.078698381781578,481.8342311773449,1088108.6607709893,0.1733200624585151,16221995008.0,
30972,2.4323768615722656,0.0003436850923436,0.0750999376177787,478.872719919309,1094837.8936439385,0.1992599572986364,16228286464.0,
30984,2.3462374210357666,0.0003432788519365,0.0772643759846687,477.8867508284747,1097096.7474848027,0.1811000984162092,16234577920.0,
30996,2.393744707107544,0.0003428728020084,0.0798691511154174,478.215211071074,1096343.210885608,0.1805601641535759,16240869376.0,
31008,2.4232168197631836,0.000342466942677,0.0854241177439689,479.5715308282524,1093242.5431812415,0.1870500855147838,16247160832.0,
31020,2.3823421001434326,0.0003420612740602,0.0930846631526947,477.13379212655127,1098828.061754515,0.1611800398677587,16253452288.0,
31032,2.4155454635620117,0.0003416557962756,0.1006239578127861,480.5729610379786,1090964.4164490702,0.1738800201565027,16259743744.0,
31044,2.4150915145874023,0.0003412505094408,0.0858828946948051,478.5938609857112,1095475.815172759,0.1730700023472309,16266035200.0,
31056,2.422785520553589,0.0003408454136732,0.0855362266302108,481.10355087555945,1089761.2354883875,0.1884798984974622,16272326656.0,
31068,2.4079291820526123,0.0003404405090905,0.0739741399884224,480.23307090625167,1091736.5582728651,0.1809198874980211,16278618112.0,
31080,2.455768346786499,0.0003400357958101,0.0804021582007408,481.6465510521084,1088532.6571004104,0.1675689127296209,16284909568.0,
31092,2.4142866134643555,0.0003396312739494,0.0751346945762634,478.04553085006773,1096732.3532294156,0.1625299919396639,16291201024.0,
31104,2.3868658542633057,0.0003392269436256,0.0794526785612106,481.3920599408448,1089108.117122718,0.1931600272655487,16297492480.0,
31116,2.419275999069214,0.000338822804956,0.0774852335453033,504.49270009994507,1039238.0303939646,0.1952999737113714,16303783936.0,
31128,2.428539276123047,0.000338418858058,0.0764074847102165,478.0471208505333,1096728.7054614946,0.213810009881854,16310075392.0,
31140,2.365098476409912,0.0003380151030486,0.0739535316824913,477.25804103538394,1098541.993891999,0.1685300376266241,16316366848.0,
31152,2.4234824180603027,0.0003376115400449,0.0822793096303939,485.5392009485513,1079805.706677749,0.2038099337369203,16322658304.0,
31164,2.503352403640747,0.0003372081691641,0.0875600427389144,478.7909609731287,1095024.8495385123,0.2030599862337112,16328949760.0,
31176,2.373312473297119,0.000336804990523,0.0787892863154411,478.54572208598256,1095586.0136302686,0.2124800812453031,16335241216.0,
31188,2.2102770805358887,0.0003364020042387,0.1241559460759162,477.2653121035546,1098525.257763218,0.2129499334841966,16341532672.0,
31200,2.360232353210449,0.0003359992104279,0.085509218275547,479.18934212066233,1094114.4844327143,0.211789971217513,16347824128.0,
31212,2.382500171661377,0.0003355966092077,0.0833137035369873,479.95056002400815,1092379.181667741,0.1953600440174341,16354115584.0,
31224,2.366140604019165,0.0003351942006946,0.0983142480254173,477.9362010303885,1096983.2351466182,0.1801101025193929,16360407040.0,
31236,2.4688878059387207,0.0003347919850055,0.0742304176092147,477.7040109038353,1097516.4286521813,0.1927700359374284,16366698496.0,
31248,2.382626533508301,0.000334389962257,0.0925928652286529,479.832201031968,1092648.6360699043,0.1759899314492941,16372989952.0,
31260,2.405754327774048,0.0003339881325657,0.0855437293648719,479.66991108842194,1093018.3192235988,0.1880889758467674,16379281408.0,
31272,2.327585220336914,0.0003335864960481,0.0860868692398071,480.4801610298455,1091175.125475021,0.203639967367053,16385572864.0,
31284,2.375128984451294,0.0003331850528208,0.0799418613314628,482.44408098980784,1086733.2000930407,0.1702699810266494,16391864320.0,
31296,2.4123711585998535,0.0003327838030002,0.0738465562462806,479.47081201709807,1093472.1923830137,0.2050488255918026,16398155776.0,
31308,2.384605646133423,0.0003323827467026,0.0883342176675796,480.0263920333237,1092206.613430546,0.2034299541264772,16404447232.0,
31320,2.445897102355957,0.0003319818840444,0.1090248376131057,478.8864809088409,1094806.4330506786,0.1648908946663141,16410738688.0,
31332,2.403491973876953,0.0003315812151419,0.0758392810821533,478.465030901134,1095770.7797632853,0.2319100312888622,16417030144.0,
31344,2.414952516555786,0.0003311807401113,0.0861514285206794,478.2258910126984,1096318.726888165,0.2022711560130119,16423321600.0,
31356,2.4051265716552734,0.0003307804590686,0.0737327709794044,478.8308108691126,1094933.7179209068,0.1701000146567821,16429613056.0,
31368,2.406787395477295,0.0003303803721301,0.0750469341874122,480.08702090010047,1092068.6816673954,0.1719000283628702,16435904512.0,
31380,2.3946475982666016,0.0003299804794118,0.0806529745459556,478.9571810979396,1094644.825656745,0.1833399292081594,16442195968.0,
31392,2.3036770820617676,0.0003295807810296,0.087234579026699,478.96683192811906,1094622.7693667994,0.1801701728254556,16448487424.0,
31404,2.410550117492676,0.0003291812770995,0.0776514038443565,477.68191201612353,1097567.202800644,0.1864200457930565,16454778880.0,
31416,2.4643871784210205,0.0003287819677373,0.087491437792778,477.6120518799871,1097727.7435447576,0.1744600012898445,16461070336.0,
31428,2.353902578353882,0.0003283828530589,0.0927504822611808,479.7514909878373,1092832.4556541955,0.1769799273461103,16467361792.0,
31440,2.393831253051758,0.0003279839331801,0.0823808163404464,486.2807309255004,1078159.1098667705,0.1928599085658788,16473653248.0,
31452,2.3414993286132812,0.0003275852082165,0.0933034271001815,479.23885099589825,1094001.4544114815,0.1795098651200533,16479944704.0,
31464,2.3899245262145996,0.0003271866782838,0.0731998085975647,477.75850095786154,1097391.2530051295,0.1733701210469007,16486236160.0,
31476,2.374032497406006,0.0003267883434976,0.0859210714697837,478.3345211762935,1096069.752002637,0.1795999705791473,16492527616.0,
31488,2.3870317935943604,0.0003263902039734,0.0795274153351783,478.9980310015381,1094551.472171535,0.1892999280244112,16498819072.0,
31500,2.3609819412231445,0.0003259922598267,0.0798260942101478,479.5040010940283,1093396.5072320425,0.1743598841130733,16505110528.0,
31512,2.4310193061828613,0.0003255945111729,0.0868179723620414,479.3487610295415,1093750.6104614486,0.1766199711710214,16511401984.0,
31524,2.3788771629333496,0.0003251969581274,0.0756384581327438,478.5286511760205,1095625.09728837,0.2087799366563558,16517693440.0,
31536,2.3453125953674316,0.0003247996008055,0.0810472667217254,478.4364909864962,1095836.145188177,0.1948799472302198,16523984896.0,
31548,2.338270664215088,0.0003244024393224,0.0819538235664367,480.03635089844465,1092183.9544416445,0.1930298749357462,16530276352.0,
31560,2.4158267974853516,0.0003240054737934,0.0848437175154686,479.4261718634516,1093574.0073642158,0.1898999325931072,16536567808.0,
31572,2.4261913299560547,0.0003236087043336,0.0788807421922683,480.1826619077474,1091851.1674641145,0.1962799578905105,16542859264.0,
31584,2.4074597358703613,0.000323212131058,0.0916311293840408,479.94717094115913,1092386.8953574414,0.2183299511671066,16549150720.0,
31596,2.4565188884735107,0.0003228157540817,0.0851128846406936,479.0516218636185,1094429.026167163,0.2157001290470361,16555442176.0,
31608,2.436659574508667,0.0003224195735196,0.0791368633508682,479.9917018972337,1092285.549786963,0.1957002095878124,16561733632.0,
31620,2.3548827171325684,0.0003220235894867,0.0910185873508453,479.13928190246224,1094228.7969341003,0.1949600409716367,16568025088.0,
31632,2.494960308074951,0.0003216278020978,0.085256353020668,480.26848095469177,1091656.06486981,0.2052600029855966,16574316544.0,
31644,2.4114389419555664,0.0003212322114678,0.0850844010710716,486.9343710597605,1076711.8346132424,0.167099991813302,16580608000.0,
31656,2.4086647033691406,0.0003208368177113,0.0759289488196373,479.1945309843868,1094102.6370292243,0.1604401040822267,16586899456.0,
31668,2.421766757965088,0.000320441620943,0.0821714922785759,479.24052085727453,1093997.6424826174,0.2091999631375074,16593190912.0,
31680,2.4055733680725098,0.0003200466212775,0.0827440693974495,479.9716719426214,1092331.132539581,0.1918899361044168,16599482368.0,
31692,2.3995327949523926,0.0003196518188295,0.0880401134490966,479.8225611448288,1092670.5879545957,0.1853089779615402,16605773824.0,
31704,2.263625383377075,0.0003192572137134,0.0991536080837249,478.7766309455037,1095057.624188171,0.1911299768835306,16612065280.0,
31716,2.406181812286377,0.0003188628060438,0.0884745419025421,479.89947092719376,1092495.474077196,0.1773999538272619,16618356736.0,
31728,2.4296696186065674,0.0003184685959349,0.089774802327156,478.4146510064602,1095886.1709126888,0.2024199347943067,16624648192.0,
31740,2.38671350479126,0.0003180745835011,0.0905037671327591,479.2786817997694,1093910.5366239394,0.2381899394094944,16630939648.0,
31752,2.3381550312042236,0.0003176807688567,0.0842796042561531,484.05006993561983,1083127.6195657444,0.1874200534075498,16637231104.0,
31764,2.416856527328491,0.000317287152116,0.0770098567008972,481.6466709598899,1088532.3861060408,0.2096800599247217,16643522560.0,
31776,2.4224886894226074,0.000316893733393,0.0791207626461982,479.2778908740729,1093912.34184377,0.1970001030713319,16649814016.0,
31788,2.52297306060791,0.000316500512802,0.091124840080738,480.0609110388905,1092128.0778003745,0.1742998138070106,16656105472.0,
31800,2.4208977222442627,0.0003161074904569,0.0817729383707046,479.4170409440994,1093594.8354433496,0.1695200335234403,16662396928.0,
31812,2.406605958938598,0.0003157146664718,0.091153360903263,479.1477420367301,1094209.476541391,0.2129601780325174,16668688384.0,
31824,2.3421120643615723,0.0003153220409605,0.0849179551005363,479.1894720401615,1094114.187792629,0.2249300014227628,16674979840.0,
31836,2.3985605239868164,0.0003149296140371,0.0797825157642364,479.4589318335056,1093499.2867795017,0.249610049650073,16681271296.0,
31848,2.42933988571167,0.0003145373858152,0.0745850950479507,479.0764709468931,1094372.2595345718,0.2251800615340471,16687562752.0,
31860,2.448158264160156,0.0003141453564086,0.0832859501242637,479.4867809396237,1093435.7751689877,0.2277800813317299,16693854208.0,
31872,2.4594638347625732,0.0003137535259312,0.0891489833593368,485.2843009866774,1080372.884377303,0.2119399141520261,16700145664.0,
31884,2.4194116592407227,0.0003133618944964,0.0831939280033111,479.475581087172,1093461.3162389195,0.2317000180482864,16706437120.0,
31896,2.3961734771728516,0.0003129704622179,0.081981286406517,482.3547119740397,1086934.5462685502,0.1818090677261352,16712728576.0,
31908,2.355247735977173,0.0003125792292093,0.0775731354951858,479.1067410260439,1094303.1168319548,0.1913500018417835,16719020032.0,
31920,2.334916830062866,0.000312188195584,0.0776857063174247,479.08768081106246,1094346.653022713,0.2230899408459663,16725311488.0,
31932,2.436082363128662,0.0003117973614554,0.094360738992691,480.618242174387,1090861.6319431502,0.1798300072550773,16731602944.0,
31944,2.3897154331207275,0.0003114067269369,0.0778153911232948,479.8679118975997,1092567.3232176425,0.2030897885560989,16737894400.0,
31956,2.3965907096862793,0.0003110162921418,0.0852713659405708,480.10660195723176,1092024.141852363,0.272159930318594,16744185856.0,
31968,2.4300308227539062,0.0003106260571833,0.0900486186146736,479.49036094360054,1093427.6112834492,0.2303500659763813,16750477312.0,
31980,2.4313690662384033,0.0003102360221746,0.0998686775565147,481.31974088028073,1089271.7573584977,0.1894901506602764,16756768768.0,
31992,2.3997411727905273,0.0003098461872289,0.0815121904015541,480.7727010920644,1090511.1683943197,0.2132400404661893,16763060224.0,
32004,2.395643472671509,0.0003094565524591,0.0968104675412178,480.0628810189664,1092123.596157159,0.3203798551112413,16769351680.0,
32016,2.3857412338256836,0.0003090671179785,0.0876001492142677,483.0195810645818,1085438.3974340376,0.2131899818778038,16775643136.0,
32028,2.3891682624816895,0.0003086778838997,0.0834474861621856,479.9749508965761,1092323.6702678937,1.1062489356845615,16781934592.0,
32040,2.39897084236145,0.0003082888503359,0.096124030649662,479.1023819707334,1094313.0732170453,0.1702290028333664,16788226048.0,
32052,2.474853038787842,0.0003079000173998,0.0858500301837921,499.8114809859544,1048971.5021466932,0.169751001521945,16794517504.0,
32064,2.449319362640381,0.0003075113852042,0.0828046649694442,479.4713710434735,1093470.9174793733,0.2030688337981701,16800808960.0,
32076,2.45794415473938,0.0003071229538617,0.0804235488176345,480.8753419201821,1090278.4033518268,0.1720311120152473,16807100416.0,
32088,2.4231348037719727,0.0003067347234852,0.0809342190623283,479.2108309920877,1094065.4219241897,0.2061601262539625,16813391872.0,
32100,2.4921677112579346,0.0003063466941871,0.0855840668082237,484.9340810906142,1081153.1307943526,0.1799599267542362,16819683328.0,
32112,2.436305046081543,0.0003059588660801,0.0721742436289787,490.064311074093,1069835.0974607754,0.1667200122028589,16825974784.0,
32124,2.428896427154541,0.0003055712392766,0.0773280784487724,478.98977203294635,1094570.3449466096,0.1861108466982841,16832266240.0,
32136,2.411111354827881,0.000305183813889,0.0814016386866569,508.3010399248451,1031451.7555925492,0.1956298947334289,16838557696.0,
32148,2.393468856811523,0.0003047965900298,0.0804212465882301,479.3428520206362,1093764.0934665045,0.1707097981125116,16844849152.0,
32160,2.426882266998291,0.0003044095678111,0.0835944935679435,477.739221882075,1097435.5380212325,0.1820400357246399,16851140608.0,
32172,2.417675018310547,0.0003040227473454,0.0918986424803733,479.81115197762847,1092696.56997144,0.1822300255298614,16857432064.0,
32184,2.4229302406311035,0.0003036361287447,0.0742878168821334,478.5045119933784,1095680.368437686,0.1796300057321787,16863723520.0,
32196,2.370361328125,0.0003032497121213,0.0813750028610229,480.30972201377153,1091562.331492777,0.1763100735843181,16870014976.0,
32208,2.469921350479126,0.0003028634975871,0.1045801639556884,477.92890202254057,1096999.9884528285,0.169319799169898,16876306432.0,
32220,2.437175750732422,0.0003024774852542,0.0801950842142105,480.00621097162366,1092252.5334385603,0.1686899922788143,16882597888.0,
32232,2.379626512527466,0.0003020916752347,0.0770270004868507,479.3573410715908,1093731.033362226,0.1908908598124981,16888889344.0,
32244,2.367337703704834,0.0003017060676403,0.0843312740325927,479.89864088594913,1092497.3636768442,0.1702199224382639,16895180800.0,
32256,2.4250168800354004,0.0003013206625829,0.0855608433485031,481.2481109984219,1089433.8866334152,0.2324800007045269,16901472256.0,
32268,2.4089572429656982,0.0003009354601743,0.0897773280739784,477.05058194696903,1099019.7262945212,0.1645798329263925,16907763712.0,
32280,2.4619061946868896,0.0003005504605263,0.0802536085247993,477.75902110151947,1097390.058258248,0.182171119377017,16914055168.0,
32292,2.38877010345459,0.0003001656637504,0.0871544182300567,478.88870094902813,1094801.3577288475,0.1898901537060737,16920346624.0,
32304,2.407437324523926,0.0002997810699584,0.0759607702493667,478.0522109940648,1096717.0278530712,0.1682399306446313,16926638080.0,
32316,2.3927741050720215,0.0002993966792617,0.0765305310487747,479.2489008978009,1093978.513081251,0.1820100005716085,16932929536.0,
32328,2.4127395153045654,0.0002990124917719,0.0814733430743217,478.5208210814744,1095643.0251354373,0.1641300041228532,16939220992.0,
32340,2.4245567321777344,0.0002986285076003,0.0775165185332298,479.466071119532,1093483.004492499,0.1786800567060709,16945512448.0,
32352,2.368898391723633,0.0002982447268584,0.076559841632843,479.622881161049,1093125.4962874742,0.1866801176220178,16951803904.0,
32364,2.4282336235046387,0.0002978611496575,0.0759239867329597,479.3174909427762,1093821.965413302,0.1909199636429548,16958095360.0,
32376,2.4397740364074707,0.0002974777761087,0.0762921497225761,478.2191710546613,1096334.1324099132,0.2124400343745947,16964386816.0,
32388,2.364225387573242,0.0002970946063234,0.0802985355257988,484.4880900345742,1082148.376366869,0.18758000805974,16970678272.0,
32400,2.3551976680755615,0.0002967116404127,0.1032949388027191,481.8483800627291,1088076.7097976876,0.1812800765037536,16976969728.0,
32412,2.351137161254883,0.0002963288784876,0.0924778804183006,479.7826719004661,1092761.4328446751,0.2200899180024862,16983261184.0,
32424,2.390738010406494,0.0002959463206591,0.073618434369564,478.8105110637843,1094980.1390850365,0.1740700099617242,16989552640.0,
32436,2.412263870239258,0.0002955639670382,0.0722080096602439,480.895851040259,1090231.90544455,0.2168898936361074,16995844096.0,
32448,2.480982780456543,0.0002951818177359,0.0852253586053848,479.1806610301137,1094134.305989973,0.2036299556493759,17002135552.0,
32460,2.3821654319763184,0.0002947998728629,0.0778840631246566,477.0925519987941,1098923.0450223528,0.175790162757039,17008427008.0,
32472,2.4648890495300293,0.00029441813253,0.0811858549714088,477.7564820833504,1097395.890294863,0.1806688960641622,17014718464.0,
32484,2.4139742851257324,0.000294036596848,0.0802704393863678,478.67235098965466,1095296.1852006598,0.1733899116516113,17021009920.0,
32496,2.38723087310791,0.0002936552659275,0.0750930607318878,478.9149409625679,1094741.372959125,0.197520013898611,17027301376.0,
32508,2.33805251121521,0.0002932741398791,0.0848602131009101,477.9807608574629,1096880.9687223923,0.1660399138927459,17033592832.0,
32520,,,,,,,17039360000.0,
32532,2.4396309852600098,0.0002925442213358,0.0890511721372604,479.82744104228914,1092659.4753754244,0.164849916473031,17045651456.0,
32544,2.3047215938568115,0.0002921636934622,0.0856527164578437,481.008802074939,1089975.8959469483,0.2118099946528673,17051942912.0,
32556,2.3824548721313477,0.0002917833708935,0.0904711335897445,479.0294519625604,1094479.6772975388,0.1945500262081623,17058234368.0,
32568,2.3975179195404053,0.0002914032537398,0.0905266851186752,481.23562103137374,1089462.161750116,0.2499299589544534,17064525824.0,
32580,2.4221158027648926,0.0002910233421113,0.0838628336787223,478.83385117165744,1094926.7657604427,0.1773801632225513,17070817280.0,
32592,2.3961501121520996,0.0002906436361184,0.0846478715538978,490.72437989525497,1068396.0721737712,0.1357197761535644,17077108736.0,
32604,2.3628642559051514,0.0002902641358711,0.0769583210349083,1104.9404740333557,474494.3391259762,0.1750399824231863,17083400192.0,
32616,2.4010255336761475,0.0002898848414795,0.0818967297673225,480.6977310217917,1090681.245541873,0.1804600469768047,17089691648.0,
32628,2.4309191703796387,0.0002895057530537,0.0817470625042915,477.1748611237854,1098733.488946294,0.1720290165394544,17095983104.0,
32640,2.406304836273194,0.0002891268707035,0.0782290399074554,499.6856399811804,1049235.6754933884,0.1635998487472534,17102274560.0,
32652,2.3801589012145996,0.0002887481945388,0.0846239179372787,478.7277211435139,1095169.5020870285,0.1482199877500534,17108566016.0,
32664,2.4120187759399414,0.0002883697246695,0.083476111292839,479.9097520299256,1092472.0695555008,0.1777999568730592,17114857472.0,
32676,2.4236934185028076,0.0002879914612055,0.0808330327272415,482.04249213449657,1087638.5558427416,0.1720900181680917,17121148928.0,
32688,2.426856517791748,0.0002876134042562,0.0858376249670982,479.0682219900191,1094391.1032590324,0.1893898006528616,17127440384.0,
32700,2.312530040740967,0.0002872355539316,0.0899338200688362,479.18541193939745,1094123.4581371327,0.1982999965548515,17133731840.0,
32712,2.4332170486450195,0.000286857910341,0.0837740153074264,478.9959620684386,1094556.199881055,0.1738800201565027,17140023296.0,
32724,2.408879280090332,0.0002864804735941,0.0794659256935119,477.41121193394065,1098189.541624225,0.1630198676139116,17146314752.0,
32736,2.4398655891418457,0.0002861032438004,0.0763880908489227,479.04695104807615,1094439.6970963783,0.16636005602777,17152606208.0,
32748,2.3841629028320312,0.0002857262210692,0.0848440453410148,480.6442509870976,1090802.6028050296,0.1676599495112896,17158897664.0,
32760,2.434525489807129,0.0002853494055099,0.077627845108509,479.46791094727814,1093478.8085487753,0.1595399808138609,17165189120.0,
32772,2.4674549102783203,0.0002849727972318,0.0802220627665519,480.088131967932,1092066.1542931462,0.1865101512521505,17171480576.0,
32784,2.3175249099731445,0.0002845963963441,0.1036895960569381,484.5370810944587,1082038.9614263433,0.1777510624378919,17177772032.0,
32796,2.4162471294403076,0.000284220202956,0.0818444043397903,477.43631107732654,1098131.8090719858,0.1763799227774143,17184063488.0,
32808,2.4002115726470947,0.0002838442171766,0.1259354650974273,479.0893108583987,1094342.9296316744,0.1841201446950435,17190354944.0,
32820,2.396395444869995,0.0002834684391151,0.0783195123076438,477.96387085691094,1096919.7296440783,0.1655500382184982,17196646400.0,
32832,2.332915782928467,0.0002830928688802,0.0872013419866561,478.467132197693,1095765.967438229,0.169859966263175,17202937856.0,
32844,2.468057155609131,0.0002827175065811,0.0800722986459732,479.0565110743046,1094417.8565160546,0.1959188375622034,17209229312.0,
32856,2.326869249343872,0.0002823423523265,0.0756310373544693,479.15703104808927,1094188.264029421,0.1876198220998048,17215520768.0,
32868,2.4008541107177734,0.0002819674062253,0.0923653468489646,478.58459199778736,1095497.031802528,0.1672501675784587,17221812224.0,
32880,2.4191126823425293,0.0002815926683863,0.0826218202710151,491.4148799143731,1066894.840651457,0.1943300012499094,17228103680.0,
32892,2.3316118717193604,0.0002812181389181,0.0795352384448051,480.923161143437,1090169.9946275393,0.1969800796359777,17234395136.0,
32904,2.389071464538574,0.0002808438179293,0.079587310552597,477.65403194352984,1097631.2664350823,0.1692299265414476,17240686592.0,
32916,2.447841167449951,0.0002804697055285,0.0834832787513732,478.6896309815347,1095256.6466187446,0.1894698943942785,17246978048.0,
32928,2.4401025772094727,0.0002800958018243,0.0833559408783912,478.00893196836114,1096816.324835332,0.1648999750614166,17253269504.0,
32940,2.3963429927825928,0.000279722106925,0.0767037644982338,478.6615909542888,1095320.8068246036,0.1661689020693302,17259560960.0,
32952,2.362983465194702,0.0002793486209391,0.0777502804994583,479.74298195913434,1092851.8388303595,0.199170084670186,17265852416.0,
32964,2.4196929931640625,0.000278975343975,0.0769653841853141,477.2848610300571,1098480.2636909594,0.1589599996805191,17272143872.0,
32976,2.4093711376190186,0.0002786022761407,0.0921401754021644,482.2227219119668,1087232.0531086724,0.1750499941408634,17278435328.0,
32988,2.3685648441314697,0.0002782294175447,0.0869181826710701,479.9562010448426,1092366.3427176252,0.2283200155943632,17284726784.0,
33000,2.4580039978027344,0.000277856768295,0.0771020054817199,477.3122819606215,1098417.1575188043,0.1833301503211259,17291018240.0,
33012,2.429648160934448,0.0002774843284996,0.0812387391924858,479.9511809833348,1092377.7683509956,0.1741799060255289,17297309696.0,
33024,2.3663010597229004,0.0002771120982667,0.0799328163266182,479.2496410664171,1093976.8235055208,0.1798099838197231,17303601152.0,
33036,2.6288347244262695,0.0002767400777042,0.1043811365962028,479.8795110546053,1092540.9147971345,0.2222310286015272,17309892608.0,
33048,2.3942019939422607,0.00027636826692,0.092206597328186,503.7243089172989,1040823.3049679508,0.2088500186800956,17316184064.0,
33060,2.377912998199463,0.0002759966660219,0.0827478468418121,481.4415711443871,1088996.1138041464,0.1959600485861301,17322475520.0,
33072,2.474491596221924,0.0002756252751177,0.0827184244990348,483.7953909300268,1083697.7983443209,0.1710799988359213,17328766976.0,
33084,2.4045374393463135,0.0002752540943152,0.0777250230312347,479.99061993323267,1092288.0119468358,0.202439958229661,17335058432.0,
33096,2.3844504356384277,0.0002748831237219,0.0906717330217361,507.663109106943,1032747.880621664,0.2182701136916875,17341349888.0,
33108,2.402299404144287,0.0002745123634456,0.0771344155073165,480.07869091816247,1092087.6304617606,0.1782998442649841,17347641344.0,
33120,2.4349565505981445,0.0002741418135937,0.0856441110372543,481.88991099596024,1087982.935597079,0.1697489060461521,17353932800.0,
33132,2.3945870399475098,0.0002737714742737,0.0783252418041229,480.0019410904497,1092262.2496253722,0.1890498679131269,17360224256.0,
33144,2.409402370452881,0.000273401345593,0.0815077573060989,482.2638100013137,1087139.4227125852,0.1646298915147781,17366515712.0,
33156,2.314511775970459,0.000273031427659,0.0795099660754203,491.7550000827759,1066156.9275589427,0.1922000665217638,17372807168.0,
33168,2.4103941917419434,0.000272661720579,0.0775890424847602,495.4693301115185,1058164.3870509504,0.1731289085000753,17379098624.0,
33180,2.385192632675171,0.0002722922244601,0.0833576247096061,480.1994108129293,1091813.0847191862,0.1852000132203102,17385390080.0,
33192,2.4324886798858643,0.0002719229394097,0.0814400091767311,481.39271000400186,1089106.646412742,0.3806499298661947,17391681536.0,
33204,2.356708526611328,0.0002715538655347,0.0869694426655769,479.2080009356141,1094071.8831412892,0.1906598918139934,17397972992.0,
33216,2.3379077911376953,0.0002711850029423,0.0819484069943428,478.84280094876885,1094906.3011100658,0.1884698867797851,17404264448.0,
33228,2.399623155593872,0.0002708163517393,0.0858640074729919,479.7529708594084,1092829.0846449863,0.2159599680453539,17410555904.0,
33240,2.4533333778381348,0.0002704479120328,0.0800799205899238,477.9788618907333,1096885.3265311408,0.1389998942613601,17416847360.0,
33252,2.4118669033050537,0.0002700796839297,0.0987443551421165,483.88577112928033,1083495.385236127,0.1540710218250751,17423138816.0,
33264,2.384239673614502,0.0002697116675366,0.0899059548974037,480.02607212401927,1092207.34132238,0.1705300528556108,17429430272.0,
33276,2.458265781402588,0.0002693438629604,0.0916260033845901,480.62583105638623,1090844.4076916275,0.1798500306904316,17435721728.0,
33288,2.3499200344085693,0.0002689762703077,0.076826624572277,478.3145119436085,1096115.603663331,0.1698799896985292,17442013184.0,
33300,2.3789544105529785,0.0002686088896852,0.0879240781068801,477.4548311252147,1098089.2135166249,0.1581101678311824,17448304640.0,
33312,2.3526382446289062,0.0002682417211994,0.0864284336566925,479.7702210489661,1092789.7918584873,0.1912999432533979,17454596096.0,
33324,2.4328010082244873,0.0002678747649567,0.0833465605974197,479.02211104519665,1094496.4499781355,0.190200051292777,17460887552.0,
33336,2.4305222034454346,0.0002675080210637,0.0954957604408264,479.07224111258984,1094381.92198822,0.1876300666481256,17467179008.0,
33348,2.3798656463623047,0.0002671414896268,0.0891507565975189,497.2388208843768,1054398.767713901,0.1875499729067087,17473470464.0,
33360,2.4237966537475586,0.0002667751707521,0.0812844038009643,479.3352610431611,1093781.414826461,0.1704799942672252,17479761920.0,
33372,2.3165178298950195,0.000266409064546,0.1013214513659477,481.2668820377439,1089391.3950199508,0.1664001028984785,17486053376.0,
33384,2.3560726642608643,0.0002660431711147,0.0798511281609535,479.6948709990829,1092961.44632116,0.1935199834406376,17492344832.0,
33396,2.3943538665771484,0.0002656774905643,0.076883427798748,480.6053021457046,1090891.0027818463,0.1950599253177642,17498636288.0,
33408,2.4335837364196777,0.0002653120230008,0.0913368538022041,477.7396621648222,1097434.5266295231,0.1754099503159523,17504927744.0,
33420,2.406301975250244,0.0002649467685302,0.0758926346898078,478.1564620789141,1096477.913778508,0.1874510198831558,17511219200.0,
33432,2.385307550430298,0.0002645817272586,0.0825794711709022,479.37091207131743,1093700.069815667,0.1649099867790937,17517510656.0,
33444,2.399132013320923,0.0002642168992917,0.0865497589111328,479.0362410712987,1094464.1658583116,0.1687910407781601,17523802112.0,
33456,2.391611099243164,0.0002638522847354,0.0777646526694297,479.07151095569134,1094383.5899448646,0.2390299923717975,17530093568.0,
33468,2.389458179473877,0.0002634878836954,0.078351654112339,1065.5484069138763,492035.8348791336,0.1734900288283825,17536385024.0,
33480,2.4656424522399902,0.0002631236962775,0.097222663462162,480.87978083640337,1090268.3391846833,0.1717801205813884,17542676480.0,
33492,2.445011854171753,0.0002627597225872,0.0828685387969017,479.3429810088128,1093763.799141477,0.22517004981637,17548967936.0,
33504,2.428392171859741,0.0002623959627302,0.080934040248394,479.39430200494826,1093646.7075376052,0.1943400129675865,17555259392.0,
33516,2.375722169876098,0.0002620324168119,0.0771843418478965,484.2939719092101,1082582.1307110705,0.1726108603179454,17561550848.0,
33528,2.419450283050537,0.0002616690849377,0.0827617570757865,479.3473209720105,1093753.8963123015,0.1760199666023254,17567842304.0,
33540,2.425786018371582,0.0002613059672132,0.082327052950859,479.4262310024351,1093573.8724678522,0.1618501264601946,17574133760.0,
33552,2.731801271438598,0.0002609430637435,0.1064184680581092,479.8350508790463,1092642.1465866591,0.1668799668550491,17580425216.0,
33564,2.3920013904571533,0.000260580374634,0.094381533563137,479.318211087957,1093820.3220152445,0.3610299900174141,17586716672.0,
33576,2.518045663833618,0.0002602178999898,0.0899641513824462,480.66701111383736,1090750.952067796,0.1933700405061245,17593008128.0,
33588,2.4057505130767822,0.0002598556399161,0.0953073501586914,480.038101086393,1092179.9724094053,0.1858300529420375,17599299584.0,
33600,2.4059438705444336,0.000259493594518,0.0842957869172096,480.46387103386223,1091212.1214688567,0.1865301746875047,17605591040.0,
33612,2.358692407608032,0.0002591317639004,0.0824638679623603,479.2311619967222,1094019.0070602838,0.2381799276918172,17611882496.0,
33624,2.4103715419769287,0.0002587701481683,0.0881445035338401,480.6403510738164,1090811.453571613,0.1719500869512558,17618173952.0,
33636,2.405181407928467,0.0002584087474266,0.0898176729679107,480.2960820961744,1091593.330746797,0.196920009329915,17624465408.0,
33648,2.4049956798553467,0.0002580475617802,0.0799327790737152,480.0877119414508,1092067.1097366884,0.1990699674934148,17630756864.0,
33660,2.3420815467834473,0.0002576865913336,0.0821066722273826,480.11171096004546,1092012.5213184622,0.1981500536203384,17637048320.0,
33672,2.412649631500244,0.0002573258361918,0.0788835883140564,480.46699119731784,1091205.035112778,0.1742399763315916,17643339776.0,
33684,2.4191818237304688,0.0002569652964593,0.1208126172423362,480.2111010067165,1091786.5057698176,0.1933800522238016,17649631232.0,
33696,2.442162036895752,0.0002566049722406,0.084733672440052,477.935760980472,1096984.2451722752,0.1748800277709961,17655922688.0,
33708,2.3720107078552246,0.0002562448636404,0.0971655696630477,478.3801310695708,1095965.25011979,0.1785599160939455,17662214144.0,
33720,2.3477706909179688,0.000255884970763,0.0789214372634887,486.6737911943346,1077288.3386905985,0.1702199224382639,17668505600.0,
33732,2.4233040809631348,0.0002555252937128,0.0913274884223938,479.25300197675824,1093969.1516536933,0.1885001547634601,17674797056.0,
33744,2.3619513511657715,0.0002551658325941,0.0773728415369987,479.4475620146841,1093525.2184762233,0.1870000269263982,17681088512.0,
33756,2.4198503494262695,0.0002548065875113,0.0889828130602836,479.6252800151706,1093120.0290014253,0.1887199468910694,17687379968.0,
33768,2.3843328952789307,0.0002544475585684,0.0833136141300201,479.02273084037006,1094495.0338373696,0.1969900913536548,17693671424.0,
33780,2.394113540649414,0.0002540887458697,0.0927328318357467,478.8944320753217,1094788.255791495,0.2131599467247724,17699962880.0,
33792,2.4102766513824463,0.0002537301495192,0.0778280943632125,479.30934093892574,1093840.5643690669,0.1715200487524271,17706254336.0,
33804,2.385715961456299,0.0002533717696209,0.0883249938488006,478.1469909939915,1096499.6326968172,0.1819899771362543,17712545792.0,
33816,2.343780755996704,0.0002530136062788,0.0926676988601684,517.5670189782977,1012985.7212211275,0.2889200113713741,17718837248.0,
33828,2.336655616760254,0.0002526556595968,0.0795610770583152,478.7542908452451,1095108.722836436,0.1721598673611879,17725128704.0,
33840,2.3733973503112793,0.0002522979296786,0.0825633108615875,483.3933408372104,1084599.1363719704,0.1595891080796718,17731420160.0,
33852,2.4535164833068848,0.000251940416628,0.0867701396346092,478.7951309699565,1095015.312578227,0.1921399962157011,17737711616.0,
33864,2.3704800605773926,0.0002515831205488,0.0833078101277351,479.84780091792345,1092613.113985445,0.1946701668202877,17744003072.0,
33876,2.407723903656006,0.0002512260415445,0.0820008888840675,480.1716119982302,1091876.2935988237,0.1593690831214189,17750294528.0,
33888,2.375797748565674,0.0002508691797187,0.0766428336501121,478.671862045303,1095297.3040023393,0.183250056579709,17756585984.0,
33900,2.4889674186706543,0.000250512535175,0.1043123304843902,479.646960971877,1093070.6178929391,0.1611099578440189,17762877440.0,
33912,2.403869152069092,0.0002501561080168,0.0894384458661079,479.1422809939831,1094221.947836375,0.1949300058186054,17769168896.0,
33924,2.426968812942505,0.0002497998983474,0.0852213576436042,478.3851520624012,1095953.7471840498,0.1818300224840641,17775460352.0,
33936,2.455078601837158,0.0002494439062701,0.0974014550447464,478.0587020795792,1096702.1366190407,0.1650999765843153,17781751808.0,
33948,2.4029626846313477,0.0002490881318883,0.0822315514087677,480.3607910871506,1091446.2831436212,0.1815201248973608,17788043264.0,
33960,2.40004825592041,0.0002487325753052,0.0824708566069603,478.2006209716201,1096376.66077208,0.178609974682331,17794334720.0,
33972,2.512131690979004,0.0002483772366237,0.0924483686685562,478.1702610198408,1096446.271840075,0.168349826708436,17800626176.0,
33984,2.3919122219085693,0.0002480221159471,0.0811672210693359,478.671460878104,1095298.221954186,0.1680201385170221,17806917632.0,
33996,2.4385664463043213,0.0002476672133783,0.0808955058455467,477.5229210499674,1097932.6371333266,0.2178889699280262,17813209088.0,
34008,2.38411021232605,0.0002473125290202,0.0848080068826675,479.07856199890375,1094367.482887284,0.2050800248980522,17819500544.0,
34020,2.373380422592163,0.0002469580629757,0.1014555618166923,480.3128910716623,1091555.1294703365,0.2069501206278801,17825792000.0,
34032,2.3828868865966797,0.0002466038153477,0.0958760902285575,479.0195911191404,1094502.207676096,0.188400037586689,17832083456.0,
34044,2.3815016746520996,0.0002462497862389,0.0793144777417182,479.6249808277935,1093120.7108835778,0.1850898843258619,17838374912.0,
34056,2.403719663619995,0.0002458959757519,0.0815626084804534,482.20631084404886,1087269.055194014,0.1625600270926952,17844666368.0,
34068,2.3435239791870117,0.0002455423839894,0.0811813622713089,479.77851098403335,1092770.909903149,0.2413401380181312,17850957824.0,
34080,2.369790554046631,0.0002451890110539,0.0897481143474578,480.0620609894395,1092125.4616942815,0.2455899957567453,17857249280.0,
34092,2.431865692138672,0.000244835857048,0.081726536154747,479.9502610694617,1092379.862096005,0.193870160728693,17863540736.0,
34104,2.4398791790008545,0.0002444829220741,0.0827645063400268,479.7581220045686,1092817.3509796408,0.2470400650054216,17869832192.0,
34116,2.390470027923584,0.0002441302062345,0.0856527760624885,478.27597078867257,1096203.9325025133,0.1854090951383113,17876123648.0,
34128,2.4928464889526367,0.0002437777096315,0.080143429338932,479.6008220873773,1093175.7742160026,0.1939700450748205,17882415104.0,
34140,2.402040481567383,0.0002434254323674,0.0791799575090408,478.6837019491941,1095270.2125957198,0.1740891020745039,17888706560.0,
34152,2.404005765914917,0.0002430733745444,0.0839855745434761,478.1946709845215,1096390.3025531007,0.1701798755675554,17894998016.0,
34164,2.356590986251831,0.0002427215362645,0.0958487018942833,477.8975599911064,1097071.93317697,0.1518798526376485,17901289472.0,
34176,2.414261817932129,0.0002423699176299,0.0754726976156234,480.77908088453114,1090496.6976421303,0.1741200685501098,17907580928.0,
34188,2.4149186611175537,0.0002420185187425,0.0910958126187324,479.73516094498336,1092869.6553474553,2.6739099994301796,17913872384.0,
34200,2.4037373065948486,0.0002416673397041,0.0969331786036491,480.2489608991891,1091700.4359954365,0.2383200917392969,17920163840.0,
34212,2.436568260192871,0.0002413163806168,0.0763094872236251,505.30224991962314,1037573.0566871548,2.369220135733485,17926455296.0,
34224,2.40726375579834,0.0002409656415823,0.076070100069046,478.0463511124253,1096730.4713862354,0.1857201568782329,17932746752.0,
34236,2.462675094604492,0.0002406151227022,0.0855801180005073,480.7433208916336,1090577.8140143564,0.1673898659646511,17939038208.0,
34248,2.3707239627838135,0.0002402648240784,0.0844586491584777,479.5016010757536,1093401.9799386882,0.184129923582077,17945329664.0,
34260,2.398862361907959,0.0002399147458123,0.0798255056142807,479.5715711079538,1093242.4513586948,0.1946401316672563,17951621120.0,
34272,2.347235679626465,0.0002395648880055,0.0860808715224266,479.47121202014387,1093471.280144288,0.1900598872452974,17957912576.0,
34284,2.400932788848877,0.0002392152507595,0.0853633061051368,478.8435618393123,1094904.561285378,0.1838200259953737,17964204032.0,
34296,2.3754215240478516,0.0002388658341757,0.0826215669512748,479.37787091359496,1093684.1932248888,0.1865800004452467,17970495488.0,
34308,2.362090826034546,0.0002385166383555,0.0793059915304184,479.1435808874666,1094218.9792648733,0.2089301124215126,17976786944.0,
34320,2.3877694606781006,0.0002381676634001,0.0786539167165756,478.6497908644378,1095347.8096232738,0.1837301533669233,17983078400.0,
34332,2.358060121536255,0.0002378189094107,0.0753463134169578,478.2156019937247,1096342.3146676838,0.1728299539536237,17989369856.0,
34344,2.4080896377563477,0.0002374703764885,0.0882485657930374,478.7935209460557,1095018.9947517484,0.1672601792961359,17995661312.0,
34356,2.3849306106567383,0.0002371220647347,0.0941199958324432,505.10694016702473,1037974.255167891,0.1853900030255317,18001952768.0,
34368,2.359076976776123,0.0002367739742501,0.0841859355568885,478.2969520892948,1096155.845672458,0.1533699687570333,18008244224.0,
34380,2.3736977577209473,0.0002364261051359,0.0798359736800193,478.7193520460278,1095188.6481279973,0.1804600469768047,18014535680.0,
34392,2.3492555618286133,0.0002360784574928,0.0971848219633102,490.7832511235029,1068267.9141959266,0.1863399520516395,18020827136.0,
34404,2.393294334411621,0.0002357310314217,0.0866915881633758,477.90124104358256,1097063.4829387,0.1733300741761922,18027118592.0,
34416,2.3721866607666016,0.0002353838270234,0.0878161340951919,478.9623920805752,1094632.916214014,0.1896400935947895,18033410048.0,
34428,2.408270359039306,0.0002350368443986,0.0795214921236038,478.1955708749592,1096388.23931536,0.178519869223237,18039701504.0,
34440,2.3539092540740967,0.000234690083648,0.0857094004750251,479.09727203659713,1094324.744892204,0.1887299586087465,18045992960.0,
34452,2.3905043601989746,0.000234343544872,0.0842824950814247,498.6814500298351,1051348.5110958768,0.1824710052460432,18052284416.0,
34464,2.4040279388427734,0.0002339972281713,0.1079412549734115,479.2044209316373,1094080.0566503836,0.2030499745160341,18058575872.0,
34476,2.51063871383667,0.0002336511336462,0.0836558192968368,479.7871799673885,1092751.1652888188,0.1693100202828645,18064867328.0,
34488,2.379565477371216,0.0002333052613971,0.086697831749916,478.07375993579626,1096667.593867545,0.1861299388110637,18071158784.0,
34500,2.4334001541137695,0.0002329596115245,0.0867225378751754,478.43299084343016,1095844.1621589095,0.190280145034194,18077450240.0,
34512,2.39068603515625,0.0002326141841284,0.0837728604674339,478.18159218877554,1096420.2900412416,0.171429943293333,18083741696.0,
34524,2.4276328086853027,0.0002322689793092,0.0868144407868385,477.68390108831227,1097562.632539027,0.166639918461442,18090033152.0,
34536,2.4167661666870117,0.0002319239971669,0.0959261804819107,479.74924999289215,1092837.5604709496,0.1765000633895397,18096324608.0,
34548,2.3949902057647705,0.0002315792378016,0.0868967697024345,501.2371900957078,1045987.828436854,0.2043501008301973,18102616064.0,
34560,2.1738245487213135,0.0002312347013133,0.1110285148024559,478.3435820136219,1096048.9901274974,0.1842998899519443,18108907520.0,
34572,2.325526475906372,0.0002308903878019,0.087060809135437,477.86612110212445,1097144.1097159402,0.190849881619215,18115198976.0,
34584,2.4682817459106445,0.0002305462973673,0.0896522179245948,477.7197609655559,1097480.2443598344,0.1633400097489357,18121490432.0,
34596,2.3535587787628174,0.0002302024301093,0.0790399089455604,478.48384198732674,1095727.70069399,0.1898801419883966,18127781888.0,
34608,2.3927221298217773,0.0002298587861276,0.0796960443258285,479.1626709047705,1094175.3851776945,0.1879299525171518,18134073344.0,
34620,2.4340224266052246,0.0002295153655219,0.0789501592516899,479.169201804325,1094160.4719706085,0.1953488681465387,18140364800.0,
34632,2.408430576324463,0.0002291721683918,0.0828144624829292,479.76615093648434,1092799.0625779056,0.2291600685566663,18146656256.0,
34644,2.406029224395752,0.0002288291948369,0.0833609476685524,478.6064908839762,1095446.906772307,0.2081699203699827,18152947712.0,
34656,2.4067304134368896,0.0002284864449566,0.0811051279306411,479.0907520800829,1094339.6375815703,0.1522998791188001,18159239168.0,
34668,2.4244556427001953,0.0002281439188504,0.078477919101715,477.9965109191835,1096844.8263184982,0.1657309476286173,18165530624.0,
34680,2.357818603515625,0.0002278016166175,0.0800459533929824,477.2333798464388,1098598.7614041208,0.1779999583959579,18171822080.0,
34692,2.4031636714935303,0.0002274595383573,0.0818372815847396,479.0858409833163,1094350.8556293524,0.1777710858732462,18178113536.0,
34704,2.3709874153137207,0.000227117684169,0.0845847278833389,477.1790311206132,1098723.887277183,0.1715801190584898,18184404992.0,
34716,2.411818742752075,0.0002267760541518,0.0894689410924911,478.029120946303,1096770.0021331822,0.218879897147417,18190696448.0,
34728,2.3365683555603027,0.0002264346484047,0.088791474699974,478.5277710761875,1095627.112342717,0.1386301591992378,18196987904.0,
34740,2.4333670139312744,0.0002260934670267,0.0839489325881004,477.85614198073745,1097167.0214947958,0.1737398561090231,18203279360.0,
34752,2.438606977462769,0.0002257525101169,0.0845621898770332,478.3282510470599,1096084.1197490098,0.1911199651658535,18209570816.0,
34764,2.424771308898926,0.0002254117777741,0.0796223431825637,479.02213083580136,1094496.4047594594,0.1885399688035249,18215862272.0,
34776,2.3551013469696045,0.0002250712700971,0.078892633318901,478.0600620433688,1096699.0167700674,0.1925500109791755,18222153728.0,
34788,2.418174982070923,0.0002247309871847,0.0854976922273635,480.0887319725007,1092064.7894523612,0.1731500960886478,18228445184.0,
34800,2.4831953048706055,0.0002243909291356,0.0808808878064155,483.540000859648,1084270.1722048006,0.1813201233744621,18234736640.0,
34812,2.4174952507019043,0.0002240510960484,0.0827788934111595,480.212609982118,1091783.0750415388,0.1756201963871717,18241028096.0,
34824,2.3618412017822266,0.0002237114880217,0.083295814692974,479.35198014602065,1093743.2653147504,0.2107999753206968,18247319552.0,
34836,2.4303250312805176,0.0002233721051541,0.0834330171346664,477.5893408805132,1097779.9442370096,0.1705200411379337,18253611008.0,
34848,2.423022508621216,0.0002230329475438,0.0906637236475944,478.69743104092777,1095238.8001329682,0.166391022503376,18259902464.0,
34860,2.398016929626465,0.0002226940152894,0.0855696871876716,478.67949097417295,1095279.8477599449,0.1689700875431299,18266193920.0,
34872,2.389244079589844,0.0002223553084891,0.0854827314615249,478.6795109976083,1095279.8019437678,0.175190856680274,18272485376.0,
34884,2.414912700653076,0.0002220168272411,0.0823462232947349,479.0724110789597,1094381.5337209806,0.2552599180489778,18278776832.0,
34896,2.4035284519195557,0.0002216785716436,0.0789885073900222,478.2829419709742,1096187.954852502,0.1794900745153427,18285068288.0,
34908,2.377285957336426,0.0002213405417948,0.082598477602005,490.7591009978205,1068320.483377706,0.1946201082319021,18291359744.0,
34920,2.329130172729492,0.0002210027377927,0.0887790545821189,477.4158210493624,1098178.9393732538,0.1731310039758682,18297651200.0,
34932,2.393092393875122,0.0002206651597352,0.0835156664252281,478.87724195607007,1094827.5550920744,0.1761000603437423,18303942656.0,
34944,2.288670539855957,0.0002203278077203,0.0831998735666275,479.81113102287054,1092696.6176927008,0.1672001089900732,18310234112.0,
34956,2.424574136734009,0.0002199906818458,0.0840387269854545,479.2696018703282,1093931.261139846,0.1759899314492941,18316525568.0,
34968,2.382183074951172,0.0002196537822095,0.0809865519404411,479.2011519894004,1094087.5200809136,0.1679100096225738,18322817024.0,
34980,2.3814585208892822,0.0002193171089092,0.0792077332735061,478.0631121248007,1096692.0197413852,0.1585399731993675,18329108480.0,
34992,2.4064719676971436,0.0002189806620423,0.0799821242690086,477.73773106746376,1097438.9626469817,0.1732399687170982,18335399936.0,
35004,2.3462815284729004,0.0002186444417067,0.0806143507361412,477.8853910975158,1097099.8690625706,0.1756499987095594,18341691392.0,
35016,2.3886942863464355,0.0002183084479997,0.0904209092259407,480.0273410510272,1092204.4541297655,0.1701898872852325,18347982848.0,
35028,2.380070447921753,0.0002180286264333,0.0896757915616035,477.4354409892112,1098133.810329861,0.1688799820840358,18353225728.0,
35040,2.395658493041992,0.0002176930484653,0.0824113339185714,485.2439910173416,1080462.6326248788,0.1852498389780521,18359517184.0,
35052,2.3728861808776855,0.0002173576974019,0.0879293903708458,480.6407210417092,1090810.61393153,0.2201800234615802,18365808640.0,
35064,2.4274535179138184,0.0002170225733404,0.086868979036808,498.8150601275265,1051066.902162018,0.1740111038088798,18372100096.0,
35076,2.3974714279174805,0.000216687676378,0.078598529100418,481.46954108960927,1088932.850899537,0.2059100661426782,18378391552.0,
35088,2.3872461318969727,0.0002163530066118,0.0903479233384132,479.1842210106552,1094126.1773900143,0.276719918474555,18384683008.0,
35100,2.4265880584716797,0.0002160185641389,0.0821288377046585,478.6937909666449,1095247.1285271633,0.1712800003588199,18390974464.0,
35112,2.3955869674682617,0.0002156843490562,0.0818011686205864,478.4025710541755,1095913.8426967782,0.209389952942729,18397265920.0,
35124,2.3869643211364746,0.0002153503614609,0.0985734090209007,483.471211977303,1084424.443506707,0.1762199681252241,18403557376.0,
35136,2.425574779510498,0.0002150166014496,0.096199132502079,479.18976098299026,1094113.5280614032,0.1598000526428222,18409848832.0,
35148,2.3806729316711426,0.0002146830691192,0.0837238729000091,506.0341199859977,1036072.429294901,0.2450700849294662,18416140288.0,
35160,2.399060010910034,0.0002143497645665,0.0928443446755409,489.7632000502199,1070492.8421454283,0.171290012076497,18422431744.0,
35172,2.393021583557129,0.0002140166878881,0.082337275147438,480.8185009751469,1090407.2928489498,0.1359910238534212,18428723200.0,
35184,2.3949177265167236,0.0002136838391806,0.0878393352031707,483.3585009910166,1084677.312853848,0.1818200107663869,18435014656.0,
35196,2.468451023101806,0.0002133512185406,0.0854599475860595,478.24078099802136,1096284.5930994938,0.2036599908024072,18441306112.0,
35208,2.388428211212158,0.0002130188260646,0.086787424981594,478.25574199669063,1096250.2986605605,0.2034199424088001,18447597568.0,
35220,2.3450474739074707,0.0002126866618489,0.088161289691925,478.38817187584937,1095946.8290032523,0.1806700602173805,18453889024.0,
35232,2.3682591915130615,0.0002123547259899,0.0893730446696281,477.85168001428246,1097177.2663524582,0.1841101329773664,18460180480.0,
35244,2.4144814014434814,0.0002120230185839,0.0824762657284736,477.5765808299184,1097809.275088213,0.1886989921331405,18466471936.0,
35256,2.383023500442505,0.000211691539727,0.0865563824772834,482.9866199288517,1085512.4725343992,0.2095799427479505,18472763392.0,
35268,2.3231356143951416,0.0002113602895155,0.0942224264144897,488.2113600615412,1073895.5356014476,0.2024800051003694,18479054848.0,
35280,2.3740110397338867,0.0002110292680454,0.0836205631494522,477.72214096039534,1097474.7767520056,0.1789499074220657,18485346304.0,
35292,2.3829641342163086,0.0002106984754128,0.0816332921385765,482.3169799055904,1087019.5780845722,0.4120499361306429,18491637760.0,
35304,2.3779096603393555,0.0002103679117135,0.0825554355978965,481.8536820821464,1088064.7372756184,0.2145199105143547,18497929216.0,
35316,2.3224265575408936,0.0002100375770434,0.0833842381834983,477.9421321582049,1096969.6218923298,0.1779999583959579,18504220672.0,
35328,2.363884210586548,0.0002097074714984,0.0911493152379989,477.33295103535056,1098369.594771956,0.1921600196510553,18510512128.0,
35340,2.389146566390991,0.0002093775951742,0.0874602422118187,477.69256099127233,1097542.7352522225,0.1722299493849277,18516803584.0,
35352,2.377555131912231,0.0002090479481664,0.0811571478843689,478.5981220193207,1095466.0619809846,0.1852801069617271,18523095040.0,
35364,2.3675289154052734,0.0002087185305708,0.087497554719448,477.5872409809381,1097784.771056993,0.1739701256155967,18529386496.0,
35376,2.4273924827575684,0.0002083893424828,0.0879658609628677,478.0572010204196,1096705.5801709506,0.1824800856411457,18535677952.0,
35388,2.368664264678955,0.0002080603839979,0.0887514427304267,485.3008009959012,1080336.1521845665,0.1724709291011095,18541969408.0,
35400,2.4094083309173584,0.0002077316552115,0.0900086835026741,478.8870809134096,1094805.0613518213,0.1878100447356701,18548260864.0,
35412,2.4001035690307617,0.000207403156219,0.092485025525093,479.3933411128819,1093648.8996340623,0.3025399055331945,18554552320.0,
35424,2.4170031547546387,0.0002070748871157,0.0856780111789703,478.6511808633804,1095344.6287425864,0.1623500138521194,18560843776.0,
35436,2.3243000507354736,0.0002067468479967,0.0927401036024093,480.68283102475107,1090715.0540040894,0.1845799852162599,18567135232.0,
35448,2.262117862701416,0.0002064190389573,0.0905923843383789,479.1007109452039,1094316.890003455,0.1970399171113968,18573426688.0,
35460,2.440330982208252,0.0002060914600924,0.0878643840551376,477.399452123791,1098216.593394939,0.18688989803195,18579718144.0,
35472,2.367316722869873,0.0002057641114972,0.0844908356666565,479.95872097089887,1092360.6074693848,0.2982700243592262,18586009600.0,
35484,2.449117660522461,0.0002054369932665,0.0788134634494781,478.65784214809537,1095329.3852809933,0.1774488482624292,18592301056.0,
35496,2.468045234680176,0.0002051101054952,0.0827990621328353,477.22395206801593,1098620.464727379,0.1798090524971485,18598592512.0,
35508,2.409839153289795,0.0002047834482782,0.0894593894481659,478.4978919196874,1095695.52730234,0.1671600621193647,18604883968.0,
35520,2.400374412536621,0.0002044570217102,0.079920157790184,479.4485520105809,1093522.9604957271,0.1730199437588453,18611175424.0,
35532,2.3704473972320557,0.0002041308258858,0.0890997126698494,478.4184009768069,1095877.581066153,0.1637712121009826,18617466880.0,
35544,2.40274715423584,0.0002038048608997,0.0810541883111,480.1755012013018,1091867.449897668,0.1596901565790176,18623758336.0,
35556,2.460066795349121,0.0002034791268465,0.0971717610955238,480.2010811399669,1091809.2869665632,0.1821001060307026,18630049792.0,
35568,2.359858989715576,0.0002031536238205,0.0990055128931999,478.6588109564036,1095327.1683277388,0.1690699718892574,18636341248.0,
35580,2.3340067863464355,0.0002028283519163,0.0862478017807006,478.00164110958576,1096833.0543446874,0.1735901460051536,18642632704.0,
35592,2.3836913108825684,0.0002025033112281,0.0903421491384506,479.92560104466975,1092435.9918678335,0.1833401620388031,18648924160.0,
35604,2.3589072227478027,0.0002021785018503,0.0843417719006538,481.1806611251086,1089586.598875559,0.1759801525622606,18655215616.0,
35616,2.40557861328125,0.000201853923877,0.0815680548548698,486.434310907498,1077818.7069532198,0.2059501130133867,18661507072.0,
35628,2.416827917098999,0.0002015295774024,0.0804657489061355,478.73598081059754,1095150.6070470694,0.1902300864458084,18667798528.0,
35640,2.4630980491638184,0.0002012054625205,0.0832608044147491,478.83399203419685,1094926.4436568173,0.1888398546725511,18674089984.0,
35652,2.3176584243774414,0.0002008815793254,0.0861234068870544,478.4322308842093,1095845.902837781,0.1990299206227064,18680381440.0,
35664,2.445542812347412,0.0002005579279111,0.0785225480794906,479.26217201165855,1093948.2200302803,0.2023600973188877,18686672896.0,
35676,2.2706656455993652,0.0002002345083713,0.1442238539457321,478.82020100951195,1094957.979831734,0.183020019903779,18692964352.0,
35688,2.4092042446136475,0.0001999113207999,0.083786517381668,480.48363090492785,1091167.2454118205,0.1819198951125145,18699255808.0,
35700,2.393537998199463,0.0001995883652906,0.0901991799473762,480.91660090722144,1090184.865756268,0.1926999539136886,18705547264.0,
35712,2.4431240558624268,0.0001992656419371,0.0828834548592567,479.9796720035374,1092312.9261110376,0.1711400691419839,18711838720.0,
35724,2.437359094619751,0.0001989431508331,0.0935472175478935,478.96246099844575,1094632.7587073704,0.2026800066232681,18718130176.0,
35736,2.4102511405944824,0.000198620892072,0.0994331911206245,519.2947690375149,1009615.4077803245,0.189970014616847,18724421632.0,
35748,2.3244009017944336,0.0001982988657473,0.0976619869470596,477.8253820259124,1097237.6514974835,0.1697901170700788,18730713088.0,
35760,2.4301137924194336,0.0001979770719524,0.0801524072885513,480.7389909401536,1090587.6367021534,0.1740700099617242,18737004544.0,
35772,2.4345808029174805,0.0001976555107806,0.0945276543498039,478.9185409899801,1094733.1437956777,0.1970899756997823,18743296000.0,
35784,2.4074337482452393,0.0001973341823253,0.0811422914266586,477.1044419612735,1098895.658662839,0.1719600986689329,18749587456.0,
35796,2.372955083847046,0.0001970130866796,0.0860543027520179,479.6535209752619,1093055.668462486,0.1721798907965421,18755878912.0,
35808,2.396886110305786,0.0001966922239366,0.0847934484481811,481.3585618976504,1089183.9088373329,0.1821699552237987,18762170368.0,
35820,2.4115917682647705,0.0001963715941895,0.0777974352240562,478.00734103657305,1096819.975323111,0.1876710448414087,18768461824.0,
35832,2.3742668628692627,0.0001960511975311,0.0790173336863517,479.6370908152312,1093093.1115207884,0.1801508478820324,18774753280.0,
35844,2.358611583709717,0.0001957310340545,0.0812182277441024,480.0704410299659,1092106.397709402,0.1953400205820799,18781044736.0,
35856,2.4297666549682617,0.0001954111038525,0.0862857103347778,478.32898097112775,1096082.4471382936,0.1681300345808267,18787336192.0,
35868,2.3506855964660645,0.0001950914070179,0.0838244706392288,478.7284710910171,1095167.7864597298,0.1914699096232652,18793627648.0,
35880,2.4449303150177,0.0001947719436434,0.0816165059804916,476.8373719416559,1099511.1349287238,0.201159855350852,18799919104.0,
35892,2.3831894397735596,0.0001944527138217,0.0864683836698532,496.22271093539894,1056557.8488169091,0.2011400647461414,18806210560.0,
35904,2.3182857036590576,0.0001941337176454,0.090461641550064,477.95052197761834,1096950.3659722996,0.1771110109984874,18812502016.0,
35916,2.4075231552124023,0.000193814955207,0.1039347425103187,479.09334185533226,1094333.7220459948,0.1891402062028646,18818793472.0,
35928,2.310941696166992,0.0001934964265989,0.0805539414286613,478.2887410838157,1096174.663890161,0.1748600043356418,18825084928.0,
35940,2.429136276245117,0.0001931781319136,0.0827510058879852,480.5423719808459,1091033.8620896842,0.184129923582077,18831376384.0,
35952,2.3654448986053467,0.0001928600712433,0.0842048749327659,488.107010954991,1074125.1164866905,0.2076709643006324,18837667840.0,
35964,2.4318060874938965,0.0001925422446804,0.0839022025465965,478.7552310153842,1095106.5722833902,0.2228599041700363,18843959296.0,
35976,2.410390138626098,0.0001922246523169,0.0794985517859458,479.5539020560682,1093282.7316223185,0.1258798874914646,18850250752.0,
35988,2.398940086364746,0.0001919072942451,0.1028537303209304,481.8376109469682,1088101.0284141223,0.2053510397672653,18856542208.0,
36000,2.35766077041626,0.0001915901705569,0.0805839300155639,479.3315220158547,1093789.9468724243,0.2064600121229887,18862833664.0,
36012,2.3111205101013184,0.0001912732813443,0.0941039249300956,479.0194618981331,1094502.5029306505,0.1954601611942052,18869125120.0,
36024,2.3900394439697266,0.0001909566266993,0.0909178480505943,479.0499110240489,1094432.9347212426,0.1889490522444248,18875416576.0,
36036,2.3117904663085938,0.0001906402067137,0.0847769230604171,479.9112118780613,1092468.7463505524,0.1891199499368667,18881708032.0,
36048,2.339123010635376,0.0001903240214793,0.0932158827781677,479.1452120989561,1094215.254084018,0.2053100615739822,18887999488.0,
36060,2.4019031524658203,0.0001900080710878,0.1038056015968322,479.7612421680242,1092810.243759502,0.2277109306305647,18894290944.0,
36072,2.4143929481506348,0.0001896923556308,0.0820624977350235,477.97926096245646,1096884.410725889,0.1816891599446535,18900582400.0,
36084,2.4132144451141357,0.0001893768751998,0.082778126001358,478.70354098267853,1095224.82103171,0.1864600926637649,18906873856.0,
36096,2.35274600982666,0.0001890616298865,0.0894380286335945,479.3030710425228,1093854.8732008568,0.2069501206278801,18913165312.0,
36108,2.4301443099975586,0.0001887466197822,0.0829537883400917,485.3098709136248,1080315.9618678198,0.2196400891989469,18919456768.0,
36120,2.413158655166626,0.0001884318449783,0.0972369909286499,480.1563508808613,1091910.997403612,0.1614401116967201,18925748224.0,
36132,2.423184871673584,0.0001881173055661,0.0922730341553688,479.8987819813192,1092497.0424709448,0.2309200353920459,18932039680.0,
36144,2.393775463104248,0.0001878030016369,0.0865011811256408,482.6213209889829,1086334.103362102,0.1776199787855148,18938331136.0,
36156,2.379004716873169,0.0001874889332817,0.0815037786960601,481.2496609520167,1089430.377909969,0.1466090325266122,18944622592.0,
36168,2.3227968215942383,0.0001871751005917,0.0946853682398796,480.1764211151749,1091865.3581164589,0.1858600880950689,18950914048.0,
36180,2.37351131439209,0.000186861503658,0.0923155546188354,484.49919116683304,1082123.581542711,0.2486698795109987,18957205504.0,
36192,2.308300256729126,0.0001865481425714,0.099403865635395,479.1541011072695,1094194.9547931058,0.1938899513334036,18963496960.0,
36204,2.390913486480713,0.0001862350174228,0.0899804159998893,494.05460082925856,1061194.4491964965,0.1669200137257576,18969788416.0,
36216,2.472832679748535,0.0001859221283032,0.0830936878919601,478.9704419672489,1094614.519106066,1.9123300444334743,18976079872.0,
36228,2.407336711883545,0.0001856094753031,0.0842681378126144,496.79119093343616,1055348.8257609787,0.2134300302714109,18982371328.0,
36240,2.437377452850342,0.0001852970585134,0.0836848244071006,486.94358114153147,1076691.4696173277,0.4008901305496692,18988662784.0,
36252,2.359957695007324,0.0001849848780246,0.0769602581858635,480.41872098110616,1091314.674268531,0.1709898933768272,18994954240.0,
36264,2.4186768531799316,0.0001846729339273,0.0837117731571197,477.86843101494014,1097138.8063582056,0.1936000771820545,19001245696.0,
36276,2.398097515106201,0.000184361226312,0.0859493687748909,479.824251960963,1092666.7375759373,0.4589001182466745,19007537152.0,
36288,2.3922080993652344,0.000184049755269,0.0800781473517417,480.348490877077,1091474.2316410593,0.1951700542122125,19013828608.0,
36300,2.2964370250701904,0.0001837385208887,0.0853846967220306,478.6723211873323,1095296.2533942205,0.1998299267143011,19020120064.0,
36312,2.3921878337860107,0.0001834275232614,0.0903965681791305,480.387840885669,1091384.825713728,0.2011689357459545,19026411520.0,
36324,2.4032578468322754,0.0001831167624773,0.0924510583281517,480.7949210517109,1090460.7703699337,0.2493900246918201,19032702976.0,
36336,2.401702404022217,0.0001828062386265,0.0815508663654327,479.4753410387784,1093461.8636781934,0.1929400023072958,19038994432.0,
36348,2.4594483375549316,0.000182495951799,0.1035362631082534,478.7645610049367,1095085.2312449955,0.1969300210475921,19045285888.0,
36360,2.4417781829833984,0.000182185902085,0.0880081430077552,479.1170710232109,1094279.5231243195,0.1901108771562576,19051577344.0,
36372,2.425213098526001,0.0001818760895742,0.0917739048600196,478.7889819126576,1095029.375792199,0.3812999930232763,19057868800.0,
36384,2.410149097442627,0.0001815665143567,0.0840920954942703,478.9482620544731,1094665.21029023,0.2336311154067516,19064160256.0,
36396,2.3967843055725098,0.000181257176522,0.0813927203416824,478.76429092139006,1095085.8490114182,0.1784299965947866,19070451712.0,
36408,2.3663151264190674,0.0001809480761601,0.0809844136238098,479.45387195795774,1093510.8269309662,0.1750201918184757,19076743168.0,
36420,2.4217824935913086,0.0001806392133605,0.0818368420004844,478.4003619570285,1095918.903270172,0.1660701818764209,19083034624.0,
36432,2.432600975036621,0.0001803305882128,0.0958413258194923,479.78118201717734,1092764.826239536,0.2170801162719726,19089326080.0,
36444,2.320316791534424,0.0001800222008066,0.0826414301991462,479.20763213187456,1094072.725151672,0.2128910273313522,19095617536.0,
36456,2.436483860015869,0.0001797140512312,0.0991078913211822,478.3696320373565,1095989.3038508298,0.2325510140508413,19101908992.0,
36468,2.3568577766418457,0.0001794061395761,0.1124428361654281,479.6378118917346,1093091.4681896346,0.2182498574256897,19108200448.0,
36480,2.3762521743774414,0.0001790984659305,0.0832507461309433,478.8349508307874,1094924.2512275905,0.2923400606960058,19114491904.0,
36492,2.391688823699951,0.0001787910303838,0.0839668661355972,507.51519901677966,1033048.8643802484,0.2002499531954527,19120783360.0,
36504,2.3150546550750732,0.000178483833025,0.0845559760928154,479.8094017896801,1092700.5557715534,0.2190901432186365,19127074816.0,
36516,2.2955026626586914,0.0001781768739433,0.1090159192681312,478.85421197861433,1094880.2096438797,0.1972501631826162,19133366272.0,
36528,2.412841320037842,0.0001778701532277,0.0821632146835327,500.97492011263967,1046535.423134792,0.1910598948597908,19139657728.0,
36540,2.390028476715088,0.0001775636709672,0.0855108648538589,479.2403909377754,1093997.9390595097,0.1716101542115211,19145949184.0,
36552,2.2800955772399902,0.0001772574272506,0.0830770060420036,479.2055720463395,1094077.4285264383,0.1798300072550773,19152240640.0,
36564,2.4202017784118652,0.0001769514221668,0.082411989569664,499.3001502007246,1050045.7486127934,0.1879800111055374,19158532096.0,
36576,2.3621339797973633,0.0001766456558046,0.0853757634758949,478.41287101618946,1095890.2482835962,0.1703291200101375,19164823552.0,
36588,2.4068143367767334,0.0001763401282526,0.0828374400734901,503.5211599897593,1041243.2319838614,0.1850312110036611,19171115008.0,
36600,2.3657052516937256,0.0001760348395995,0.088353231549263,478.13825099729,1096519.6758603854,0.2001598477363586,19177406464.0,
36612,2.4140994548797607,0.0001757297899337,0.1040432378649711,479.4495808891952,1093520.6138414943,0.1940000802278518,19183697920.0,
36624,2.4178924560546875,0.0001754249793438,0.0889406949281692,478.98929100483656,1094571.4441759952,0.1952098682522773,19189989376.0,
36636,2.403013229370117,0.0001751204079183,0.093601606786251,478.59570081345737,1095471.6039213904,0.1971900928765535,19196280832.0,
36648,2.4321441650390625,0.0001748160757453,0.0872180089354515,478.2446019817144,1096275.8342226853,0.1687800977379083,19202572288.0,
36660,2.4241058826446533,0.0001745119829132,0.0837798491120338,479.7413819469511,1092855.4836613506,0.1796090509742498,19208863744.0,
36672,2.373013734817505,0.0001742081295102,0.0940232649445533,500.34242984838784,1047858.3640385407,0.1872600987553596,19215155200.0,
36684,2.453073501586914,0.0001739045156245,0.0889854058623313,479.8093221616,1092700.7371136895,0.1625500153750181,19221446656.0,
36696,2.37605619430542,0.000173601141344,0.0940794348716735,477.7113019954413,1097499.677755171,0.175930093973875,19227738112.0,
36708,2.3733911514282227,0.0001732980067568,0.0958338305354118,479.10061199218035,1094317.1160227137,0.1902999356389045,19234029568.0,
36720,2.4063806533813477,0.0001729951119508,0.1312850415706634,478.6063418723643,1095447.247834042,0.1622498966753482,19240321024.0,
36732,2.335531234741211,0.0001726924570138,0.099831610918045,478.1517619267106,1096488.6919738278,0.1756288111209869,19246612480.0,
36744,2.3855409622192383,0.0001723900420337,0.0963845774531364,478.79695193842053,1095011.1479979309,0.1882300712168216,19252903936.0,
36756,2.317951202392578,0.0001720878670982,0.085596390068531,483.57375198975205,1084194.495343723,0.1896400935947895,19259195392.0,
36768,2.431946039199829,0.0001717859322948,0.0820081606507301,478.94048201851547,1094682.992321646,0.1945199910551309,19265486848.0,
36780,2.3595614433288574,0.0001714842377112,0.0875909179449081,479.0609208866954,1094407.7822703505,0.4318798892199993,19271778304.0,
36792,2.384795665740967,0.0001711827834349,0.0817404687404632,478.579631075263,1095508.3876470888,0.1596689689904451,19278069760.0,
36804,2.351578712463379,0.0001708815695533,0.0874891281127929,481.1555619817227,1089643.4363984673,0.1798400189727544,19284361216.0,
36816,2.344733715057373,0.0001705805961538,0.0836410894989967,479.1353309992701,1094237.8198380005,0.2088400069624185,19290652672.0,
36828,2.413090229034424,0.0001702798633237,0.0959461480379104,479.23471103422344,1094010.9051544874,0.1940000802278518,19296944128.0,
36840,2.349327087402344,0.0001699793711501,0.0895969271659851,478.4039009828121,1095910.7961346589,0.1856600865721702,19303235584.0,
36852,2.428459882736206,0.0001696791197204,0.083993062376976,480.21542211063206,1091776.6815894025,0.212930142879486,19309527040.0,
36864,2.334961414337158,0.0001693791091214,0.0973391756415367,477.9520221054554,1096946.9230204888,0.17989007756114,19315818496.0,
36876,2.295619487762451,0.0001690793394403,0.1016632914543151,478.1792010180652,1096425.7727725653,0.1806400250643491,19322109952.0,
36888,2.3568243980407715,0.0001687798107641,0.0816159024834632,479.0840810164809,1094354.8758447769,0.1846100203692913,19328401408.0,
36900,2.432659149169922,0.0001684805231795,0.0837519243359565,479.5904520433396,1093199.411635954,0.1970999874174595,19334692864.0,
36912,2.383848190307617,0.0001681814767734,0.0951533988118171,478.8960819132626,1094784.4841523652,0.1981998793780803,19340984320.0,
36924,2.39406156539917,0.0001678826716325,0.0965636670589447,487.3281710315496,1075841.7657042395,0.2507399767637253,19347275776.0,
36936,2.4190351963043213,0.0001675841078435,0.1026581376791,479.4049521442503,1093622.4118148964,0.2537800464779138,19353567232.0,
36948,2.3863322734832764,0.000167285785493,0.0800698697566986,479.0512209292501,1094429.9421322856,0.1674201339483261,19359858688.0,
36960,2.39005708694458,0.0001669877046676,0.0838066637516021,478.8054518867284,1094991.7089165298,0.1858111936599016,19366150144.0,
36972,2.3589389324188232,0.0001666898654536,0.083124428987503,480.86005193181336,1090313.0711185485,0.1919399946928024,19372441600.0,
36984,2.4078269004821777,0.0001663922679375,0.0793204605579376,479.1908420156687,1094111.0597911982,0.1600801479071378,19378733056.0,
36996,2.357365608215332,0.0001660949122055,0.0896603912115097,479.0749410167337,1094375.7544222858,0.1896501053124666,19385024512.0,
37008,2.357263565063477,0.000165797798344,0.0899152010679245,480.5232519283891,1091077.2744003094,0.1502300146967172,19391315968.0,
37020,2.4646565914154053,0.0001655009264391,0.0946668684482574,478.5016910172999,1095686.8279511365,0.1846901141107082,19397607424.0,
37032,2.348085403442383,0.0001652042965769,0.0827288031578064,485.5168010108173,1079855.5248931928,0.2025698777288198,19403898880.0,
37044,2.354811906814575,0.0001649079088434,0.0808279514312744,479.2283410206437,1094025.446999628,0.1983698457479477,19410190336.0,
37056,2.378190040588379,0.0001646117633246,0.0894982889294624,481.1079509090632,1089751.2689394287,0.1760399900376796,19416481792.0,
37068,2.369655132293701,0.0001643158601065,0.0886664241552352,478.6320619750768,1095388.382124933,0.201420160010457,19422773248.0,
37080,2.400848865509033,0.0001640201992748,0.0853756219148635,478.97163196466863,1094611.7995536616,0.1937798224389553,19429064704.0,
37092,2.3966286182403564,0.0001637247809153,0.0828627347946167,477.4011508561671,1098212.685620356,0.1772600226104259,19435356160.0,
37104,2.3747525215148926,0.0001634296051136,0.0951132178306579,479.53023202717304,1093336.6970078556,0.1604100689291954,19441647616.0,
37116,2.391935110092163,0.0001631346719555,0.091989979147911,479.40901201218367,1093613.15049012,0.2046700101345777,19447939072.0,
37128,2.3831818103790283,0.0001628399815263,0.0817527249455452,478.5470310598612,1095583.0168642653,0.1791599206626415,19454230528.0,
37140,2.4391565322875977,0.0001625455339117,0.0823695063591003,477.2165808826685,1098637.434244777,0.1918498892337083,19460521984.0,
37152,2.325515031814575,0.000162251329197,0.0822285562753677,480.0680610351265,1092111.811957509,0.1594200730323791,19466813440.0,
37164,2.3780837059020996,0.0001619573674675,0.0820506885647773,487.8013611305505,1074798.1489532674,0.196379842236638,19473104896.0,
37176,2.4524426460266113,0.0001616636488085,0.0886725112795829,512.0510701090097,1023897.869969074,0.1472299918532371,19479396352.0,
37188,2.4136605262756348,0.0001613701733052,0.1097276583313942,480.58100207708776,1090946.162528292,0.2217101864516735,19485687808.0,
37200,2.3900623321533203,0.0001610769410428,0.0918961614370346,1142.455832101405,458913.14593373623,0.2165299374610185,19491979264.0,
37212,2.420964479446411,0.0001607839521062,0.1018092483282089,477.48299199156463,1098024.4506997273,0.1705100294202566,19498270720.0,
37224,2.384692668914795,0.0001604912065804,0.081689640879631,478.3753019291907,1095976.3137554398,0.2794498577713966,19504562176.0,
37236,2.4018912315368652,0.0001601987045504,0.0843588933348655,479.7472208738327,1092842.1826916242,0.1705801114439964,19510853632.0,
37248,2.3164947032928467,0.000159906446101,0.0819775760173797,484.7510608378798,1081561.3257117616,0.2060499973595142,19517145088.0,
37260,2.427482843399048,0.000159614431317,0.094527281820774,478.80756109952927,1094986.8853282724,0.1785601489245891,19523436544.0,
37272,2.3659682273864746,0.000159322660283,0.0916507989168167,479.186711832881,1094120.4901000017,0.2068299800157547,19529728000.0,
37284,2.387852191925049,0.0001590311330837,0.0888365432620048,479.3990910984576,1093635.7822429065,0.2130600623786449,19536019456.0,
37296,2.362187147140503,0.0001587398498037,0.0769882202148437,480.9255111031234,1090164.6676996066,0.1688001211732626,19542310912.0,
37308,2.3817992210388184,0.0001584488105273,0.1019549220800399,478.7628420162946,1095089.1631271502,0.1751899253576994,19548602368.0,
37320,2.3912763595581055,0.0001581580153392,0.0970781594514846,484.0361010283232,1083158.8777906497,0.18768897280097,19554893824.0,
37332,2.3999907970428467,0.0001578674643235,0.0905593484640121,482.2677420452237,1087130.5590056155,0.18758000805974,19561185280.0,
37344,2.3886466026306152,0.0001575771575646,0.0981387570500373,477.8166420292109,1097257.721651202,0.1947500277310609,19567476736.0,
37356,2.4154052734375,0.0001572870951466,0.1015243753790855,477.6450910139829,1097651.8127444792,0.2032001502811908,19573768192.0,
37368,2.38032865524292,0.0001569972771537,0.0905370637774467,478.5588919185102,1095555.86335083,0.1659400295466184,19580059648.0,
37380,2.4406981468200684,0.00015670770367,0.0890082940459251,482.53491101786494,1086528.63871354,0.1796898432075977,19586351104.0,
37392,2.3672032356262207,0.0001564183747794,0.0877532064914703,478.0132321175188,1096806.4580084777,0.2091999631375074,19592642560.0,
37404,2.4496734142303467,0.0001561292905659,0.0862274318933487,481.77926102653146,1088232.8120203738,0.2022099215537309,19598934016.0,
37416,2.3758060932159424,0.0001558404511133,0.0995469912886619,481.60407203249633,1088628.6691625472,0.2000599633902311,19605225472.0,
37428,2.466254711151123,0.0001555518565054,0.0924228653311729,478.00697200000286,1096820.8221029816,0.1934701576828956,19611516928.0,
37440,2.382570743560791,0.0001552635068259,0.0882516801357269,480.32116098329425,1091536.3356607037,0.1837899908423423,19617808384.0,
37452,2.389137029647827,0.0001549754021584,0.0862970203161239,489.1567211598158,1071820.088164967,0.1768399961292743,19624099840.0,
37464,2.415964365005493,0.0001546875425865,0.0870983675122261,480.3164219483733,1091547.105287924,0.218139961361885,19630391296.0,
37476,2.426999568939209,0.0001543999281937,0.0942220315337181,480.45478109270334,1091232.7666041877,0.1732299569994211,19636682752.0,
37488,2.484118938446045,0.0001541125590634,0.0838007852435112,478.4404309466481,1095827.120970185,0.1720001455396413,19642974208.0,
37500,2.362070083618164,0.000153825435279,0.0837467163801193,482.4273609556258,1086770.864242554,0.2225299831479787,19649265664.0,
37512,2.4183802604675293,0.0001535385569236,0.0917030796408653,478.0005309730768,1096835.6016941962,0.1887099351733923,19655557120.0,
37524,2.4177539348602295,0.0001532758007717,0.0853064879775047,477.0382409915328,1099048.157879875,0.1913700252771377,19661324288.0,
37536,2.387242555618286,0.0001529893930547,0.0830917283892631,480.3120519500226,1091557.0364546117,0.2030509058386087,19667615744.0,
37548,2.400576114654541,0.0001527032310094,0.0890542566776275,486.1525108572096,1078443.4684406917,0.192049890756607,19673907200.0,
37560,2.3923096656799316,0.0001524173147186,0.110440008342266,478.6705521401018,1095300.3013365788,0.1824500504881143,19680198656.0,
37572,2.316131114959717,0.0001521316442655,0.0845643207430839,479.9485409166664,1092383.7772246343,0.1806500367820263,19686490112.0,
37584,2.32141637802124,0.0001518462197327,0.1047377064824104,480.53325107321143,1091054.5707899877,0.2717399038374424,19692781568.0,
37596,2.382742404937744,0.0001515610412031,0.1017122939229011,480.80687201581895,1090433.665812394,0.2007998991757631,19699073024.0,
37608,2.384288787841797,0.0001512761087595,0.1013124287128448,479.89712096750736,1092500.8238078142,0.2421101089566946,19705364480.0,
37620,2.3737235069274902,0.0001509914224844,0.0870822966098785,479.2473409324885,1093982.0740160486,0.1674399245530367,19711655936.0,
37632,2.405914545059204,0.0001507069824604,0.0878809839487075,480.3494710940868,1091472.004342661,0.1666999887675047,19717947392.0,
37644,2.3429150581359863,0.0001504227887701,0.0832276567816734,477.8734720312059,1097127.2328039233,0.2180598676204681,19724238848.0,
37656,2.3409690856933594,0.0001501388414958,0.0794497281312942,479.2823719326407,1093902.1142919993,0.1830600667744875,19730530304.0,
37668,2.361692428588867,0.0001498551407199,0.0882625728845596,479.30698189884424,1093845.9480038383,0.1983288675546646,19736821760.0,
37680,2.3109121322631836,0.0001495716865247,0.0897296965122222,480.0497910473496,1092153.3761240342,0.2087699249386787,19743113216.0,
37692,2.4398913383483887,0.0001492884789925,0.0802594199776649,480.34433112479746,1091483.6837405823,0.2074500080198049,19749404672.0,
37704,2.387150764465332,0.0001490055182053,0.0888823270797729,479.7091311775148,1092928.9561636236,0.1977200154215097,19755696128.0,
37716,2.3996763229370117,0.0001487228042452,0.083131343126297,493.5927710030228,1062187.3552455031,0.2202498726546764,19761987584.0,
37728,2.3561296463012695,0.0001484403371942,0.0866787135601043,477.7552711311728,1097398.67183182,0.1734700053930282,19768279040.0,
37740,2.39729642868042,0.0001481581171343,0.0855039805173873,478.1133409123868,1096576.8054066382,0.1757801510393619,19774570496.0,
37752,2.366448402404785,0.0001478761441474,0.0967039540410041,477.6357121299952,1097673.3663024504,0.202589901164174,19780861952.0,
37764,2.4324800968170166,0.0001475944183151,0.0953293070197105,481.4350309316069,1089010.90763061,0.1983109395951032,19787153408.0,
37776,2.3407483100891113,0.0001473129397192,0.0903342962265014,480.62059096992016,1090856.3008962153,0.188770005479455,19793444864.0,
37788,2.41896390914917,0.0001470317084414,0.0957986563444137,481.28648195415735,1089347.0306318277,0.2288699615746736,19799736320.0,
37800,2.377849817276001,0.0001467507245632,0.0866274535655975,480.37635209038854,1091410.927533229,0.1781089231371879,19806027776.0,
37812,2.357999086380005,0.0001464699881661,0.0855592265725135,482.0174709893763,1087695.0142986733,0.1768500078469514,19812319232.0,
37824,2.3794655799865723,0.0001461894993316,0.0934169664978981,480.1184011157602,1091997.3047931362,0.2106800675392151,19818610688.0,
37836,2.3384432792663574,0.000145909258141,0.0996700376272201,480.3755809552967,1091412.679548317,0.3872800152748823,19824902144.0,
37848,2.4072885513305664,0.0001456292646755,0.0884812697768211,477.75280103087425,1097404.345654728,0.1832998823374509,19831193600.0,
37860,2.4176223278045654,0.0001453495190165,0.0767270326614379,478.2526209019125,1096257.4528316683,0.1785201020538807,19837485056.0,
37872,2.352530002593994,0.000145070021245,0.0972633957862854,477.9236710164696,1097011.995419521,0.1764709595590829,19843776512.0,
37884,2.3443689346313477,0.0001447907714421,0.0844963043928146,479.4166919309646,1093595.631575333,0.1728599891066551,19850067968.0,
37896,2.3733813762664795,0.0001445117696888,0.0819012969732284,481.0636010952294,1089851.7343784946,0.1725309994071722,19856359424.0,
37908,2.385763645172119,0.000144233016066,0.0851428359746933,477.1312822122127,1098833.8420594556,0.1717701088637113,19862650880.0,
37920,2.346774101257324,0.0001439545106546,0.0924391523003578,481.88421106897295,1087995.8047120117,0.1762299798429012,19868942336.0,
37932,2.386897087097168,0.0001436762535353,0.0875209346413612,479.18045218102634,1094134.7828644996,0.1763300970196724,19875233792.0,
37944,2.529595851898194,0.0001433982447889,0.1019709259271621,479.9295321572572,1092427.043702341,0.1881700009107589,19881525248.0,
37956,2.3283519744873047,0.000143120484496,0.1121058091521263,480.177931021899,1091861.9247749003,0.1737899146974086,19887816704.0,
37968,2.3988683223724365,0.0001428429727371,0.0917960330843925,480.06275203078985,1092123.8896001114,0.1802400220185518,19894108160.0,
37980,2.2738094329833984,0.0001425657095928,0.0854683369398117,477.22161188721657,1098625.8520997302,0.1940201036632061,19900399616.0,
37992,2.345388174057007,0.0001422886951435,0.090050496160984,480.7018921710551,1090671.8041655535,0.1627400051802396,19906691072.0,
38004,2.39443302154541,0.0001420119294694,0.1128939837217331,480.6212910916656,1090854.711844229,0.1841101329773664,19912982528.0,
38016,2.336691379547119,0.000141735412651,0.0906846448779106,478.5233121365309,1095637.32153223,0.1872400753200054,19919273984.0,
38028,2.4145965576171875,0.0001414591447683,0.0931450426578521,477.40914090536535,1098194.305634226,0.1616401132196188,19925565440.0,
38040,2.3063926696777344,0.0001411831259016,0.0899007394909858,477.2832121234387,1098484.0586942844,0.1925600226968526,19931856896.0,
38052,2.38919734954834,0.0001409073561309,0.0867374390363693,479.3755819555372,1093689.415429233,0.1891499850898981,19938148352.0,
38064,2.4452064037323,0.0001406318355361,0.0867421701550483,478.22078107856214,1096330.4413863812,0.2258899621665477,19944439808.0,
38076,2.3806185722351074,0.0001403565641971,0.0883291289210319,478.06035191752017,1096698.351781441,0.193050131201744,19950731264.0,
38088,2.419301986694336,0.000140081542194,0.0919181704521179,1189.1482679639012,440893.71706162696,0.1719798892736435,19957022720.0,
38100,2.4193005561828613,0.0001398067696062,0.0829554423689842,478.1058009248227,1096594.0990170897,0.1828488893806934,19963314176.0,
38112,2.379016399383545,0.0001395322465137,0.0869887322187423,482.4591220822185,1086699.3202185803,0.188770005479455,19969605632.0,
38124,2.350590229034424,0.000139257972996,0.0921598151326179,482.29882097803056,1087060.5052212684,0.1699498388916254,19975897088.0,
38136,2.357110500335694,0.0001389839491327,0.1055862158536911,479.3416711036116,1093766.7880885596,0.1771498937159776,19982188544.0,
38148,2.3993477821350098,0.0001387101750031,0.0787698999047279,481.3429519999772,1089219.2309487162,0.2077489625662565,19988480000.0,
38160,2.354722261428833,0.0001384366506869,0.084395445883274,480.07913096807897,1092086.6294328894,0.1470108982175588,19994771456.0,
38172,2.4048116207122803,0.0001381633762632,0.0828708410263061,478.9743011351675,1094605.6996324004,0.1719698775559663,20001062912.0,
38184,2.4069602489471436,0.0001378903518113,0.0823480784893035,494.3854599259794,1060484.2627825213,0.17781020142138,20007354368.0,
38196,2.361333131790161,0.0001376175774105,0.0940909087657928,479.118610965088,1094276.0059850886,0.2074099611490965,20013645824.0,
38208,2.3617806434631348,0.0001373450531399,0.0851197615265846,479.4775911141187,1093456.732319355,0.1761799212545156,20019937280.0,
38220,2.3386025428771973,0.0001370727790784,0.090101771056652,485.4283609893173,1080052.2633895671,0.1804400235414505,20026228736.0,
38232,2.5113301277160645,0.0001368007553051,0.0943562164902687,1798.865201883018,291454.856901554,0.2264999784529209,20032520192.0,
38244,2.33128023147583,0.0001365289818989,0.0959868803620338,483.7143609765917,1083879.3351958632,0.1937400083988905,20038811648.0,
38256,2.4394242763519287,0.0001362574589385,0.0928802117705345,480.7248520664871,1090619.712599106,0.1856510061770677,20045103104.0,
38268,2.321023941040039,0.0001359861865028,0.0885767042636871,479.2129718698561,1094060.5342010343,0.1692899968475103,20051394560.0,
38280,2.3859312534332275,0.0001357151646704,0.079348899424076,482.6227710582316,1086330.8394057131,0.1678199041634798,20057686016.0,
38292,2.338789224624634,0.00013544439352,0.0861659944057464,478.4085708670318,1095900.0986328898,0.168610131368041,20063977472.0,
38304,2.299490451812744,0.00013517387313,0.091121956706047,478.4969110041857,1095697.7734709217,0.167609890922904,20070268928.0,
38316,2.356344223022461,0.000134903603579,0.0921004116535186,480.7237510103732,1090622.210569094,0.2006799913942814,20076560384.0,
38328,2.375765085220337,0.0001346335849453,0.0829338729381561,477.8616710100323,1097154.3268825866,0.2113799564540386,20082851840.0,
38340,2.359172821044922,0.0001343638173072,0.0913364589214325,478.33939106203616,1096058.5931172136,0.1737501006573438,20089143296.0,
38352,2.3758602142333984,0.0001340943007431,0.0893755704164505,477.6429310441017,1097656.7764835013,0.1742111053317785,20095434752.0,
38364,2.3698222637176514,0.000133825035331,0.086680993437767,490.25308014824986,1069423.1637289422,0.2029100432991981,20101726208.0,
38376,2.318291187286377,0.000133556021149,0.1036757603287696,479.9506710842252,1092378.9288920364,0.203810166567564,20108017664.0,
38388,2.2978358268737793,0.0001332872582752,0.0815226435661315,483.8113209698349,1083662.1163577293,0.182880088686943,20114309120.0,
38400,2.3266735076904297,0.0001330187467876,0.0857055485248565,479.76334020495415,1092805.4648277732,0.1693801023066043,20120600576.0,
38412,2.3915324211120605,0.000132750486764,0.0880407765507698,486.7197300773114,1077186.6591821152,0.214779982343316,20126892032.0,
38424,2.4104983806610107,0.0001324824782822,0.0790619924664497,478.88001101091504,1094821.2244090722,0.1853099092841148,20133183488.0,
38436,2.3579869270324707,0.00013221472142,0.0872431620955467,478.44055108726025,1095826.8457983986,0.2034499775618314,20139474944.0,
38448,2.362636089324951,0.000131947216255,0.088917851448059,477.77914092876017,1097343.845905099,0.1658699475228786,20145766400.0,
38460,2.392235517501831,0.0001316799628648,0.0878559872508049,480.26243108324707,1091669.8164739888,0.1851201523095369,20152057856.0,
38472,2.347991704940796,0.000131412961327,0.085558533668518,480.7120410259813,1090648.777761037,0.1906098332256078,20158349312.0,
38484,2.414789915084839,0.0001311462117189,0.1003695055842399,478.17018115893006,1096446.4549614852,0.1813091803342104,20164640768.0,
38496,2.330742120742798,0.000130879714118,0.0855220034718513,479.6873310115189,1092978.626086354,0.1946098636835813,20170932224.0,
38508,2.3049323558807373,0.0001306134686015,0.1102641373872757,480.5295921396464,1091062.878491023,0.1520309597253799,20177223680.0,
38520,2.3946361541748047,0.0001303474752466,0.0933919996023178,478.4579209517688,1095787.0630651575,0.163970049470663,20183515136.0,
38532,2.399259090423584,0.0001300817341306,0.0947476550936698,479.7843620181084,1092757.583416635,0.210219994187355,20189806592.0,
38544,2.3538506031036377,0.0001298162453304,0.0864353850483894,479.1780521627515,1094140.2629641455,0.1940100919455289,20196098048.0,
38556,2.3804306983947754,0.0001295510089232,0.0863270014524459,478.0785019975155,1096656.7160192544,0.1743899192661047,20202389504.0,
38568,2.391477108001709,0.0001292860249857,0.0879440754652023,493.8300899229944,1061676.902032752,0.1881499774754047,20208680960.0,
38580,2.266416311264038,0.000129021293595,0.1018804609775543,477.65411203727126,1097631.0823826634,0.1989700831472873,20214972416.0,
38592,2.3817198276519775,0.0001287568148277,0.0910729691386222,477.4080121424049,1098196.9021575854,0.1767200883477926,20221263872.0,
38604,2.370103597640991,0.0001284925887606,0.0945124104619026,477.7137008495629,1097494.1666266,0.2005600836127996,20227555328.0,
38616,2.4171302318573,0.0001282286154703,0.089442178606987,477.4500511121005,1098100.2070872174,0.1799799501895904,20233846784.0,
38628,2.386887311935425,0.0001279648950333,0.094211034476757,479.3924321420491,1093650.9732899745,0.185779994353652,20240138240.0,
38640,2.3863821029663086,0.0001277014275263,0.0872633382678031,478.2842618878931,1096184.9297121342,0.1771801616996526,20246429696.0,
38652,2.3732285499572754,0.0001274382130255,0.0837148055434227,478.93922100774944,1094685.874539218,0.1782800536602735,20252721152.0,
38664,2.319338083267212,0.0001271752516073,0.0867726653814315,477.6033810339868,1097747.6726922314,0.1783100888133049,20259012608.0,
38676,2.3361635208129883,0.0001269125433481,0.0825681611895561,480.9371018782258,1090138.3942982857,0.1868600957095623,20265304064.0,
38688,2.334423780441284,0.0001266500883239,0.0978005900979042,481.07611085288227,1089823.3942036924,0.20418013446033,20271595520.0,
38700,2.2616147994995117,0.000126387886611,0.0964216217398643,480.6358919013291,1090821.5737405485,0.1931888982653617,20277886976.0,
38712,2.2596960067749023,0.0001261259382853,0.0847192779183387,477.8259810991585,1097236.2758382526,0.1810200046747923,20284178432.0,
38724,2.389747858047486,0.0001258642434229,0.0835389345884323,477.3408810142428,1098351.3477538424,0.2077801618725061,20290469888.0,
38736,2.3242812156677246,0.0001256028020996,0.0843666344881057,479.68695196323097,1092979.4897572862,0.1758099533617496,20296761344.0,
38748,2.37428879737854,0.0001253416143913,0.0935475900769233,480.78778106719255,1090476.9643609726,0.2023708075284958,20303052800.0,
38760,2.3574535846710205,0.0001250806803738,0.0847434028983116,479.5483509078622,1093295.387227249,0.2010089810937643,20309344256.0,
38772,2.4417295455932617,0.0001248200001227,0.0967283025383949,477.8698820155114,1097135.4750140582,0.1897499896585941,20315635712.0,
38784,2.3515777587890625,0.0001245595737136,0.0832001492381095,478.00250188447535,1096831.0791952948,0.2153399400413036,20321927168.0,
38796,2.3958616256713867,0.000124299401222,0.0870028883218765,477.78389090672135,1097332.9364559045,0.1878500916063785,20328218624.0,
38808,2.4473061561584473,0.0001240394827235,0.0858888104557991,478.82554098032415,1094945.768612506,0.1569101586937904,20334510080.0,
38820,2.314950466156006,0.0001237798182934,0.0921656936407089,478.4005510155112,1095918.4701754265,0.1651900820434093,20340801536.0,
38832,2.40316390991211,0.0001235204080071,0.082607664167881,478.9096210151911,1094753.5338476098,0.1734399702399969,20347092992.0,
38844,2.378582000732422,0.0001232612519397,0.0884769856929779,478.4212508238852,1095871.0531715057,0.1781701575964689,20353384448.0,
38856,2.37494158744812,0.0001230023501664,0.0918149650096893,478.70848095044494,1095213.519006515,0.2692400012165308,20359675904.0,
38868,2.433652400970459,0.0001227437027624,0.0887841209769249,478.7031209561974,1095225.782010253,0.1746099442243576,20365967360.0,
38880,2.3655617237091064,0.0001224853098027,0.083383671939373,478.70640084147453,1095218.278005896,0.165959820151329,20372258816.0,
38892,2.538407325744629,0.0001222271713621,0.2172036468982696,478.2449409831315,1096275.057133312,0.1963900867849588,20378550272.0,
38904,2.3302621841430664,0.0001219692875156,0.0865085870027542,478.18177100270987,1096419.8800397783,0.1870698761194944,20384841728.0,
38916,2.4273712635040283,0.0001217116583379,0.0893413797020912,479.89043197594583,1092516.0517188215,0.1949600409716367,20391133184.0,
38928,2.3919148445129395,0.0001214542839039,0.0832560956478118,479.1361710522324,1094235.901348482,0.1763598993420601,20397424640.0,
38940,2.581883430480957,0.0001211971642881,0.3159922063350677,478.20342099294066,1096370.241165087,0.2157508861273527,20403716096.0,
38952,2.3964333534240723,0.0001209402995651,0.0875167697668075,480.7508820667863,1090560.661576,0.178979942575097,20410007552.0,
38964,2.406190872192383,0.0001206836898094,0.0879295170307159,477.22215205430984,1098624.608566649,0.1635700464248657,20416299008.0,
38976,2.425455093383789,0.0001204273350955,0.083454817533493,478.8172710686922,1094964.6800121053,0.1967700663954019,20422590464.0,
38988,2.3589041233062744,0.0001201712354976,0.0832922533154487,477.8955220244825,1097076.6115970027,0.173449981957674,20428881920.0,
39000,2.4148170948028564,0.0001199153910902,0.0936454981565475,480.08006205782294,1092084.5113889617,0.1738800201565027,20435173376.0,
39012,2.4130523204803467,0.0001196598019473,0.0857905074954032,480.83327198401093,1090373.7959660871,0.2303500659763813,20441464832.0,
39024,2.4036383628845215,0.0001194044681432,0.0868359431624412,480.1245911512524,1091983.22615147,0.1985400449484586,20447756288.0,
39036,2.2704954147338867,0.0001191493897519,0.1034940555691719,477.8327809181064,1097220.6615725164,0.2006290014833212,20454047744.0,
39048,2.3763866424560547,0.0001188945668473,0.0888132154941558,479.2181609664112,1094048.687434339,0.1866801176220178,20460339200.0,
39060,2.35689377784729,0.0001186399995034,0.10540272295475,479.9544410780072,1092370.348365601,0.1823001075536012,20466630656.0,
39072,2.362740993499756,0.000118385687794,0.0863013193011283,479.7916009556502,1092741.0962503755,0.1756800338625908,20472922112.0,
39084,2.3330836296081543,0.0001181316317928,0.0897682309150695,507.1754599921406,1033740.867525658,0.1992899924516677,20479213568.0,
39096,2.4856741428375244,0.0001178778315737,0.0971851348876953,479.2103210929781,1094066.5860539256,0.3284900449216366,20485505024.0,
39108,2.3365650177001953,0.0001176242872101,0.1004368066787719,478.2207610551268,1096330.487290498,0.1510800793766975,20491796480.0,
39120,2.333759307861328,0.0001173709987756,0.0871595591306686,481.84350109659135,1088087.7272533767,0.169368926435709,20498087936.0,
39132,2.337082862854004,0.0001171179663437,0.0823707953095436,479.0846910327673,1094353.4824078546,0.1611909829080104,20504379392.0,
39144,2.402754306793213,0.0001168651899878,0.0851909890770912,479.0573411155492,1094415.960267147,0.3074901178479194,20510670848.0,
39156,2.396512031555176,0.0001166126697811,0.0857169181108474,479.8865120392293,1092524.975899179,0.2103799488395452,20516962304.0,
39168,2.351658821105957,0.000116360405797,0.0900493040680885,480.24349100887775,1091712.8702746085,1.2347998563200235,20523253760.0,
39180,2.3539669513702393,0.0001161083981086,0.0836995467543602,481.5141009166837,1088832.0798952417,0.1782700419425964,20529545216.0,
39192,2.374424457550049,0.000115856646789,0.0904060080647468,479.7893010545522,1092746.3343756143,0.191170023754239,20535836672.0,
39204,2.382528781890869,0.0001156051519111,0.0869504138827323,478.78386080265045,1095041.0883129286,0.1857299357652664,20542128128.0,
39216,2.2208218574523926,0.0001153539135481,0.0822763741016388,477.6982418261469,1097529.6831651498,0.1962399110198021,20548419584.0,
39228,2.4089713096618652,0.0001151029317726,0.0892738997936248,480.6657510343939,1090753.8115035882,0.1650198828428983,20554711040.0,
39240,2.29473876953125,0.0001148522066576,0.0894043371081352,491.83126096613705,1065991.6146243042,0.169409904628992,20561002496.0,
39252,2.398029088973999,0.0001146017382757,0.1121000051498413,508.30154004506767,1031450.7407424242,0.1609299797564745,20567293952.0,
39264,2.3572444915771484,0.0001143515266997,0.0842390730977058,480.4859019350261,1091162.0879792164,0.1602091360837221,20573585408.0,
39276,2.391653537750244,0.0001141015720019,0.0895608067512512,480.59683199971914,1090910.228888705,0.1722089946269989,20579876864.0,
39288,2.398881435394287,0.0001138518742551,0.0935335010290145,478.8516820408404,1094885.9942717804,0.1798800658434629,20586168320.0,
39300,2.3794054985046387,0.0001136024335315,0.0907315835356712,486.9995308108628,1076567.7723078115,0.2010490279644727,20592459776.0,
39312,2.297003746032715,0.0001133532499036,0.1061804890632629,479.10273098386824,1094312.2760401322,0.2570499200373888,20598751232.0,
39324,2.2969603538513184,0.0001131043234435,0.0830093175172805,478.5704219248146,1095529.4685603613,0.167591031640768,20605042688.0,
39336,2.3181729316711426,0.0001128556542236,0.0937674865126609,489.0138409100473,1072133.252965413,0.1726599875837564,20611334144.0,
39348,2.317384719848633,0.0001126072423159,0.0849998369812965,487.19173087738454,1076143.059849987,0.188770005479455,20617625600.0,
39360,2.327089548110962,0.0001123590877925,0.084580197930336,478.9712210185826,1094612.7387049403,0.1675500534474849,20623917056.0,
39372,2.3142104148864746,0.0001121111907254,0.090681292116642,477.4994309991598,1097986.648702253,0.1892799045890569,20630208512.0,
39384,2.3517966270446777,0.0001118635511864,0.0817729234695434,479.55001099035144,1093291.6025113985,0.1850510016083717,20636499968.0,
39396,2.3876991271972656,0.0001116161692474,0.0882881209254264,489.78461092337966,1070446.0456843916,0.1801098696887493,20642791424.0,
39408,2.3565866947174072,0.0001113690449802,0.0872171372175216,485.2967520710081,1080345.1656385427,0.1808099914342165,20649082880.0,
39420,2.4219095706939697,0.0001111221784563,0.0963951870799064,477.8711509425193,1097132.5617081746,0.169489998370409,20655374336.0,
39432,2.3063673973083496,0.0001108755697475,0.0809642598032951,481.23007104732096,1089474.7264213357,0.1701298169791698,20661665792.0,
39444,2.3444228172302246,0.0001106292189253,0.0851531326770782,478.19158202037215,1096397.3848825805,0.1865800004452467,20667957248.0,
39456,2.4029455184936523,0.000110383126061,0.0846276953816413,477.393161971122,1098231.0635436263,0.1773899421095848,20674248704.0,
39468,2.363032579421997,0.0001101372912261,0.1029092967510223,487.3752100393176,1075737.9308596852,0.1834600698202848,20680540160.0,
39480,2.391056537628174,0.0001098917144919,0.0894277766346931,478.9923110511154,1094564.5429035935,0.1958899665623903,20686831616.0,
39492,2.360067844390869,0.0001096463959297,0.084373839199543,479.0713011752814,1094384.0691642158,0.1834400463849306,20693123072.0,
39504,2.3523426055908203,0.0001094013356104,0.0852885916829109,479.563410859555,1093261.053966319,0.1809101086109876,20699414528.0,
39516,2.3874106407165527,0.0001091565336054,0.0912533178925514,479.3630810454488,1093717.936843559,0.2189800143241882,20705705984.0,
39528,2.419668674468994,0.0001089119899854,0.0867064967751503,477.3009119089693,1098443.323527511,0.1668999902904033,20711997440.0,
39540,2.3907666206359863,0.0001086677048216,0.0841641500592231,478.6955008748919,1095243.2162863044,0.1761100720614195,20718288896.0,
39552,2.3675408363342285,0.0001084236781847,0.0899793952703476,477.7331021614373,1097449.5960776666,0.1923800446093082,20724580352.0,
39564,2.407191753387451,0.0001081799101455,0.0885436981916427,479.5618611387909,1093264.5868772806,0.1490910071879625,20730871808.0,
39576,2.337646484375,0.0001079364007747,0.0989080742001533,498.608130030334,1051503.1112069988,0.1645199954509735,20737163264.0,
39588,2.3584322929382324,0.0001076931501429,0.086078405380249,478.4825718961656,1095730.60920968,0.1885499805212021,20743454720.0,
39600,2.367194414138794,0.0001074501583208,0.096998207271099,480.5763808544725,1090956.6530669015,0.1789801754057407,20749746176.0,
39612,2.340294361114502,0.0001072074253787,0.0909287333488464,479.7442208509892,1092849.0166489077,0.1743799075484275,20756037632.0,
39624,2.337697744369507,0.0001069649513871,0.0875869169831276,479.39973091706634,1093634.322649837,0.193929998204112,20762329088.0,
39636,2.401477813720703,0.0001067227364163,0.0864318013191223,479.256730992347,1093960.639664698,0.1802199985831976,20768620544.0,
39648,2.388604640960694,0.0001064807805365,0.0893306210637092,478.90444099903107,1094765.3751263935,0.1895499881356954,20774912000.0,
39660,2.406426906585694,0.000106239083818,0.0837929919362068,477.8018109500408,1097291.7807856945,0.1670299097895622,20781203456.0,
39672,2.4407548904418945,0.0001059976463309,0.0878287404775619,489.88786013796926,1070220.437494292,0.1681800931692123,20787494912.0,
39684,2.3128812313079834,0.0001057564681451,0.1125293672084808,508.0224790144712,1032017.3253299398,0.1651598140597343,20793786368.0,
39696,2.3763465881347656,0.0001055155493306,0.0880507454276084,484.1128708794713,1082987.1121739522,0.1813301350921392,20800077824.0,
39708,2.384214401245117,0.0001052748899573,0.086177684366703,499.0766600240022,1050515.9667750949,0.1955500338226556,20806369280.0,
39720,2.3720853328704834,0.000105034490095,0.0813372209668159,477.65356209129095,1097632.3461391795,0.1943400129675865,20812660736.0,
39732,2.362673044204712,0.0001047943498135,0.0898654088377952,478.03916106931865,1096746.9669790815,0.2042402047663927,20818952192.0,
39744,2.3722457885742188,0.0001045544691823,0.0981222316622734,479.5868010260165,1093207.733987572,0.1689598429948091,20825243648.0,
39756,2.4276068210601807,0.0001043148482711,0.0849903225898742,480.8551808819175,1090324.1159602858,0.1863599754869938,20831535104.0,
39768,2.358726739883423,0.0001040754871494,0.1125727295875549,485.4540107771754,1079995.1969923046,0.1822200138121843,20837826560.0,
39780,2.359103202819824,0.0001038363858865,0.0938161462545394,478.96409197710454,1094629.031240743,0.1954899635165929,20844118016.0,
39792,2.416443347930908,0.0001035975445518,0.0889500826597213,479.5698409434408,1093246.395495986,0.2041601110249757,20850409472.0,
39804,2.332425594329834,0.0001033589632147,0.091199055314064,480.90647091157734,1090207.8298222756,0.1890300773084163,20856700928.0,
39816,2.3034439086914062,0.0001031206419443,0.0895502045750618,482.46968095190823,1086675.5377572838,0.188770005479455,20862992384.0,
39828,2.360537052154541,0.0001028825808097,0.087308332324028,477.5391512084752,1097895.3216154545,0.1775890123099088,20869283840.0,
39840,2.3867247104644775,0.00010264477988,0.0874185934662818,1079.7168349381536,485579.1657912154,0.195350032299757,20875575296.0,
39852,2.34848690032959,0.0001024072392241,0.0927586480975151,479.0513408370316,1094429.668193659,0.2055491786450147,20881866752.0,
39864,2.289414405822754,0.000102169958911,0.104150965809822,478.0552019365132,1096710.1662657498,0.1644899602979421,20888158208.0,
39876,2.3558616638183594,0.0001019329390095,0.0841391310095787,507.04586901701987,1034005.071407852,0.1898501068353653,20894449664.0,
39888,2.366884708404541,0.0001016961795882,0.0961285606026649,508.1671988591552,1031723.4193333144,0.1821399200707674,20900741120.0,
39900,2.36633563041687,0.000101459680716,0.0947496592998504,479.88376091234386,1092531.23923851,0.2181699965149164,20907032576.0,
39912,2.3949661254882812,0.0001012234424614,0.0917199701070785,480.5844521615654,1090938.330696853,0.1958801876753568,20913324032.0,
39924,2.3539395332336426,0.0001009874648928,0.1184244006872177,477.7989611029625,1097298.325617371,0.1805098727345466,20919615488.0,
39936,2.405378580093384,0.0001007517480788,0.1000483334064483,498.3543900307268,1052038.490054586,0.1768199726939201,20925906944.0,
39948,2.3438756465911865,0.0001005162920878,0.0843036174774169,479.54554110765457,1093301.7931706742,0.2244999632239341,20932198400.0,
39960,2.350283145904541,0.0001002810969879,0.0829470157623291,480.5592910852283,1090995.4499392174,0.1877301838248968,20938489856.0,
39972,2.4000747203826904,0.0001000461628475,0.106361798942089,478.1387308612466,1096518.5753842343,0.1794700510799884,20944781312.0,
39984,2.3586039543151855,9.981148973465048e-05,0.0896637961268425,477.9126818757504,1097037.220151246,0.1882999204099178,20951072768.0,
39996,2.3999533653259277,9.957707771742108e-05,0.0909374579787254,479.1121210437268,1094290.828747683,0.194899970665574,20957364224.0,
40008,2.5117344856262207,9.934292686381774e-05,0.0957471206784248,493.34596982225776,1062718.7249323025,0.2010110765695572,20963655680.0,
40020,2.273817300796509,9.910903724175448e-05,0.0881634578108787,478.9408009964973,1094682.263254983,0.184250995516777,20969947136.0,
40032,2.4086358547210693,9.891432882418404e-05,0.1165673732757568,478.4442519303411,1095818.369401862,0.2002399414777755,20975190016.0,
40044,2.3780808448791504,9.86809183027484e-05,0.0904180854558944,478.424821048975,1095862.8752798971,0.1858200412243604,20981481472.0,
40056,2.4151763916015625,9.844776920486564e-05,0.0921787023544311,477.4650109466166,1098065.8016396903,0.1922301016747951,20987772928.0,
40068,2.405189514160156,9.82148815981596e-05,0.095780536532402,479.6891419682652,1092974.4997952974,0.1876698806881904,20994064384.0,
40080,2.3782122135162354,9.798225555017804e-05,0.0852735564112663,479.6414510346949,1093083.1746693128,0.1852100249379873,21000355840.0,
40092,2.3595664501190186,9.77498911283935e-05,0.0843708291649818,511.87420007772744,1024251.6616785678,0.1958499196916818,21006647296.0,
40104,2.349710464477539,9.751778840020186e-05,0.0947923362255096,480.3745709359646,1091414.9743157185,0.232720049098134,21012938752.0,
40116,2.413316249847412,9.728594743292374e-05,0.0956571772694587,479.1117808781564,1094291.6056855058,0.2270999830216169,21019230208.0,
40128,2.384786605834961,9.705436829380331e-05,0.1017575860023498,479.5208110008389,1093358.1775225245,0.2691401168704033,21025521664.0,
40140,2.343384265899658,9.682305105000932e-05,0.0918204858899116,478.9828711654991,1094586.1147899942,0.2025000285357237,21031813120.0,
40152,2.399590969085694,9.65919957686342e-05,0.0917073562741279,479.85510085709393,1092596.4922818204,0.1691998913884163,21038104576.0,
40164,2.377803325653076,9.636120251669422e-05,0.0907840579748153,478.4475008491426,1095810.928199019,0.2060511615127325,21044396032.0,
40176,2.403804302215576,9.61306713611304e-05,0.0908262655138969,484.130720840767,1082947.1823012878,0.2270601689815521,21050687488.0,
40188,2.304058074951172,9.590040236880716e-05,0.0974671021103859,478.92568120732903,1094716.8226149755,0.1839499454945325,21056978944.0,
40200,2.2987895011901855,9.56703956065128e-05,0.0902529880404472,478.3357509877533,1096066.933983831,0.2036700025200843,21063270400.0,
40212,2.3278541564941406,9.544065114095968e-05,0.0940479859709739,478.55013189837337,1095575.9178671374,0.2031999174505472,21069561856.0,
40224,2.3200347423553467,9.521116903878446e-05,0.1058235615491867,478.5089909564704,1095670.1125970988,0.1679500564932823,21075853312.0,
40236,2.3601512908935547,9.498194936654712e-05,0.1013993173837661,478.44613203778863,1095814.0632613385,0.1909299753606319,21082144768.0,
40248,2.328341007232666,9.475299219073184e-05,0.0846740901470184,478.2743009272963,1096207.759822116,0.2089689951390028,21088436224.0,
40260,2.3663105964660645,9.452429757774694e-05,0.0894309505820274,479.7425619326532,1092852.7956491802,0.1994709018617868,21094727680.0,
40272,2.3661179542541504,9.42958655939238e-05,0.0872294083237648,480.0423509441316,1092170.303242719,0.2461399417370557,21101019136.0,
40284,2.317415237426758,9.40676963055186e-05,0.084636315703392,480.1852710079402,1091845.2348600477,0.1955090556293726,21107310592.0,
40296,2.357023239135742,9.38397897787102e-05,0.0883800163865089,478.5249119158834,1095633.6586550816,0.1744399778544902,21113602048.0,
40308,2.392676591873169,9.361214607960234e-05,0.0874358341097831,512.4206589534879,1023159.3727519664,0.2130400389432907,21119893504.0,
40320,2.300950527191162,9.33847652742218e-05,0.1007163673639297,484.82163110747933,1081403.8944639652,0.1833799760788679,21126184960.0,
40332,2.3676748275756836,9.315764742851972e-05,0.0846912264823913,479.8693209886551,1092564.1149966223,0.2864801790565252,21132476416.0,
40344,2.358632326126098,9.293079260837012e-05,0.0867723152041435,479.3215920217335,1093812.6066647705,0.1825899817049503,21138767872.0,
40356,2.392596960067749,9.270420087957132e-05,0.0958537086844444,479.3577508535236,1093730.0983794995,0.1467701513320207,21145059328.0,
40368,2.353799819946289,9.247787230784566e-05,0.0947402864694595,481.12085089087486,1089722.0501443536,0.1974799670279026,21151350784.0,
40380,2.4036455154418945,9.22518069588384e-05,0.0960039794445037,497.48617107979953,1053874.520495769,0.1398799940943718,21157642240.0,
40392,2.343177318572998,9.202600489811886e-05,0.0874557793140411,479.7862109262496,1092753.3723569035,17.107649007812142,21163933696.0,
40404,2.3881349563598633,9.180046619117954e-05,0.0890427902340889,1120.4396239481866,467930.61294326826,0.1740199513733387,21170225152.0,
40416,2.269026756286621,9.157519090343758e-05,0.0985119119286537,502.0398502238095,1044315.5055644932,0.1705400645732879,21176516608.0,
40428,2.263791561126709,9.135017910023268e-05,0.0885094478726387,479.8052220139653,1092710.0747243222,0.2110500354319811,21182808064.0,
40440,2.3452181816101074,9.112543084682868e-05,0.081950768828392,479.5276611112058,1093342.5587693343,0.1584799028933048,21189099520.0,
40452,2.3503901958465576,9.090094620841238e-05,0.0905196368694305,480.9191219974309,1090179.1507529218,0.202129827812314,21195390976.0,
40464,2.363349437713623,9.067672525009518e-05,0.1051121950149536,479.12509087473154,1094261.206489552,0.1809899695217609,21201682432.0,
40476,2.4202136993408203,9.045276803691092e-05,0.092182457447052,478.9628209546208,1094631.936055165,0.1874801237136125,21207973888.0,
40488,2.3745694160461426,9.022907463381736e-05,0.0953944697976112,478.0393219552934,1096746.5978646665,0.1600401010364294,21214265344.0,
40500,2.3644051551818848,9.000564510569597e-05,0.0935023874044418,479.0363409556449,1094463.9376504947,0.2072199713438749,21220556800.0,
40512,2.3962690830230713,8.978247951735153e-05,0.1002355888485908,482.827281113714,1085870.7047179493,0.1966399140655994,21226848256.0,
40524,2.376914978027344,8.955957793351211e-05,0.0839771330356597,478.5958810243755,1095471.1914315394,0.2057799138128757,21233139712.0,
40536,2.3460683822631836,8.933694041882911e-05,0.0853856429457664,477.96272090636194,1096922.3687692448,0.1907998230308294,21239431168.0,
40548,2.4057071208953857,8.91145670378779e-05,0.0849173590540885,478.67919178679585,1095280.532339326,0.1676490064710378,21245722624.0,
40560,2.1910715103149414,8.889245785515676e-05,0.0994800329208374,479.01939204894006,1094502.6625277728,0.2714300062507391,21252014080.0,
40572,2.3227856159210205,8.867061293508726e-05,0.0939346700906753,478.9540020283312,1094652.0913901608,0.2535600215196609,21258305536.0,
40584,2.420649528503418,8.844903234201484e-05,0.0860495716333389,479.27884105592966,1093910.1731361805,0.2175199333578348,21264596992.0,
40596,2.395902395248413,8.822771614020764e-05,0.0911339297890663,478.9980310015381,1094551.472171535,0.1717300619930029,21270888448.0,
40608,2.307004928588867,8.800666439385785e-05,0.0893169119954109,477.0962120965123,1098914.6145095387,0.200171023607254,21277179904.0,
40620,2.567012310028076,8.778587716707998e-05,0.142500415444374,480.7212718296796,1090627.8351371898,0.1909600105136633,21283471360.0,
40632,2.361766815185547,8.75653545239129e-05,0.0841492637991905,490.57784117758274,1068715.20886777,0.2809700090438127,21289762816.0,
40644,2.419111490249634,8.73450965283178e-05,0.0928670465946197,479.0897110942751,1094342.0154076964,0.2024690620601177,21296054272.0,
40656,2.3037171363830566,8.712510324417977e-05,0.106203094124794,478.8773320615291,1094827.3490895496,0.175700057297945,21302345728.0,
40668,2.3635568618774414,8.690537473530691e-05,0.0834123119711875,482.7064520213753,1086142.5154035094,0.1721300650388002,21308637184.0,
40680,2.3582277297973633,8.668591106543023e-05,0.0830031111836433,480.1406019832939,1091946.8127343294,0.1768600195646286,21314928640.0,
40692,2.388187885284424,8.646671229820446e-05,0.085961602628231,477.5081011466682,1097966.712482985,0.1601299736648798,21321220096.0,
40704,2.3844738006591797,8.62477784972071e-05,0.0873252153396606,479.3767419178039,1093686.768996183,0.2018490340560674,21327511552.0,
40716,2.3366665840148926,8.602910972593892e-05,0.0896518304944038,478.04294200614095,1096738.2925889215,0.1922310329973697,21333803008.0,
40728,2.342247009277344,8.58107060478237e-05,0.0962273851037025,478.8945820182562,1094787.9130109125,0.1704900059849023,21340094464.0,
40740,2.3601841926574707,8.559256752620858e-05,0.088561974465847,479.74134096875787,1092855.577010077,0.1872300636023283,21346385920.0,
40752,2.3828086853027344,8.537469422436384e-05,0.0914386659860611,1185.6974691618234,442176.873642669,0.2108300104737281,21352677376.0,
40764,2.4398300647735596,8.515708620548212e-05,0.0836798027157783,479.10169209353626,1094314.6489610851,0.1636999659240245,21358968832.0,
40776,2.3170456886291504,8.493974353268019e-05,0.098002016544342,478.63173112273216,1095389.1393079422,0.2144398167729377,21365260288.0,
40788,2.3660435676574707,8.472266626899694e-05,0.0944188758730888,478.0145820695907,1096803.360537802,0.2766100224107504,21371551744.0,
40800,2.38561487197876,8.450585447739523e-05,0.0913766995072364,493.3510399423539,1062707.8034765285,0.1900899223983287,21377843200.0,
40812,2.337498903274536,8.428930822075941e-05,0.0857879146933555,478.38353202678263,1095957.4586080178,0.1939199864864349,21384134656.0,
40824,2.401084899902344,8.407302756189861e-05,0.0911347121000289,484.2701219022274,1082635.4472181376,0.2378998324275016,21390426112.0,
40836,2.3928980827331543,8.385701256354372e-05,0.0882865041494369,509.30265011265874,1029423.2709844068,0.20295986905694,21396717568.0,
40848,2.391955852508545,8.364126328834865e-05,0.0842107459902763,480.36629101261497,1091433.7866938952,0.2030599862337112,21403009024.0,
40860,2.391514778137207,8.34257797988911e-05,0.089149385690689,478.9107309188694,1094750.9966921536,0.2101401332765817,21409300480.0,
40872,2.3627591133117676,8.321056215767054e-05,0.1015794053673744,479.76104100234807,1092810.7019791005,0.2455499488860368,21415591936.0,
40884,2.379288911819458,8.299561042711046e-05,0.0884922072291374,506.330779986456,1035465.392828823,0.2400898374617099,21421883392.0,
40896,2.4460716247558594,8.27809246695559e-05,0.0903152823448181,478.9674610365182,1094621.3316148974,0.2247099764645099,21428174848.0,
40908,2.3741090297698975,8.256650494727614e-05,0.0911543890833854,478.9193710312247,1094731.2464540452,0.2267197705805301,21434466304.0,
40920,2.2989234924316406,8.235235132246221e-05,0.108367845416069,479.7516621183604,1092832.065833785,0.233770115301013,21440757760.0,
40932,2.363420009613037,8.213846385722889e-05,0.0875012725591659,479.090851964429,1094339.4094256817,0.2346101682633161,21447049216.0,
40944,2.412713050842285,8.192484261361289e-05,0.0900977849960327,479.1011218912899,1094315.9513597698,0.1812800765037536,21453340672.0,
40956,2.3398523330688477,8.171148765357406e-05,0.0868387445807457,478.4860911313445,1095722.5501797982,0.3046100027859211,21459632128.0,
40968,2.4567813873291016,8.149839903899537e-05,0.094064824283123,479.60602096281946,1093163.9243132947,0.2874601632356643,21465923584.0,
40980,2.377984523773194,8.128557683168203e-05,0.089810624718666,479.3130408506841,1093832.1207983294,0.1757200807332992,21472215040.0,
40992,2.323533773422241,8.107302109336223e-05,0.0986554473638534,480.4616309702397,1091217.2090438476,0.2535998355597257,21478506496.0,
41004,2.358745574951172,8.086073188568654e-05,0.0840367376804351,478.040361078456,1096744.2138509175,0.1779801677912473,21484797952.0,
41016,2.3590521812438965,8.064870927022894e-05,0.087075263261795,478.93818211741745,1094688.249080681,0.218139961361885,21491089408.0,
41028,2.3456239700317383,8.043695330848533e-05,0.0831341370940208,479.33621099218726,1093779.2471692597,0.1894899178296327,21497380864.0,
41040,2.343177795410156,8.022546406187459e-05,0.0846292898058891,479.51048193499446,1093381.7293926764,0.1906799152493477,21503672320.0,
41052,2.3989417552948,8.001424159173831e-05,0.0867668017745018,478.7057009525597,1095219.8792634758,0.1978098880499601,21509963776.0,
41064,2.403131008148194,7.98032859593405e-05,0.0845799595117569,479.2088021058589,1094070.0540057754,0.2597698476165533,21516255232.0,
41076,2.305666446685791,7.959259722586831e-05,0.0994330123066902,480.3202310577035,1091538.4489332794,0.202900031581521,21522546688.0,
41088,2.373115062713623,7.938217545243042e-05,0.0863268673419952,478.9222211111337,1094724.7316769192,0.2043198328465223,21528838144.0,
41100,2.4328854084014893,7.917202070005924e-05,0.0824767649173736,479.39817095175385,1093637.881344282,0.2279907930642366,21535129600.0,
41112,2.3876430988311768,7.896213302970878e-05,0.1025920882821083,479.03311089612544,1094471.317482035,0.2060700207948684,21541421056.0,
41124,2.356096029281616,7.875251250225646e-05,0.0874283760786056,478.6914121359586,1095252.5712976253,0.1807908993214368,21547712512.0,
41136,2.3863539695739746,7.854315917850163e-05,0.0911954268813133,479.4068210758269,1093618.1484098542,0.2191800158470869,21554003968.0,
41148,2.360888957977295,7.833407311916595e-05,0.0894878059625625,478.7213709205389,1095184.0294738472,0.2781799994409084,21560295424.0,
41160,2.4484453201293945,7.812525438489448e-05,0.0997040048241615,478.80034195259213,1095003.3950725787,0.1735200639814138,21566586880.0,
41172,2.419590473175049,7.791670303625354e-05,0.0877248868346214,480.1018019206822,1092035.0598613622,0.1692899968475103,21572878336.0,
41184,2.3665316104888916,7.770841913373306e-05,0.0934957787394523,485.96538114361465,1078858.7425017834,0.2172398380935192,21579169792.0,
41196,2.3857412338256836,7.750040273774428e-05,0.1022724211215972,480.7875209953636,1090477.554231396,0.2147199120372533,21585461248.0,
41208,2.371706247329712,7.729265390862194e-05,0.0911788344383239,479.5022220350802,1093400.5639741193,0.2273600548505783,21591752704.0,
41220,2.350693464279175,7.708517270662252e-05,0.0875243693590164,479.9454410094768,1092390.832793946,0.1831499394029379,21598044160.0,
41232,2.328341484069824,7.687795919192476e-05,0.0908105298876762,482.5549409724772,1086483.5389384257,0.2262399066239595,21604335616.0,
41244,2.343985795974731,7.667101342463034e-05,0.0914562568068504,479.8453610856086,1092618.6695102018,0.1715300604701042,21610627072.0,
41256,2.368324279785156,7.646433546476284e-05,0.0909792631864547,483.5278620012105,1084297.3925640867,0.232999911531806,21616918528.0,
41268,2.3390088081359863,7.625792537226816e-05,0.087750606238842,480.2161219995469,1091775.090384189,0.1993598416447639,21623209984.0,
41280,2.355297088623047,7.605178320701456e-05,0.0927963331341743,478.2094319816679,1096356.4600292086,0.1897891052067279,21629501440.0,
41292,2.3649208545684814,7.584590902879307e-05,0.0863406211137771,479.15205103345215,1094199.6363559272,0.2974399831146002,21635792896.0,
41304,2.3818414211273193,7.564030289731616e-05,0.0899916365742683,490.76204001903534,1068314.0855386131,0.1865299418568611,21642084352.0,
41316,2.3996376991271973,7.543496487221901e-05,0.0882414206862449,479.9448121339083,1092392.264162488,0.1668198965489864,21648375808.0,
41328,2.343197822570801,7.522989501305921e-05,0.1062422096729278,480.52641190588474,1091070.0993948411,0.2069198526442051,21654667264.0,
41340,2.361741542816162,7.502509337931595e-05,0.1069855391979217,481.90967086702585,1087938.3247419156,0.2423899713903665,21660958720.0,
41352,2.341423511505127,7.482056003039172e-05,0.0915007144212722,479.11185189150274,1094291.4434910023,0.1781601458787918,21667250176.0,
41364,2.286825656890869,7.461629502560985e-05,0.0919670537114143,480.9905609581619,1090017.2322624938,0.197889981791377,21673541632.0,
41376,2.36498761177063,7.441229842421671e-05,0.0946460887789726,479.0669111534953,1094394.097763132,0.2108500339090824,21679833088.0,
41388,2.291782855987549,7.420857028538053e-05,0.1117352768778801,478.3771811053157,1095972.0085071886,0.2130200155079364,21686124544.0,
41400,2.3366920948028564,7.400511066819193e-05,0.1007075756788253,480.29322107322514,1091599.8331778815,0.1788688823580742,21692416000.0,
41412,2.312459945678711,7.380191963166339e-05,0.0875342860817909,490.3305610641837,1069254.1759218865,0.1786400098353624,21698707456.0,
41424,2.3293612003326416,7.359899723472929e-05,0.0929132252931594,478.958971099928,1094640.7346666334,0.1992799807339906,21704998912.0,
41436,2.4021670818328857,7.339634353624669e-05,0.0875981375575065,478.1773220747709,1096430.0810526914,0.195210799574852,21711290368.0,
41448,2.356856346130371,7.319395859499444e-05,0.0861481204628944,479.0389118716121,1094458.0638587356,0.1877299509942531,21717581824.0,
41460,2.372448205947876,7.299184246967305e-05,0.0985007882118225,482.24259191192687,1087187.2555291674,0.2006699796766042,21723873280.0,
41472,2.376859188079834,7.27899952189055e-05,0.0820321291685104,500.61573018319905,1047286.3084189108,0.17989007756114,21730164736.0,
41484,2.363210439682007,7.258841690123686e-05,0.1059103533625602,488.76813100650907,1072672.2278728478,0.1882899086922407,21736456192.0,
41496,2.221735715866089,7.23871075751339e-05,0.1127480268478393,479.8480309545994,1092612.5901923422,0.2146600745618343,21742747648.0,
41508,2.396728515625,7.218606729898536e-05,0.0903019309043884,478.90113084577024,1094772.9421187076,0.2254298888146877,21749039104.0,
41520,2.365673780441284,7.198529613110227e-05,0.0864378437399864,478.88463106937706,1094810.662077909,0.1726699993014335,21755330560.0,
41532,2.4173383712768555,7.178479412971739e-05,0.0870236083865165,480.1298610400409,1091971.240581257,0.1470290590077638,21761622016.0,
41544,2.379642963409424,7.158456135298541e-05,0.0892728641629219,480.78515217639506,1090482.9269928124,0.2104709856212139,21767913472.0,
41556,2.3867383003234863,7.138459785898266e-05,0.0828136950731277,479.3589119799435,1093727.4490933763,0.2066199667751789,21774204928.0,
41568,2.3516688346862793,7.118490370570807e-05,0.0910760685801506,479.6480219811201,1093068.1999573368,0.2183900214731693,21780496384.0,
41580,2.4015324115753174,7.098547895108188e-05,0.0875484570860862,479.3065208941698,1093847.0000823587,0.2352399751543998,21786787840.0,
41592,2.337864637374878,7.078632365294613e-05,0.0901789665222168,479.09172088839114,1094337.4246330126,0.212610000744462,21793079296.0,
41604,2.368375778198242,7.05874378690653e-05,0.0990930423140525,489.2624008934945,1071588.5770959335,0.2037098165601492,21799370752.0,
41616,2.357285499572754,7.0388821657125e-05,0.0845090523362159,479.2180110234767,1094049.0297521711,0.209389952942729,21805662208.0,
41628,2.3396053314208984,7.019047507473342e-05,0.0905711129307746,478.0203718692064,1096790.0760167877,0.1562701072543859,21811953664.0,
41640,2.4289069175720215,6.999239817941938e-05,0.087275743484497,479.99502113088965,1092277.9964774512,0.1933909952640533,21818245120.0,
41652,2.408597469329834,6.979459102863484e-05,0.090255931019783,479.9208811018616,1092446.7357958565,0.2270699478685856,21824536576.0,
41664,2.4001903533935547,6.959705367975233e-05,0.0884173065423965,480.2092320751399,1091790.7549056928,0.1726800110191106,21830828032.0,
41676,2.362942695617676,6.939978619006737e-05,0.0872426778078079,480.74040189385414,1090584.435871402,0.2092309296131134,21837119488.0,
41688,2.3592443466186523,6.920278861679585e-05,0.0871853753924369,481.35169106535614,1089199.4558897563,0.2377699129283428,21843410944.0,
41700,2.3781039714813232,6.900606101707618e-05,0.0964220464229583,481.4207209274173,1089043.277966936,0.1987710129469633,21849702400.0,
41712,2.3843560218811035,6.880960344796872e-05,0.0921986997127533,479.8538920003921,1092599.2447708887,0.1988401636481285,21855993856.0,
41724,2.3921186923980713,6.861341596645466e-05,0.0891184285283088,1669.400782091543,314057.5981659329,0.2516701351851225,21862285312.0,
41736,2.3623456954956055,6.841749862943758e-05,0.0876099839806556,478.73677080497146,1095148.79986853,0.2043398562818765,21868576768.0,
41748,2.352412462234497,6.822185149374205e-05,0.0881053805351257,479.73776212893426,1092863.7297038385,0.1805401407182216,21874868224.0,
41760,2.3588595390319824,6.80264746161151e-05,0.1003613770008087,479.5097711030394,1093383.350236962,0.2221199683845043,21881159680.0,
41772,2.3368353843688965,6.783136805322465e-05,0.1047194153070449,478.69180189445615,1095251.6795255188,0.1933400053530931,21887451136.0,
41784,2.337190866470337,6.763653186166052e-05,0.0862209647893905,478.91856101341546,1094733.098025227,0.2411999739706516,21893742592.0,
41796,2.35970401763916,6.744196609793396e-05,0.0989558324217796,480.4256618954241,1091298.907580261,0.2161399461328983,21900034048.0,
41808,2.3621745109558105,6.724767081847805e-05,0.0925692394375801,490.5585611704737,1068757.211675295,0.1744797918945551,21906325504.0,
41820,2.4108495712280273,6.70536460796476e-05,0.0836076363921165,479.13453192450106,1094239.6447489073,0.2426798455417156,21912616960.0,
41832,2.347498655319214,6.68598919377179e-05,0.0924700275063514,479.5023112092167,1093400.360631927,0.2145699691027403,21918908416.0,
41844,2.339261054992676,6.666640844888694e-05,0.0892567411065101,478.9216918870806,1094725.9413833686,0.2234999556094408,21925199872.0,
41856,2.3454396724700928,6.647319566927345e-05,0.0963498950004577,479.8958108294755,1092503.806386213,0.2172698732465505,21931491328.0,
41868,2.375638961791992,6.628025365491841e-05,0.1103856191039085,481.23111110180616,1089472.3718082411,0.213210005313158,21937782784.0,
41880,2.367601156234741,6.608758246178325e-05,0.0965549647808075,479.4156909920275,1093597.9148181838,0.1756302081048488,21944074240.0,
41892,2.386866331100464,6.589518214575163e-05,0.0837727263569831,479.99259107746184,1092283.5263417424,0.1796199940145015,21950365696.0,
41904,2.3564252853393555,6.570305276262855e-05,0.0930268764495849,478.9701621048152,1094615.158689713,0.1910000573843717,21956657152.0,
41916,2.3944051265716553,6.551119436813979e-05,0.1021250411868095,479.06010202132165,1094409.6529597144,0.1916300971060991,21962948608.0,
41928,2.347897529602051,6.531960701793349e-05,0.0914991050958633,490.7875410281122,1068258.576616901,0.2278399188071489,21969240064.0,
41940,2.347641944885254,6.512829076757842e-05,0.0894703119993209,479.6403720974922,1093085.6335284316,0.2116600517183542,21975531520.0,
41952,2.3849353790283203,6.493724567256553e-05,0.0956956669688224,479.20678090304136,1094074.668584625,0.1756299752742052,21981822976.0,
41964,2.3542113304138184,6.474647178830572e-05,0.0974558293819427,479.6572809573263,1093047.100116144,0.2043000422418117,21988114432.0,
41976,2.3471055030822754,6.455596917013273e-05,0.0836691930890083,480.0009720493108,1092264.4547189367,0.228710938245058,21994405888.0,
41988,2.3735456466674805,6.436573787330069e-05,0.0893969312310218,479.8216419294477,1092672.6812316035,0.1787000801414251,22000697344.0,
42000,2.369018793106079,6.417577795298568e-05,0.0956275910139083,482.3632510378957,1086915.3047457396,0.1980501692742109,22006988800.0,
42012,2.3475985527038574,6.398608946428442e-05,0.0830030366778373,480.0349310971797,1092187.1847985613,0.1807399094104766,22013280256.0,
42024,2.3680217266082764,6.379667246221521e-05,0.0966691896319389,479.4372310861945,1093548.7817919217,0.1666599418967962,22019571712.0,
42036,2.3370418548583984,6.360752700171769e-05,0.0866609215736389,501.6326289623976,1045163.2723422796,0.1938799396157264,22025863168.0,
42048,2.380275249481201,6.341865313765272e-05,0.0922619253396987,505.4778198245913,1037212.6717289716,0.2315898891538381,22032154624.0,
42060,2.3239850997924805,6.323005092480227e-05,0.1001624166965484,478.7965409923345,1095012.0878345985,0.2095899544656276,22038446080.0,
42072,2.476390600204468,6.304172041786937e-05,0.0924883484840393,479.1368809528649,1094234.280102468,0.2048700116574764,22044737536.0,
42084,2.355747699737549,6.285366167147865e-05,0.0899695307016372,480.1737719681114,1091871.3820021353,0.2010099124163389,22051028992.0,
42096,2.4015088081359863,6.266587474017583e-05,0.0974286198616027,479.9883319064975,1092293.2187071,0.1823799684643745,22057320448.0,
42108,2.3597278594970703,6.247835967842719e-05,0.1032511442899704,489.4082199316472,1071269.2975880632,0.1860600896179676,22063611904.0,
42120,2.3323206901550293,6.229111654062114e-05,0.1089169085025787,478.4914720803499,1095710.228064336,0.2121999859809875,22069903360.0,
42132,2.316053628921509,6.210414538106634e-05,0.0869081988930702,489.2571510281414,1071600.0755395065,0.297060003504157,22076194816.0,
42144,2.344731092453003,6.191744625399331e-05,0.0917868912220001,478.78098185174167,1095047.6728884564,0.2184798941016197,22082486272.0,
42156,2.35508394241333,6.173101921355296e-05,0.0855806693434715,480.5800709873438,1090948.2761589738,0.2334800083190202,22088777728.0,
42168,2.3447985649108887,6.154486431381779e-05,0.0873012915253639,480.5287008639425,1091064.9021741734,0.1852400600910186,22095069184.0,
42180,2.3775148391723633,6.135898160878094e-05,0.0839954167604446,479.9466209951788,1092388.1470670186,0.251720193773508,22101360640.0,
42192,2.3811349868774414,6.117337115235721e-05,0.0889445468783378,478.7554619833827,1095106.0439665494,0.1958899665623903,22107652096.0,
42204,2.343261957168579,6.098803299838207e-05,0.0853865966200828,480.8692098595202,1090292.306619432,0.1999998930841684,22113943552.0,
42216,2.40063738822937,6.080296720061152e-05,0.0927528887987136,477.8429809957742,1097197.2402052225,0.3134198486804962,22120235008.0,
42228,2.311922073364258,6.061817381272383e-05,0.0978837460279464,479.6424910891801,1093080.8044329812,0.1788400113582611,22126526464.0,
42240,2.304253101348877,6.043365288831682e-05,0.0942839682102203,478.0761217698455,1096662.176013053,0.1832398120313882,22132817920.0,
42252,2.427797794342041,6.024940448091032e-05,0.0955938473343849,478.4933009650558,1095706.040069072,0.2022399567067623,22139109376.0,
42264,2.370635509490967,6.0065428643944485e-05,0.0959177687764167,479.06023100949824,1094409.3582871526,0.2192799001932144,22145400832.0,
42276,2.3105592727661133,5.988172543078096e-05,0.0942828953266143,480.56449205614626,1090983.6425008806,0.354250892996788,22151692288.0,
42288,2.3251430988311768,5.969829489470202e-05,0.0828081294894218,479.15094112977386,1094202.1709563984,0.3485199995338917,22157983744.0,
42300,2.3991217613220215,5.9515137088910545e-05,0.0888004973530769,505.3706387989223,1037432.6479394158,0.1811198890209198,22164275200.0,
42312,2.3913633823394775,5.933225206653103e-05,0.0976104363799095,478.5859710536897,1095493.8751039638,0.297199934720993,22170566656.0,
42324,2.375877857208252,5.9149639880608175e-05,0.0869547352194786,484.0863309800625,1083046.486643295,0.1807489898055791,22176858112.0,
42336,2.3367857933044434,5.896730058410804e-05,0.0866945460438728,478.80836203694344,1094985.053664429,0.2261700574308633,22183149568.0,
42348,2.403265476226806,5.8785234229917106e-05,0.0990790426731109,487.68739006482065,1075049.326024843,0.2117999829351902,22189441024.0,
42360,2.3763203620910645,5.860344087084313e-05,0.0888547971844673,477.57837199606,1097805.1577350856,0.2430800814181566,22195732480.0,
42372,2.3787612915039062,5.8421920559614263e-05,0.0915473774075508,480.5232109501958,1091077.3674455036,0.1719000283628702,22202023936.0,
42384,2.3353800773620605,5.8240673348879616e-05,0.0870898887515068,495.48289994709194,1058135.4070059408,0.17404998652637,22208315392.0,
42396,2.369866132736206,5.8059699291209466e-05,0.1000773534178733,479.9938309006393,1092280.704975414,0.2591600641608238,22214606848.0,
42408,2.3504505157470703,5.7878998439094054e-05,0.0947148874402046,478.98379107937217,1094584.0125790825,0.2110800705850124,22220898304.0,
42420,2.318577766418457,5.769857084494545e-05,0.0917522385716438,479.0438909549266,1094446.6882875466,0.1297101844102144,22227189760.0,
42432,2.393340587615967,5.7518416561095134e-05,0.0968133211135864,478.67865092121065,1095281.7699118496,0.1629998441785574,22233481216.0,
42444,2.3889713287353516,5.7338535639796744e-05,0.0991792231798172,480.0174408592284,1092226.9804645588,0.1922398805618286,22239772672.0,
42456,2.3708982467651367,5.715892813322332e-05,0.0889817550778389,478.5020009148866,1095686.1183392575,0.173139851540327,22246064128.0,
42468,2.380786895751953,5.697959409346976e-05,0.0956177860498428,481.9631308782846,1087817.6491313486,0.1857310999184847,22252355584.0,
42480,2.4093785285949707,5.680053357255077e-05,0.1082185357809066,480.7049420196563,1090664.8843617705,0.2316900063306093,22258647040.0,
42492,2.364341735839844,5.6621746622402045e-05,0.0997942239046096,482.5421911664307,1086512.2461782228,0.1867401879280805,22264938496.0,
42504,2.3901195526123047,5.6443233294880106e-05,0.0866572633385658,479.25323992967606,1093968.6084895998,0.2038900274783373,22271229952.0,
42516,2.399595022201538,5.626499364176185e-05,0.0901553928852081,479.53533101826906,1093325.0713491766,0.1758311409503221,22277521408.0,
42528,2.3353710174560547,5.6101847752586647e-05,0.0882014706730842,479.2047720402479,1094079.2550287158,0.2166598569601774,22283288576.0,
42540,2.3390121459960938,5.592413278650954e-05,0.1038816422224044,478.6907809320837,1095254.015502725,0.2116600517183542,22289580032.0,
42552,2.3693032264709473,5.5746691645399026e-05,0.0920447334647178,478.1877920031547,1096406.074700755,0.1735500991344452,22295871488.0,
42564,2.3829994201660156,5.5569524380720936e-05,0.0966073870658874,480.8382911141962,1090362.4143267008,0.1881299540400505,22302162944.0,
42576,2.354555606842041,5.539263104386194e-05,0.0896391347050666,480.1824721507728,1091851.5989383687,0.3116398584097624,22308454400.0,
42588,2.38915491104126,5.521601168612911e-05,0.0922489538788795,478.179301135242,1096425.543212121,0.1665798481553793,22314745856.0,
42600,2.411160469055176,5.503966635874991e-05,0.0882240682840347,479.3823901563883,1093673.882824445,0.1796199940145015,22321037312.0,
42612,2.381160020828247,5.486359511287309e-05,0.0854713469743728,480.68611207418144,1090707.6090417393,0.1929099671542644,22327328768.0,
42624,2.3259506225585938,5.468779799956658e-05,0.0883695408701896,478.9908709935844,1094567.8336467133,0.1790800597518682,22333620224.0,
42636,2.3387742042541504,5.451227506982004e-05,0.0933070108294487,495.8372691180557,1057379.169848506,0.1636100932955742,22339911680.0,
42648,2.3907978534698486,5.433702637454274e-05,0.0928576290607452,480.7953308336437,1090459.840970055,0.204348936676979,22346203136.0,
42660,2.35414981842041,5.416205196456514e-05,0.0938381254673004,478.09253190644085,1096624.5339774503,0.1820200122892856,22352494592.0,
42672,2.377969741821289,5.3987351890637746e-05,0.0919796973466873,480.61384097673,1090871.621454998,0.1771298702806234,22358786048.0,
42684,2.386976718902588,5.381292620343114e-05,0.089373379945755,480.90491187758744,1090211.3641406423,0.1858300529420375,22365077504.0,
42696,2.4153201580047607,5.3638774953537306e-05,0.0935590416193008,479.53501204028726,1093325.7986091597,0.186240067705512,22371368960.0,
42708,2.400247573852539,5.34648981914676e-05,0.0890473127365112,478.6212609615177,1095413.101680316,0.1869299449026584,22377660416.0,
42720,2.3722481727600098,5.329129596765425e-05,0.0948772728443145,478.9064209908247,1094760.8489259423,0.1912489533424377,22383951872.0,
42732,2.429910182952881,5.3117968332449754e-05,0.112575352191925,479.0105309803039,1094522.90939624,0.1648599281907081,22390243328.0,
42744,2.330381393432617,5.294491533612733e-05,0.0943677946925163,479.0191410575062,1094503.2360138178,0.1767601352185011,22396534784.0,
42756,2.2783942222595215,5.277213702887995e-05,0.1162239462137222,492.1439699828625,1065314.2819534228,0.2062299754470586,22402826240.0,
42768,2.371237277984619,5.2599633460821194e-05,0.0839865058660507,479.03803107328713,1094460.0762184374,0.1863501965999603,22409117696.0,
42780,2.3314411640167236,5.242740468198504e-05,0.0906479582190513,478.89671102166176,1094783.0459756176,0.1895900350064039,22415409152.0,
42792,2.311250925064087,5.225545074232552e-05,0.0919427722692489,479.3720808811486,1093697.403145152,0.1782900653779506,22421700608.0,
42804,2.4085793495178223,5.208377169171752e-05,0.0884368270635604,479.53536198474467,1093325.0007466166,0.1840100158005952,22427992064.0,
42816,2.364640235900879,5.191236757995521e-05,0.0986286401748657,479.05901190824807,1094412.1433215295,0.2022499684244394,22434283520.0,
42828,2.378256320953369,5.174123845675405e-05,0.0883648619055748,478.78248104825616,1095044.244000142,0.1917399931699037,22440574976.0,
42840,2.4332029819488525,5.157038437174877e-05,0.0901330038905143,479.14053103886545,1094225.944240715,0.1716399565339088,22446866432.0,
42852,2.3474414348602295,5.13998053744954e-05,0.0868660733103752,478.3219010569155,1096098.670877324,0.1581399701535701,22453157888.0,
42864,2.370859861373902,5.1229501514469256e-05,0.0919286608695983,478.76115096732974,1095093.0311297898,0.2137799747288227,22459449344.0,
42876,2.356037139892578,5.105947284106627e-05,0.0871744081377983,479.1699110064655,1094158.8525430714,0.1943099778145551,22465740800.0,
42888,2.3592467308044434,5.088971940360254e-05,0.0873410627245903,478.8750819861889,1094832.4933205042,0.1930301077663898,22472032256.0,
42900,2.363750457763672,5.072024125131436e-05,0.0916067510843277,479.88018090836704,1092539.3897442757,0.2026499714702367,22478323712.0,
42912,2.440441370010376,5.0551038433357955e-05,0.0995878204703331,480.0331408623606,1092191.2579996816,0.2107701729983091,22484615168.0,
42924,2.3272242546081543,5.038211099880985e-05,0.0995726510882377,477.4592809844762,1098078.9794659922,0.1736299600452184,22490906624.0,
42936,2.385742425918579,5.021345899666674e-05,0.0964515581727027,478.5314011387527,1095618.8010909234,0.1828500535339117,22497198080.0,
42948,2.361290454864502,5.0045082475845495e-05,0.091317594051361,480.7693709153682,1090518.7221094675,0.184220029041171,22503489536.0,
42960,2.4388113021850586,4.9876981485182713e-05,0.1072458177804946,480.52176111377776,1091080.6594581243,0.2221600152552127,22509780992.0,
42972,2.429932117462158,4.970915607343562e-05,0.08777616918087,479.7813908662647,1092764.3505584423,0.1788199879229068,22516072448.0,
42984,2.264467716217041,4.954160628928106e-05,0.0960821136832237,478.9023620542139,1094770.127570697,0.1871900167316198,22522363904.0,
42996,2.282827138900757,4.937433218131604e-05,0.0884508118033409,479.53518107533455,1093325.413214333,0.3952099941670894,22528655360.0,
43008,2.3875222206115723,4.920733379805775e-05,0.0884182453155517,478.6958210170269,1095242.4838096746,0.1756302081048488,22534946816.0,
43020,2.370138645172119,4.904061118794334e-05,0.090234600007534,480.06964195519686,1092108.215517885,0.1713098026812076,22541238272.0,
43032,2.3193535804748535,4.887416439933001e-05,0.0928356572985649,480.1684808917344,1091883.413560028,0.1682599540799856,22547529728.0,
43044,2.3960018157958984,4.8707993480494594e-05,0.0953574851155281,1147.0430409535766,457077.878755222,0.1941700465977192,22553821184.0,
43056,2.3931984901428223,4.854209847963464e-05,0.0968105718493461,478.26511203311384,1096228.8212310574,0.1522400416433811,22560112640.0,
43068,2.371735095977783,4.83764794448669e-05,0.0869257003068924,478.6669609602541,1095308.5187835516,0.1651400234550237,22566404096.0,
43080,2.416818141937256,4.821113642422881e-05,0.091565728187561,517.6709999796003,1012782.2497699512,0.2407899592071771,22572695552.0,
43092,2.3748250007629395,4.804606946567702e-05,0.089562140405178,479.2083320207894,1094071.1272467086,0.2036001533269882,22578987008.0,
43104,2.3271822929382324,4.788127861708857e-05,0.0906514152884483,479.3091409374029,1093841.0207963702,0.2605400513857603,22585278464.0,
43116,2.3790225982666016,4.771676392626023e-05,0.0914807915687561,479.0265508927405,1094486.3056607358,0.20672008395195,22591569920.0,
43128,2.3592164516448975,4.7552525440909046e-05,0.0871465802192688,479.85914209857583,1092587.290735199,0.1912000589072704,22597861376.0,
43140,2.3567593097686768,4.738856320867135e-05,0.0902752876281738,480.8052310254425,1090437.38746731,0.1794700510799884,22604152832.0,
43152,2.410381317138672,4.722487727710367e-05,0.1045804619789123,479.81005092151463,1092699.077464221,0.2026800066232681,22610444288.0,
43164,2.3445382118225098,4.706146769368258e-05,0.0902601480484008,480.58646102435887,1090933.770548784,0.1932401210069656,22616735744.0,
43176,2.367746591567993,4.689833450580416e-05,0.0970676839351654,478.9871221873909,1094576.4003126712,0.1852901186794042,22623027200.0,
43188,2.3680548667907715,4.6735477760784465e-05,0.085901141166687,479.45321118459105,1093512.3339869496,0.1706699840724468,22629318656.0,
43200,2.3784914016723633,4.657289750585925e-05,0.1026335731148719,479.0860421489924,1094350.3961172595,0.192900188267231,22635610112.0,
43212,2.3379368782043457,4.6410593788184466e-05,0.0896001830697059,478.41403097845614,1095887.591189,0.1744099427014589,22641901568.0,
43224,2.369467496871948,4.624856665483535e-05,0.0937586575746536,479.1639619506895,1094172.4370622726,0.1946000847965479,22648193024.0,
43236,2.3612465858459473,4.608681615280708e-05,0.0896647870540618,486.0782108735293,1078608.315023634,0.1762001775205135,22654484480.0,
43248,2.3656604290008545,4.592534232901502e-05,0.0986048430204391,479.4976420234889,1093411.0077945222,0.2002399414777755,22660775936.0,
43260,2.3947291374206543,4.576414523029349e-05,0.0884745493531227,479.4335011392832,1093557.2894971431,0.1903700176626444,22667067392.0,
43272,2.359353542327881,4.560322490339741e-05,0.0935522764921188,479.0255210828036,1094488.6585893873,0.1585299614816904,22673358848.0,
43284,2.3833208084106445,4.544258139500068e-05,0.0867430865764617,477.812142111361,1097268.0553559626,0.1752099487930536,22679650304.0,
43296,2.3635411262512207,4.528221475169736e-05,0.0885300189256668,477.94852219522,1096954.9557177047,0.1938899513334036,22685941760.0,
43308,2.3422374725341797,4.512212502000102e-05,0.1042862981557846,480.0049620680511,1092255.3753218718,0.1910110004246235,22692233216.0,
43320,2.41507339477539,4.496231224634495e-05,0.0926437154412269,478.8496720138937,1094890.5901825237,0.1860600896179676,22698524672.0,
43332,2.3528823852539062,4.48027764770822e-05,0.1061407178640365,479.2305319570005,1094020.4453564372,0.1918398775160312,22704816128.0,
43344,2.3772568702697754,4.4643517758485295e-05,0.0891548916697502,479.10672100260854,1094303.1625664576,0.20064995624125,22711107584.0,
43356,2.260920524597168,4.448453613674686e-05,0.0860576927661895,479.5676718931645,1093251.3401712324,0.1741889864206314,22717399040.0,
43368,2.3248281478881836,4.432583165797832e-05,0.0880680158734321,478.8828808814287,1094814.6633160051,0.1933500170707702,22723690496.0,
43380,2.349045753479004,4.416740436821143e-05,0.0889710336923599,478.31353219226,1096117.8488867432,0.1794600393623113,22729981952.0,
43392,2.347973346710205,4.40092543133972e-05,0.0916428416967392,480.1601311191917,1091902.4009301895,0.2278108149766922,22736273408.0,
43404,2.3666419982910156,4.38513815394066e-05,0.0910199061036109,480.333860963583,1091507.475546783,0.194299966096878,22742564864.0,
43416,2.3515913486480713,4.3693786092029784e-05,0.091839000582695,490.85928103886545,1068102.448608867,0.1963700633496046,22748856320.0,
43428,2.379596710205078,4.3536468016976415e-05,0.0985311791300773,513.6474890168756,1020715.5903818208,0.1768688671290874,22755147776.0,
43440,2.3424644470214844,4.337942735987621e-05,0.0909693166613578,478.61849097535014,1095419.4413416467,0.2186400815844535,22761439232.0,
43452,2.3288145065307617,4.322266416627785e-05,0.0862090140581131,479.6813710127026,1092992.206249586,0.1761890016496181,22767730688.0,
43464,2.36069917678833,4.3066178481650064e-05,0.0912323743104934,479.984971228987,1092300.8665408343,1.5599799808114767,22774022144.0,
43476,2.3776917457580566,4.2909970351380334e-05,0.0894402340054512,477.69023198634386,1097548.0863820307,0.2044797874987125,22780313600.0,
43488,2.4116766452789307,4.2754039820776746e-05,0.0841200351715087,479.40196213312447,1093629.2326947364,0.1905001699924469,22786605056.0,
43500,2.36426305770874,4.2598386935065905e-05,0.0947597548365593,480.8392310515046,1090360.2829026266,0.2214799169450998,22792896512.0,
43512,2.388876438140869,4.244301173939413e-05,0.08859384059906,478.8107709027827,1094979.544865859,0.1961400266736745,22799187968.0,
43524,2.3542447090148926,4.22879142788275e-05,0.1020757257938385,478.8256408646703,1094945.540203806,0.229251105338335,22805479424.0,
43536,2.384640693664551,4.213309459835124e-05,0.0907379612326622,493.8174900598824,1061703.9909550846,0.373440096154809,22811770880.0,
43548,2.3329832553863525,4.197855274287043e-05,0.0868189334869384,481.1383308842778,1089682.4600035877,0.1934398896992206,22818062336.0,
43560,2.4160044193267822,4.1824288757208673e-05,0.2623070776462555,479.3984019197523,1093637.354443584,0.2030499745160341,22824353792.0,
43572,2.4126827716827393,4.167030268610994e-05,0.0949958860874176,480.90357100591063,1090214.403905011,0.1846200320869684,22830645248.0,
43584,2.313018798828125,4.151659457423695e-05,0.0863744020462036,477.8966410085559,1097074.0428171654,0.2013398334383964,22836936704.0,
43596,2.3506016731262207,4.136316446617239e-05,0.0908438041806221,496.7581708915531,1055418.9759154597,0.1881199423223734,22843228160.0,
43608,2.344942569732666,4.121001240641775e-05,0.0966705158352851,478.5131420940161,1095660.6075763542,0.1749701332300901,22849519616.0,
43620,2.3925209045410156,4.105713843939396e-05,0.0867281481623649,480.992381926626,1090013.1056129255,0.2162400633096695,22855811072.0,
43632,2.375911235809326,4.090454260944177e-05,0.0915042385458946,480.7386621832848,1090588.382508981,0.1698799896985292,22862102528.0,
43644,2.2791576385498047,4.075222496082065e-05,0.1000848263502121,479.42797210998833,1093569.9010063603,0.1832400448620319,22868393984.0,
43656,2.36525297164917,4.0600185537709834e-05,0.0984616950154304,479.2241910472512,1094034.9210132123,0.1901399809867143,22874685440.0,
43668,2.324150800704956,4.044842438420737e-05,0.0840622559189796,480.7402710430324,1090584.7327133317,0.1886801328510046,22880976896.0,
43680,2.425440788269043,4.02969415443315e-05,0.0868356227874755,479.7657309100032,1092800.0193043144,0.1873800065368414,22887268352.0,
43692,2.2894721031188965,4.0145737062018294e-05,0.1018053665757179,477.24219085648656,1098578.4786946063,0.1646000891923904,22893559808.0,
43704,2.393460273742676,3.999481098112456e-05,0.0857169181108474,477.3637419566512,1098298.7477243503,0.1682909205555915,22899851264.0,
43716,2.2980265617370605,3.984416334542562e-05,0.1122954189777374,479.3559119571,1093734.2941269935,0.1998399384319782,22906142720.0,
43728,2.3998422622680664,3.969379419861607e-05,0.0986273884773254,481.57746088691056,1088688.8249180731,0.166310928761959,22912434176.0,
43740,2.3735480308532715,3.954370358430981e-05,0.0924265459179878,480.6005109567195,1090901.8780614962,0.1761510502547025,22918725632.0,
43752,2.3888607025146484,3.9393891546039896e-05,0.0959517285227775,479.4707919936627,1093472.2380480887,0.1793899573385715,22925017088.0,
43764,2.3648576736450195,3.924435812725868e-05,0.0889926478266716,477.9100520536303,1097043.256878734,0.1896799076348543,22931308544.0,
43776,2.264009714126587,3.9095103371337814e-05,0.0950119197368621,479.3096911162138,1093839.7652236929,0.1842901110649109,22937600000.0,
43788,2.399984836578369,3.894612732156777e-05,0.0872377753257751,477.75530186481774,1097398.6012369755,0.182880088686943,22943891456.0,
43800,2.3428449630737305,3.879743002115832e-05,0.0985326021909713,478.0497511383146,1096722.6711269792,0.173680018633604,22950182912.0,
43812,2.322714328765869,3.864901151323863e-05,0.093120738863945,478.1384821981192,1096519.1456452538,0.1639500260353088,22956474368.0,
43824,2.3280673027038574,3.8500871840856935e-05,0.0945425257086753,477.8371818829328,1097210.555976465,0.1722900196909904,22962765824.0,
43836,2.406888008117676,3.835301104698008e-05,0.0911572948098182,479.3899510987103,1093656.633390809,0.1991200260818004,22969057280.0,
43848,2.32159423828125,3.820542917449477e-05,0.1092074215412139,478.4580210689455,1095786.8337720905,0.1940701622515916,22975348736.0,
43860,2.4072418212890625,3.8058126266206306e-05,0.0909788385033607,480.17460107803345,1091869.4966850146,0.2108099870383739,22981640192.0,
43872,2.294887065887451,3.7911102364839414e-05,0.0896869674324989,479.5506310183555,1093290.1889559438,0.2083999570459127,22987931648.0,
43884,2.261976718902588,3.776435751303742e-05,0.1074710264801979,479.07474101521075,1094376.2112963365,0.1899711787700653,22994223104.0,
43896,2.356234550476074,3.761789175336327e-05,0.0921155214309692,480.18772108480334,1091839.6639038764,0.1816700678318739,23000514560.0,
43908,2.395128011703491,3.747170512829845e-05,0.0899179205298423,479.2247819714248,1094033.5719767977,0.204131007194519,23006806016.0,
43920,2.309140205383301,3.732579768024402e-05,0.0923065915703773,480.30692199245095,1091568.6949192882,0.1925299875438213,23013097472.0,
43932,2.378062009811402,3.71801694515197e-05,0.0888351798057556,479.9337501171976,1092417.4427657386,0.2057999372482299,23019388928.0,
43944,2.3459627628326416,3.703482048436413e-05,0.0892636775970459,500.1772809773683,1048204.3466178996,0.1708199270069599,23025680384.0,
43956,2.3735671043395996,3.688975082093526e-05,0.095689870417118,477.5632210075855,1097839.986282512,0.1736599951982498,23031971840.0,
43968,2.3453831672668457,3.674496050331e-05,0.1125560104846954,478.621891932562,1095411.6575885175,0.1851199194788932,23038263296.0,
43980,2.3916497230529785,3.660044957348385e-05,0.0895101502537727,477.5697919540107,1097824.880955804,0.1722900196909904,23044554752.0,
43992,2.4000000953674316,3.6456218073371736e-05,0.0917583629488945,480.5429899133742,1091032.4591240247,0.1664601732045412,23050846208.0,
44004,2.3855502605438232,3.631226604480742e-05,0.090199589729309,482.5612809509039,1086469.2645188444,0.1582000404596328,23057137664.0,
44016,2.3774845600128174,3.616859352954349e-05,0.0980191156268119,479.5879209414125,1093205.181170625,0.1949600409716367,23063429120.0,
44028,2.429979085922241,3.602520056925129e-05,0.0978268310427665,479.3602111749351,1093724.48479807,0.175700057297945,23069720576.0,
44040,2.374018907546997,3.588208720552166e-05,0.0952779799699783,478.1615701504052,1096466.200399764,0.2021398395299911,23076012032.0,
44052,2.3680453300476074,3.573925347986384e-05,0.0890460386872291,478.6497710738331,1095347.854912328,0.1790300011634826,23082303488.0,
44064,2.318882942199707,3.5596699433706024e-05,0.0937184691429138,480.5626110173762,1090987.9128758162,0.1630699262022972,23088594944.0,
44076,2.2463836669921875,3.545442510839547e-05,0.0886033251881599,479.1438907850534,1094218.271552999,0.1716888509690761,23094886400.0,
44088,2.3563361167907715,3.531243054519817e-05,0.0873017013072967,477.53310203552246,1097909.229255901,0.1662098802626133,23101177856.0,
44100,2.355976104736328,3.5170715785299065e-05,0.0873761177062988,479.3302009347826,1093792.9614648551,0.2004401758313179,23107469312.0,
44112,2.4008474349975586,3.502928086980173e-05,0.0963665023446083,486.533670919016,1077598.594583741,0.1708909403532743,23113760768.0,
44124,2.3921093940734863,3.4888125839729e-05,0.0933358296751976,477.9629809781909,1096921.7719058516,0.1779200974851846,23120052224.0,
44136,2.392573595046997,3.4747250736021915e-05,0.085025668144226,499.97359002009034,1048631.388667815,0.2539900597184896,23126343680.0,
44148,2.310410737991333,3.460665559954113e-05,0.0874933302402496,479.61204196326435,1093150.2008453691,0.2232298720628023,23132635136.0,
44160,2.2938599586486816,3.446634047106512e-05,0.0895719230175018,479.5251509640366,1093348.2820368698,0.2037999220192432,23138926592.0,
44172,2.395498514175415,3.432630539129189e-05,0.0953691527247428,479.3865119572729,1093664.479335057,0.1965309493243694,23145218048.0,
44184,2.363687038421631,3.418655040083796e-05,0.0998602211475372,478.151991032064,1096488.1665939612,0.1840100158005952,23151509504.0,
44196,2.372812271118164,3.404707554023878e-05,0.0894041880965232,478.23977191001177,1096286.9062647782,0.1988299190998077,23157800960.0,
44208,2.3146166801452637,3.390788084994833e-05,0.0921187922358512,479.094770969823,1094330.4577060884,0.2041799016296863,23164092416.0,
44220,2.335052967071533,3.376896637033922e-05,0.0955881923437118,477.85171191208065,1097177.193113129,0.1464697998017072,23170383872.0,
44232,2.4134409427642822,3.363033214170319e-05,0.0940112397074699,479.6150920446962,1093143.2490267437,0.1744399778544902,23176675328.0,
44244,2.3084285259246826,3.3491978204250425e-05,0.0880787819623947,480.8442511130124,1090348.899433503,0.194240128621459,23182966784.0,
44256,2.39941143989563,3.3353904598109944e-05,0.0883642509579658,478.2038019038737,1096369.367856657,0.1624110154807567,23189258240.0,
44268,2.350208282470703,3.321611136332903e-05,0.0921616926789283,478.456512093544,1095790.2897087026,0.1737799029797315,23195549696.0,
44280,2.320528507232666,3.3078598539874386e-05,0.0862375870347023,479.54415204003453,1093304.9600743123,0.1856100279837846,23201841152.0,
44292,2.365762710571289,3.294136616763077e-05,0.1079018339514732,479.1232810821384,1094265.3398429176,0.1818400342017412,23208132608.0,
44304,2.4227726459503174,3.280441428640191e-05,0.0938286259770393,477.0023019518703,1099130.9640532946,0.1886999234557151,23214424064.0,
44316,2.336585760116577,3.266774293591013e-05,0.090572714805603,480.8380119502544,1090363.0473670636,0.184900127351284,23220715520.0,
44328,2.408871650695801,3.253135215579606e-05,0.1018652766942977,492.262311046943,1065058.1777933491,0.1999498344957828,23227006976.0,
44340,2.3788557052612305,3.239524198561972e-05,0.0881471335887909,478.78256090916693,1095044.061346809,0.1947509590536356,23233298432.0,
44352,2.379560947418213,3.2259412464858753e-05,0.0885187610983848,479.23859115689993,1094002.0475695606,0.2392600290477275,23239589888.0,
44364,2.331479787826538,3.212386363291031e-05,0.0870115235447883,478.23371086269617,1096300.8004061978,0.1683998852968216,23245881344.0,
44376,2.3267807960510254,3.19885955290895e-05,0.0875701457262039,478.45311113633215,1095798.0788437333,0.2203199546784162,23252172800.0,
44388,2.323495864868164,3.1853608192630056e-05,0.0992166325449943,481.2474108766765,1089435.4715486525,0.2051498740911483,23258464256.0,
44400,2.2692811489105225,3.1718901662684874e-05,0.0862718373537063,478.86877111159265,1094846.9218048532,0.2747501712292433,23264755712.0,
44412,2.362630844116211,3.15844759783247e-05,0.0890964195132255,477.4694710504264,1098055.544465646,0.1850300468504429,23271047168.0,
44424,2.3516387939453125,3.1450331178539235e-05,0.0864995867013931,479.000112041831,1094546.7168371226,0.1941800583153963,23277338624.0,
44436,2.3724114894866943,3.1316467302236366e-05,0.0976361483335495,482.1271609980613,1087447.549967234,0.2251199912279844,23283630080.0,
44448,2.3602371215820312,3.1182884388242903e-05,0.0893725082278251,480.6898611132055,1090699.102298159,0.1763701438903808,23289921536.0,
44460,2.3233377933502197,3.104958247530387e-05,0.0980598554015159,478.4469208680094,1095812.2565588355,0.1967400312423706,23296212992.0,
44472,2.4058659076690674,3.091656160208301e-05,0.0889878571033477,482.9104121308774,1085683.776596452,0.1746600028127432,23302504448.0,
44484,2.412191867828369,3.0783821807162435e-05,0.0953916311264038,485.6491410173476,1079561.2628938474,0.2010299358516931,23308795904.0,
44496,2.39028263092041,3.065136312904249e-05,0.0907770991325378,489.26840093918145,1071575.4358826284,0.1995901111513376,23315087360.0,
44508,2.3329882621765137,3.051918560614242e-05,0.0965347811579704,493.8763910904526,1061577.3692733117,0.3162000793963671,23321378816.0,
44520,2.350029468536377,3.038728927679968e-05,0.0887053683400154,481.9998610764742,1087734.7533442886,0.2306899987161159,23327670272.0,
44532,2.378927230834961,3.025567417927022e-05,0.0874241143465042,479.2546611279249,1093965.3643974776,0.3827898763120174,23333961728.0,
44544,2.3755674362182617,3.0124340351728285e-05,0.0968549251556396,506.24509900808334,1035640.6432916964,0.1611500047147274,23340253184.0,
44556,2.3169431686401367,2.999328783226696e-05,0.0990888550877571,483.5734709631651,1084195.1254185657,0.1744399778544902,23346544640.0,
44568,2.2698774337768555,2.9862516658897166e-05,0.097497284412384,481.96885106153786,1087804.7385121551,0.1778700388967991,23352836096.0,
44580,2.3631324768066406,2.9732026869548456e-05,0.0948258861899375,489.86437101848423,1070271.7548327614,0.1719300635159015,23359127552.0,
44592,2.3241524696350098,2.960181850206911e-05,0.0935938730835914,479.76702102459967,1092797.080717054,0.1745498739182949,23365419008.0,
44604,2.3522162437438965,2.9471891594225143e-05,0.0866771414875984,479.28083105944097,1093905.6311538091,0.2411198802292347,23371710464.0,
44616,2.33628511428833,2.9342246183701627e-05,0.0958405956625938,497.4993199575693,1053846.6666541686,0.1805000938475132,23378001920.0,
44628,2.315572738647461,2.9212882308101265e-05,0.0894000232219696,481.05448205024,1089872.3940072234,0.1922601368278265,23384293376.0,
44640,2.307689905166626,2.9083800004945704e-05,0.091850958764553,492.4198209773749,1064717.4984942153,0.1699291169643402,23390584832.0,
44652,2.4182040691375732,2.8954999311674555e-05,0.09506406635046,479.8591819126159,1092587.20008295,0.2157499548047781,23396876288.0,
44664,2.3475468158721924,2.882648026564605e-05,0.0932902172207832,480.75951100327075,1090541.0875926137,0.2046399749815464,23403167744.0,
44676,2.3831281661987305,2.869824290413636e-05,0.0879170000553131,477.5600719731301,1097847.2254470617,0.1701898872852325,23409459200.0,
44688,2.337562084197998,2.85702872643403e-05,0.0953309834003448,481.18247208185494,1089582.498156359,0.1743000466376543,23415750656.0,
44700,2.4642221927642822,2.844261338337073e-05,0.089255005121231,479.64160121046007,1093082.832425017,0.1988899894058704,23422042112.0,
44712,2.322031021118164,2.831522129825903e-05,0.0861763805150985,479.99700088985264,1092273.491351066,0.1856600865721702,23428333568.0,
44724,2.3582377433776855,2.8188111045954535e-05,0.0904289335012435,494.3657601252198,1060526.5216328918,0.1720001455396413,23434625024.0,
44736,2.401592254638672,2.8061282663325083e-05,0.096395120024681,478.5679110791534,1095535.216345261,0.1824400387704372,23440916480.0,
44748,2.3465042114257812,2.7934736187156697e-05,0.0868187248706817,480.7096810545772,1090654.1321360972,0.1940110232681036,23447207936.0,
44760,2.409852981567383,2.7808471654153568e-05,0.102912850677967,479.46377214975655,1093488.2476089203,0.1770111266523599,23453499392.0,
44772,2.361732244491577,2.768248910093818e-05,0.0912249535322189,1064.5357558969408,492503.88922657946,0.1906300894916057,23459790848.0,
44784,2.38210391998291,2.7556788564051194e-05,0.0853263288736343,480.04071204923093,1092174.0319938348,0.2174500841647386,23466082304.0,
44796,2.360137462615967,2.7431370079951556e-05,0.0849068462848663,480.8024321682751,1090443.7351442212,0.1977400388568639,23472373760.0,
44808,2.7026658058166504,2.730623368501628e-05,0.1510509699583053,480.2677519619465,1091657.7218816504,0.2331200521439314,23478665216.0,
44820,2.3249945640563965,2.718137941554044e-05,0.092566892504692,478.955201106146,1094649.350897867,0.1841799821704626,23484956672.0,
44832,2.367978572845459,2.705680730773774e-05,0.0948931351304054,480.1913208793849,1091831.478836102,0.1653600484132766,23491248128.0,
44844,2.3631463050842285,2.693251739773972e-05,0.0936185792088508,478.5929119680077,1095477.98742796,0.2131098881363868,23497539584.0,
44856,2.36178207397461,2.6808509721595876e-05,0.0936562418937683,479.34884089045227,1093750.4282394163,0.1921998336911201,23503831040.0,
44868,2.3197133541107178,2.6684784315274325e-05,0.0853753015398979,482.4585111346096,1086700.6963293464,0.2185911871492862,23510122496.0,
44880,2.3547492027282715,2.6561341214660915e-05,0.0902570188045501,479.29176106117666,1093880.6851993436,0.2253500279039144,23516413952.0,
44892,2.32857608795166,2.6438180455560017e-05,0.0960282310843467,479.6015110332519,1093174.2038728688,0.1951800659298896,23522705408.0,
44904,2.3091440200805664,2.631530207369348e-05,0.0868501961231231,479.54013105481863,1093314.1275303734,0.1994699705392122,23528996864.0,
44916,2.270205020904541,2.6192706104701814e-05,0.0909206867218017,479.57514110021293,1093234.3131823086,0.1842998899519443,23535288320.0,
44928,2.338977098464966,2.6070392584143453e-05,0.0909816399216651,479.23195199109614,1094017.2036144638,0.2026499714702367,23541579776.0,
44940,2.3182454109191895,2.5948361547494915e-05,0.0879982858896255,479.7018119134009,1092945.632014098,0.1993600744754076,23547871232.0,
44952,2.3609681129455566,2.582661303015066e-05,0.0882241427898407,480.73774203658104,1090590.4699284148,0.1427000388503074,23554162688.0,
44964,2.323593854904175,2.570514706742333e-05,0.0897323787212371,480.54362111724913,1091031.0260305745,0.1920091453939676,23560454144.0,
44976,2.363693952560425,2.558396369454363e-05,0.095221035182476,477.345960913226,1098339.659137301,0.1702499575912952,23566745600.0,
44988,2.409320592880249,2.546306294666023e-05,0.0862469971179962,478.0867611989379,1096637.770695008,0.1978399232029914,23573037056.0,
45000,2.364452838897705,2.534244485883985e-05,0.0922866687178611,480.25700100697577,1091682.159553536,0.1722800079733133,23579328512.0,
45012,2.328794002532959,2.5222109466067067e-05,0.0931766927242279,479.6245510224253,1093121.6904605168,0.179691007360816,23585619968.0,
45024,2.3619632720947266,2.5102056803244845e-05,0.1050777733325958,479.68923090957105,1092974.297142052,0.2057999372482299,23591911424.0,
45036,2.324399471282959,2.5002228916951257e-05,0.0988658592104911,479.90739112719893,1092477.4439680134,0.2040199469774961,23597154304.0,
45048,2.3081159591674805,2.4882694682749615e-05,0.0911367088556289,478.76147204078734,1095092.2967237723,0.1755089033395052,23603445760.0,
45060,2.3710012435913086,2.476344327694424e-05,0.0962444543838501,479.5192719902843,1093361.6866406628,0.179970171302557,23609737216.0,
45072,2.399928569793701,2.4644474734123235e-05,0.096981480717659,478.0691219493747,1096678.2331855344,0.1874689478427171,23616028672.0,
45084,2.4368090629577637,2.4525789088793215e-05,0.0948023498058319,479.24538189545274,1093986.5459452113,0.181599985808134,23622320128.0,
45096,2.376917600631714,2.4407386375378203e-05,0.1013364642858505,498.4198899473995,1051900.236275343,0.1666101161390543,23628611584.0,
45108,2.3854126930236816,2.4289266628220507e-05,0.0907589495182037,481.096071889624,1089778.176613933,0.1833299174904823,23634903040.0,
45120,2.345357656478882,2.4171429881580053e-05,0.0903227850794792,479.4474821537733,1093525.400623222,0.1902601215988397,23641194496.0,
45132,2.389859676361084,2.405387616963517e-05,0.0944267585873603,478.5036009270698,1095682.4546026946,0.1912598963826894,23647485952.0,
45144,2.248939037322998,2.393660552648147e-05,0.0890876278281211,478.28656202182174,1096179.658035384,0.2079198602586984,23653777408.0,
45156,2.352199077606201,2.3819617986132747e-05,0.0965783521533012,479.4572019018233,1093503.2322391863,0.2183099277317524,23660068864.0,
45168,2.3625707626342773,2.370291358252108e-05,0.0987949073314666,478.9711020421237,1094613.0106068295,0.1944999676197767,23666360320.0,
45180,2.322636604309082,2.3586492349495613e-05,0.1039181873202323,477.4971210863441,1097991.9602597873,0.178090063855052,23672651776.0,
45192,2.4719996452331543,2.347035432082434e-05,0.0892670899629592,476.9550608471036,1099239.82999327,0.1746700145304203,23678943232.0,
45204,2.3263161182403564,2.3354499530191974e-05,0.0895763039588928,478.853021049872,1094882.9326596144,0.1947800628840923,23685234688.0,
45216,2.3963754177093506,2.3238928011202087e-05,0.093509092926979,478.84300095029175,1094905.8437933102,0.1920098438858986,23691526144.0,
45228,2.3611605167388916,2.312363979737553e-05,0.0907449796795845,478.0846908688545,1096642.5196489291,0.1763501204550266,23697817600.0,
45240,2.210212230682373,2.3008634922151107e-05,0.0883123874664306,479.95160100981593,1092376.8123637894,0.1858901232481002,23704109056.0,
45252,2.272214889526367,2.2893913418885585e-05,0.0915877595543861,479.2065510991961,1094075.193248917,0.1934198662638664,23710400512.0,
45264,2.3585050106048584,2.277947532085334e-05,0.0958812683820724,479.4378108344972,1093547.4594451317,0.2054900396615266,23716691968.0,
45276,2.429474115371704,2.2665320661246603e-05,0.1006497666239738,479.2225209530443,1094038.7337334077,0.2176901325583458,23722983424.0,
45288,2.337366819381714,2.2551449473175555e-05,0.0925341546535492,479.12891185842454,1094252.479914882,0.2185599878430366,23729274880.0,
45300,2.3544251918792725,2.243786178966789e-05,0.0888333693146705,480.2408420946449,1091718.891948541,0.1849101390689611,23735566336.0,
45312,2.369433879852295,2.232455764366914e-05,0.0884858965873718,477.46831085532904,1098058.212618967,0.1744600012898445,23741857792.0,
45324,2.3153562545776367,2.2211537068042797e-05,0.106297880411148,481.5085008740425,1088844.7432356924,0.1808099914342165,23748149248.0,
45336,2.3720881938934326,2.209880009556997e-05,0.087857186794281,479.1491611395031,1094206.2358058784,0.2212899271398782,23754440704.0,
45348,2.4030981063842773,2.1986346758949506e-05,0.1039102226495742,481.97624203749,1087788.0573192628,0.1860999036580324,23760732160.0,
45360,2.300342082977295,2.1874177090797865e-05,0.0925567224621772,479.03661197051406,1094463.3184577369,0.2346900291740894,23767023616.0,
45372,2.3013479709625244,2.176229112364947e-05,0.0855728387832641,480.3302008658647,1091515.7927919065,0.1590000465512275,23773315072.0,
45384,2.200813055038452,2.1650688889956586e-05,0.097915343940258,480.34062213264406,1091492.1117273734,0.1623597927391529,23779606528.0,
45396,2.3407020568847656,2.1539370422088312e-05,0.0921831205487251,480.49911111593246,1091132.0913422094,0.2017098013311624,23785897984.0,
45408,2.3946962356567383,2.1428335752332717e-05,0.0853107944130897,480.0528110936284,1092146.505309692,0.2840999513864517,23792189440.0,
45420,2.3781352043151855,2.1317584912894377e-05,0.0935334488749504,480.1395619288087,1091949.1780553116,0.2058688551187515,23798480896.0,
45432,2.38211989402771,2.1207117935896585e-05,0.0852502882480621,479.34394096955657,1093761.6087094713,0.1984098926186561,23804772352.0,
45444,2.3636932373046875,2.109693485337938e-05,0.0976992398500442,479.924090905115,1092439.4293506222,0.1892000436782837,23811063808.0,
45456,2.366986036300659,2.0987035697301093e-05,0.0831322744488716,479.03622197918594,1094464.2094784644,0.2126400358974933,23817355264.0,
45468,2.4219415187835693,2.0877420499537338e-05,0.0874457284808158,478.3005719073117,1096147.5498749772,0.1861900091171264,23823646720.0,
45480,2.381826877593994,2.0768089291881677e-05,0.0927840024232864,481.1679911799729,1089615.2894839982,0.2349698916077613,23829938176.0,
45492,2.3591814041137695,2.0659042106045077e-05,0.0919082313776016,481.6441419534385,1088538.1017479163,0.1567001454532146,23836229632.0,
45504,2.3227953910827637,2.0550278973656023e-05,0.0932613685727119,482.01355105265975,1087703.8598915278,0.1768700312823057,23842521088.0,
45516,2.401399850845337,2.044179992626094e-05,0.0897857919335365,480.9646811336279,1090075.8840841693,0.2070399932563305,23848812544.0,
45528,2.367873191833496,2.0333604995323773e-05,0.0937102884054184,482.8596410807222,1085797.9325556264,0.2429899759590625,23855104000.0,
45540,2.286151647567749,2.022569421222564e-05,0.0909183472394943,480.76244117692113,1090534.4409112472,0.2183499746024608,23861395456.0,
45552,2.389833927154541,2.0118067608265956e-05,0.0861851647496223,479.82663102447987,1092661.319945061,0.1927099656313657,23867686912.0,
45564,2.2463865280151367,2.0010725214661184e-05,0.0935187935829162,480.86202214472,1090308.603831081,0.1633698120713234,23873978368.0,
45576,2.4066803455352783,1.990366706254554e-05,0.0867744237184524,479.12517096847296,1094261.023565591,0.2245400100946426,23880269824.0,
45588,2.420309543609619,1.979689318297051e-05,0.0903695821762085,479.3955211061984,1093643.9263975867,0.2015999052673578,23886561280.0,
45600,2.334807872772217,1.969040360690577e-05,0.1040897890925407,480.8812718838454,1090264.9586375228,0.1866598613560199,23892852736.0,
45612,2.383755683898926,1.958419836523784e-05,0.0912608727812767,502.98137008212507,1042360.6741426548,0.3069699741899967,23899144192.0,
45624,2.3478307723999023,1.947827748877118e-05,0.0943609401583671,478.29760098829865,1096154.35853467,0.1738099381327629,23905435648.0,
45636,2.358595609664917,1.9372641008227777e-05,0.1099892929196357,478.47522096708417,1095747.4431806938,0.1785890199244022,23911727104.0,
45648,2.378546953201294,1.9267288954246788e-05,0.0932239443063736,1085.5442751199007,482972.47013908415,0.2270601689815521,23918018560.0,
45660,2.338871717453003,1.9162221357385435e-05,0.0854341685771942,479.18558097444475,1094123.0721797545,0.1711600925773382,23924310016.0,
45672,2.3894753456115723,1.9057438248117677e-05,0.0948101133108139,479.5742309652269,1093236.3879201326,0.2106300089508295,23930601472.0,
45684,2.3368453979492188,1.895293965683564e-05,0.1004864871501922,479.4101510196924,1093610.55222726,0.2274399157613515,23936892928.0,
45696,2.370108127593994,1.884872561384865e-05,0.0885489359498024,478.8836210500449,1094812.9711565354,0.1691300421953201,23943184384.0,
45708,2.3749701976776123,1.8744796149383625e-05,0.0935365706682205,483.6071007885039,1084119.7309658343,0.1782998442649841,23949475840.0,
45720,2.3582615852355957,1.864115129358468e-05,0.0873745679855346,479.4560500886291,1093505.8591983218,0.2298199106007814,23955767296.0,
45732,2.330078125,1.853779107651343e-05,0.0896538347005844,480.42762093245983,1091294.4575967796,0.1691400539129972,23962058752.0,
45744,2.3053951263427734,1.8434715528149348e-05,0.0946505218744278,500.6104700732976,1047297.3126655454,0.184959964826703,23968350208.0,
45756,2.395003318786621,1.8331924678388845e-05,0.1058059334754943,478.26539096422493,1096228.1818949715,0.1866400707513094,23974641664.0,
45768,2.290731430053711,1.8229418557045964e-05,0.0864887088537216,477.973670931533,1096897.2390847472,0.1860798802226781,23980933120.0,
45780,2.3423104286193848,1.812719719385214e-05,0.0896212309598922,479.50356104411185,1093397.5106636763,0.1919399946928024,23987224576.0,
45792,2.3616702556610107,1.8025260618456328e-05,0.093467392027378,480.3442610427737,1091483.8429875884,0.1932301092892885,23993516032.0,
45804,2.3084349632263184,1.7923608860424658e-05,0.0903065800666809,477.5588719639927,1097849.9841157398,0.1724599860608577,23999807488.0,
45816,2.2529544830322266,1.7822241949240648e-05,0.0880108103156089,509.95762017555535,1028101.1191077238,0.1764800399541854,24006098944.0,
45828,2.3669142723083496,1.7721159914305673e-05,0.0872887969017028,479.49425084516406,1093418.7408417969,0.2560000866651535,24012390400.0,
45840,2.346219062805176,1.7620362784937837e-05,0.0911553800106048,478.99559210054576,1094557.0452972914,0.2077100798487663,24018681856.0,
45852,2.3631415367126465,1.7519850590372977e-05,0.0953745767474174,479.3461519293487,1093756.563789575,0.1805699430406093,24024973312.0,
45864,2.453453302383423,1.7419623359764103e-05,0.0963995307683944,478.8049010094255,1094992.9687325384,0.2072399947792291,24031264768.0,
45876,2.359846353530884,1.731968112218185e-05,0.0915034711360931,480.0022109411657,1092261.635570388,0.1838400494307279,24037556224.0,
45888,2.3760037422180176,1.7220023906613923e-05,0.0881230384111404,478.6610018927604,1095322.1547751282,0.2103098668158054,24043847680.0,
45900,2.411522388458252,1.712065174196542e-05,0.1019481420516967,478.72075205668807,1095185.4452675076,0.2040299586951732,24050139136.0,
45912,2.3593101501464844,1.7021564657058952e-05,0.0934540256857872,479.43063103593886,1093563.8360593163,0.2117201220244169,24056430592.0,
45924,2.3812942504882812,1.6922762680634086e-05,0.0940117314457893,477.7104009408504,1097501.7478527054,0.1783601474016904,24062722048.0,
45936,2.427001714706421,1.6824245841348008e-05,0.1116943731904029,478.1798110343516,1096424.37405693,0.185410026460886,24069013504.0,
45948,2.4154834747314453,1.672601416777497e-05,0.0981339886784553,478.53515087626874,1095610.2159683588,0.1660198904573917,24075304960.0,
45960,2.352757692337036,1.6628067688406747e-05,0.0981755256652832,482.07033099606633,1087575.7462955716,0.1884899102151394,24081596416.0,
45972,2.327750444412231,1.6530406431652266e-05,0.0950176045298576,480.1974401343614,1091817.5654024766,0.2006900031119585,24087887872.0,
45984,2.4018216133117676,1.6433030425837658e-05,0.0890529751777648,478.3812109380961,1095962.7761547775,0.1844500657171011,24094179328.0,
45996,2.3025999069213867,1.6335939699206437e-05,0.0879429131746292,488.5372309945524,1073179.2107894565,0.1756700221449136,24100470784.0,
46008,2.3806097507476807,1.6239134279919298e-05,0.1246624812483787,478.76687115058303,1095079.9472403335,0.1952599268406629,24106762240.0,
46020,2.4093546867370605,1.614261419605434e-05,0.1003019511699676,481.8020910024643,1088181.246596787,0.2233290579169988,24113053696.0,
46032,2.348129987716675,1.604637947560672e-05,0.0925128161907196,481.9826108869165,1087773.6834431342,0.189600046724081,24119345152.0,
46044,2.329049825668335,1.5950430146488783e-05,0.0896342247724533,477.6311509776861,1097683.8485655924,0.1965400297194719,24125636608.0,
46056,2.342737197875977,1.585476623653026e-05,0.0919082909822464,479.48550106957555,1093438.6938301255,0.1941700465977192,24131928064.0,
46068,2.7393927574157715,1.5759387773478183e-05,0.0929078757762909,479.55244104377925,1093286.0624353213,0.2224999479949474,24138219520.0,
46080,2.4301695823669434,1.5664294784996426e-05,0.0983849540352821,477.3740319069475,1098275.0735427462,0.2016299404203891,24144510976.0,
46092,2.3356916904449463,1.5569487298666363e-05,0.0854229480028152,482.5648721307516,1086461.1791675205,0.2075289376080036,24150802432.0,
46104,2.408034324645996,1.547496534198656e-05,0.0872670039534568,478.30450208857656,1096138.542937879,0.2032299526035785,24157093888.0,
46116,2.289933204650879,1.5380728942372523e-05,0.0873982533812522,477.7102118823678,1097502.1821997426,0.1950599253177642,24163385344.0,
46128,2.333336114883423,1.5286778127157396e-05,0.0918892323970794,482.26059204898775,1087146.676804857,0.1951500307768583,24169676800.0,
46140,2.388078451156616,1.5193112923590824e-05,0.1064984500408172,478.1542210839689,1096483.0527093257,0.1929500140249729,24175968256.0,
46152,2.3408801555633545,1.5099733358840184e-05,0.093498021364212,481.9651909638196,1087812.9994233495,0.1819899771362543,24182259712.0,
46164,2.404879570007324,1.5006639459989702e-05,0.0909862965345382,479.9820620100945,1092307.4870847438,0.1854200381785631,24188551168.0,
46176,2.2917463779449463,1.4913831254041e-05,0.0993278324604034,504.79605002328753,1038613.515251978,0.1902999356389045,24194842624.0,
46188,2.3216280937194824,1.4821308767912657e-05,0.0853392630815506,478.7986618466675,1095007.23744274,0.2146901097148656,24201134080.0,
46200,2.324920415878296,1.4729072028440093e-05,0.085573986172676,478.9888910017907,1094572.3582512897,0.240040011703968,24207425536.0,
46212,2.4145545959472656,1.463712106237669e-05,0.0841917917132377,478.17473113536835,1096436.0219435713,0.1634000800549984,24213716992.0,
46224,2.26979923248291,1.454545589639189e-05,0.1115855798125267,477.75121103040874,1097407.997918459,0.1954601611942052,24220008448.0,
46236,2.335216522216797,1.4454076557073204e-05,0.0900502726435661,480.9327020775527,1090148.3674018409,0.1863599754869938,24226299904.0,
46248,2.364304542541504,1.436298307092443e-05,0.092842012643814,478.3396509010345,1096057.9977269582,0.2016099169850349,24232591360.0,
46260,2.342075824737549,1.4272175464366987e-05,0.0956691280007362,478.0684020370245,1096679.8846483813,0.1931400038301944,24238882816.0,
46272,2.3691465854644775,1.4181653763739366e-05,0.0952863097190857,478.2442201394588,1096276.7095169798,0.1907299738377332,24245174272.0,
46284,2.3509745597839355,1.4091417995296671e-05,0.0997984185814857,479.4793620239943,1093452.6937444354,0.1885700039565563,24251465728.0,
46296,2.414564371109009,1.400146818521153e-05,0.0959172993898391,480.2911509759724,1091604.5380695108,0.1809101086109876,24257757184.0,
46308,2.357276439666748,1.391180435957362e-05,0.0905100330710411,479.0240819565952,1094491.9467483186,0.1904701348394155,24264048640.0,
46320,2.3004724979400635,1.3822426544389366e-05,0.1013226807117462,477.4150019511581,1098180.823512616,0.1836798619478941,24270340096.0,
46332,2.3303256034851074,1.373333476558236e-05,0.0916977524757385,478.0115419998765,1096810.3360151406,0.2033200580626726,24276631552.0,
46344,2.320474147796631,1.3644529048993382e-05,0.0877345949411392,479.75242091342807,1092830.3373681328,0.2004799898713827,24282923008.0,
46356,2.3763890266418457,1.3556009420380156e-05,0.0888188853859901,477.5260509923101,1097925.4407388195,0.2202899195253849,24289214464.0,
46368,2.3465514183044434,1.3467775905417368e-05,0.095272421836853,479.012040887028,1094519.45932117,0.2266201190650463,24295505920.0,
46380,2.293766498565674,1.3379828529696546e-05,0.0937042310833931,479.0343919303268,1094468.390645854,0.1953300088644027,24301797376.0,
46392,2.413404941558838,1.3292167318726734e-05,0.1035413220524787,479.1651300620288,1094169.7696828025,0.1960399094969034,24308088832.0,
46404,2.3229198455810547,1.3204792297933588e-05,0.0925423502922058,477.1106210537255,1098881.426789621,0.2079401165246963,24314380288.0,
46416,2.2927937507629395,1.3117703492659729e-05,0.0886564403772354,504.6971298288554,1038817.0825892906,0.1602000556886196,24320671744.0,
46428,2.367690086364746,1.3030900928165055e-05,0.0971603021025657,513.5705689899623,1020868.4680493192,0.1790800597518682,24326963200.0,
46440,2.4156594276428223,1.2944384629626104e-05,0.0915803834795951,479.17632083408535,1094144.2162404652,0.1792199909687042,24333254656.0,
46452,2.40073561668396,1.2858154622136686e-05,0.0906513184309005,481.6882109735161,1088438.5128305042,0.1587711740285158,24339546112.0,
46464,2.3895223140716553,1.277221093070713e-05,0.0928469747304916,477.7827800717205,1097335.4877320998,0.1878801267594099,24345837568.0,
46476,2.433528184890747,1.268655358026538e-05,0.0957840085029602,479.0910519659519,1094338.9525823584,0.1723298337310552,24352129024.0,
46488,2.36810302734375,1.260118259565568e-05,0.0928203463554382,478.1679909210652,1096451.477210126,0.1757398713380098,24358420480.0,
46500,2.3633832931518555,1.2516098001639776e-05,0.0866459906101226,478.4880708903074,1095718.0165943827,0.187259865924716,24364711936.0,
46512,2.4239344596862793,1.2431299822895816e-05,0.0974033251404762,478.69569109752774,1095242.7810618903,0.2174400724470615,24371003392.0,
46524,2.3579797744750977,1.2346788084019232e-05,0.0912226662039756,479.46022101677954,1093496.3465543718,0.1689300406724214,24377294848.0,
46536,2.3043806552886963,1.2262562809522426e-05,0.0851851105690002,481.264301110059,1089397.237216026,0.2561998553574085,24383586304.0,
46548,2.3816237449645996,1.2178624023834295e-05,0.0851228237152099,478.9303420111537,1094706.169165181,0.2380798105150461,24389877760.0,
46560,2.4136924743652344,1.2094971751301142e-05,0.0907837375998497,480.0862311385572,1092070.4781651732,0.1905898097902536,24396169216.0,
46572,2.355045795440674,1.2011606016185671e-05,0.1006605476140976,479.6957611106336,1092959.4182490222,0.2059000544250011,24402460672.0,
46584,2.296407699584961,1.1928526842667984e-05,0.0888754725456237,479.8541320487857,1092598.698195011,0.3245510160923004,24408752128.0,
46596,2.3360347747802734,1.1845734254844698e-05,0.0902629718184471,480.034781852737,1092187.5243632633,0.1843890640884637,24415043584.0,
46608,2.330662250518799,1.1763228276729377e-05,0.0948234349489212,479.55524106509984,1093279.6789699306,0.2099601551890373,24421335040.0,
46620,2.2958083152770996,1.1681008932252768e-05,0.0930787250399589,497.5256009493023,1053790.9988945972,0.2330399584025144,24427626496.0,
46632,2.348874092102051,1.1599076245261908e-05,0.107178010046482,480.39811104536057,1091361.4936143977,0.1779398880898952,24433917952.0,
46644,2.355983257293701,1.1517430239521232e-05,0.0892431810498237,478.60095114447176,1095459.5864180324,0.1934799365699291,24440209408.0,
46656,2.3383147716522217,1.1436070938711684e-05,0.102375216782093,477.70173102617264,1097521.666655369,0.1963088288903236,24446500864.0,
46668,2.316437244415283,1.1354998366431168e-05,0.0910365805029869,477.4831810500473,1098024.015939206,0.2065799199044704,24452792320.0,
46680,2.32845401763916,1.127421254619443e-05,0.1032015681266784,481.3696909695864,1089158.7273473046,0.1940999645739793,24459083776.0,
46692,2.3502206802368164,1.1193713501433056e-05,0.0873147845268249,479.2451018001884,1093987.1853267085,0.1735300756990909,24465375232.0,
46704,2.344306707382202,1.1113501255495483e-05,0.0947795957326889,486.8300699163228,1076942.5152602333,0.1713798847049474,24471666688.0,
46716,2.3502705097198486,1.1033575831646769e-05,0.0887826830148696,479.6684621833265,1093021.6208369776,0.1724599860608577,24477958144.0,
46728,2.335296630859375,1.0953937253069036e-05,0.0885547697544097,479.0338920429349,1094469.5327590914,0.1986699644476175,24484249600.0,
46740,2.265141010284424,1.0874585542861029e-05,0.1017485707998275,477.2697209846229,1098515.10990133,0.1711000222712755,24490541056.0,
46752,2.351609706878662,1.0795520724038444e-05,0.0879065170884132,479.3605711311102,1093723.6635104928,0.1806099899113178,24496832512.0,
46764,2.358649253845215,1.071674281953361e-05,0.0860855653882026,479.7592209652066,1092814.8477171692,0.1787198707461357,24503123968.0,
46776,2.358705997467041,1.0638251852195802e-05,0.0825317874550819,482.43800993077457,1086746.8756767954,0.192220089957118,24509415424.0,
46788,2.381810188293457,1.056004784479081e-05,0.0875342711806297,486.8277912028134,1076947.5561463593,0.1839199103415012,24515706880.0,
46800,2.2712321281433105,1.048213082000138e-05,0.0901060849428176,478.3310010097921,1096077.8182747706,0.1816400326788425,24521998336.0,
46812,2.297736644744873,1.0404500800427207e-05,0.0938117802143096,478.72774209827185,1095169.4541495272,0.1779999583959579,24528289792.0,
46824,2.3773341178894043,1.0327157808584286e-05,0.0903948470950126,484.7190920263529,1081632.6582232,0.1793599221855402,24534581248.0,
46836,2.30159330368042,1.025010186690567e-05,0.0953840836882591,477.8623708989471,1097152.7199635278,0.1765999477356672,24540872704.0,
46848,2.29464340209961,1.0173332997741148e-05,0.0998070016503334,480.31465196982026,1091551.127682323,0.1670299097895622,24547164160.0,
46860,2.356621742248535,1.0096851223357127e-05,0.102138876914978,479.6468310523778,1093070.9139674215,0.1869508996605873,24553455616.0,
46872,2.2809720039367676,1.002065656593687e-05,0.0917101353406906,480.4229009896517,1091305.179082821,0.1746690832078457,24559747072.0,
46884,2.284152030944824,9.944749047580137e-06,0.0991617143154144,479.2023610789329,1094084.7595566015,0.1754600089043378,24566038528.0,
46896,2.3823142051696777,9.869128690303764e-06,0.0853522568941116,479.5891810208559,1093202.308867765,0.1691088546067476,24572329984.0,
46908,2.3535172939300537,9.793795516041092e-06,0.0838755369186401,482.87500091828406,1085763.3942593026,0.1887299586087465,24578621440.0,
46920,2.4097113609313965,9.71874954664198e-06,0.0882545709609985,480.0877410452813,1092067.0435335066,0.2020399551838636,24584912896.0,
46932,2.3364789485931396,9.643990803873238e-06,0.0892478749155998,478.2802208792418,1096194.1914223009,0.1796199940145015,24591204352.0,
46944,2.3704442977905273,9.569519309418516e-06,0.090554378926754,478.311400860548,1096122.73313313,0.1961509697139263,24597495808.0,
46956,2.3823082447052,9.495335084877654e-06,0.0948619991540908,479.05054083094,1094431.4958722163,0.2047000452876091,24603787264.0,
46968,2.35208511352539,9.421438151767548e-06,0.0842250287532806,481.5386109985411,1088776.658870224,0.1689798664301633,24610078720.0,
46980,2.38314437866211,9.347828531521718e-06,0.0872816443443298,478.0079908668995,1096818.484245773,0.1910501159727573,24616370176.0,
46992,2.2489993572235107,9.2745062454902e-06,0.0985783860087394,478.9893019478768,1094571.4191693002,0.1661800779402256,24622661632.0,
47004,2.383805513381958,9.20147131493998e-06,0.1021275222301483,478.9825319312513,1094586.8900188855,0.1830300316214561,24628953088.0,
47016,2.357532501220703,9.128723761054337e-06,0.090160347521305,478.9332509972155,1094699.520044492,0.1876000314950943,24635244544.0,
47028,2.310983419418335,9.0562636049335e-06,0.0919850170612335,478.0182810500264,1096794.873301365,0.1546500716358423,24641536000.0,
47040,2.323638677597046,8.984090867594108e-06,0.0887498632073402,480.7071120012551,1090659.9609423524,0.1802300103008747,24647827456.0,
47052,2.317833662033081,8.912205569969634e-06,0.0880679115653038,478.8777509238571,1094826.3914715955,0.1732099335640669,24654118912.0,
47064,2.360126495361328,8.840607732909956e-06,0.0857715830206871,480.1299008540809,1091971.150031207,0.1920701470226049,24660410368.0,
47076,2.389237880706787,8.769297377181795e-06,0.0861575528979301,479.5551609713584,1093279.8615659424,0.168809900060296,24666701824.0,
47088,2.2799439430236816,8.698274523468386e-06,0.0887578576803207,477.2486421279609,1098563.628515106,0.2082202117890119,24672993280.0,
47100,2.3163199424743652,8.627539192369582e-06,0.0921664014458656,479.0955819189549,1094328.605369377,0.156529014930129,24679284736.0,
47112,2.3103861808776855,8.557091404401973e-06,0.0894606411457061,479.3347110971808,1093782.6697338957,0.1993700861930847,24685576192.0,
47124,2.375715732574463,8.486931179998325e-06,0.0967862978577613,477.83692204393446,1097211.1526195428,0.1546500716358423,24691867648.0,
47136,2.3327620029449463,8.417058539508582e-06,0.0879875272512435,477.8340510092676,1097217.7451410457,0.1845799852162599,24698159104.0,
47148,2.3739547729492188,8.347473503198866e-06,0.0872368440032005,477.20513097010553,1098663.794612141,0.1685800962150097,24704450560.0,
47160,2.362926483154297,8.278176091252033e-06,0.0949790477752685,478.68548100814223,1095266.1419682417,0.1934198662638664,24710742016.0,
47172,2.357759952545166,8.209166323767447e-06,0.0903102830052375,478.6769109778106,1095285.7511531482,0.1708399504423141,24717033472.0,
47184,2.399003505706787,8.1404442207611e-06,0.1001595929265022,479.59223203361034,1093195.354263489,0.1713600941002369,24723324928.0,
47196,2.309091806411743,8.072009802165603e-06,0.094059869647026,479.6987818554044,1092952.5356977792,0.1837702002376318,24729616384.0,
47208,2.3171863555908203,8.003863087829966e-06,0.0977989733219146,478.88603108003736,1094807.461427862,0.1718101557344198,24735907840.0,
47220,2.3781986236572266,7.936004097519822e-06,0.0883291959762573,479.1299810167402,1094250.038136691,0.1745799090713262,24742199296.0,
47232,2.322129011154175,7.868432850917428e-06,0.0862295553088188,478.7660608999431,1095081.8005238064,0.1925700344145298,24748490752.0,
47244,2.42281723022461,7.80114936762144e-06,0.0949258133769035,479.2621610686183,1093948.2450085082,0.3290700260549783,24754782208.0,
47256,2.4003076553344727,7.734153667147248e-06,0.0952128916978836,484.9423619452864,1081134.6690705332,0.2000699751079082,24761073664.0,
47268,2.294989585876465,7.66744576892664e-06,0.0861749500036239,478.72877097688615,1095167.10042337,0.1883399672806263,24767365120.0,
47280,2.355099678039551,7.601025692307917e-06,0.0974409878253936,479.77412096224725,1092780.9089587296,0.1690599601715803,24773656576.0,
47292,2.359180450439453,7.53489345655578e-06,0.0928271263837814,478.55318104848266,1095568.937294106,0.1687000039964914,24779948032.0,
47304,2.3592333793640137,7.469049080851776e-06,0.1019390448927879,480.00591108575463,1092253.2158282823,0.1804700586944818,24786239488.0,
47316,2.3529813289642334,7.403492584293625e-06,0.0956242978572845,479.1045319288969,1094308.1625406304,0.1831499394029379,24792530944.0,
47328,2.394597053527832,7.338223985895787e-06,0.0976812541484832,478.7745410576463,1095062.4041992945,0.2224601339548826,24798822400.0,
47340,2.3438541889190674,7.273243304589228e-06,0.0882972925901413,477.3108020890504,1098420.56309085,0.1793110277503729,24805113856.0,
47352,2.2645814418792725,7.208550559221094e-06,0.0997246652841568,477.4390410166234,1098125.5300857257,0.1901700161397457,24811405312.0,
47364,2.4217419624328613,7.1441457685553766e-06,0.0940834805369377,478.299031034112,1096151.081189642,0.1698199193924665,24817696768.0,
47376,2.380211353302002,7.080028951272244e-06,0.0956214517354965,479.0733710397035,1094379.3408140594,0.1942799426615238,24823988224.0,
47388,2.2916414737701416,7.016200125968708e-06,0.0960585325956344,516.6970680002123,1014691.2619983834,0.1857108436524868,24830279680.0,
47400,2.376059055328369,6.9526593111578495e-06,0.0921991020441055,478.17945084534585,1096425.1999393564,0.1783401239663362,24836571136.0,
47412,2.3701963424682617,6.889406525269481e-06,0.0897632986307144,479.3097919318825,1093839.5351508062,0.1858300529420375,24842862592.0,
47424,2.299686908721924,6.826441786649707e-06,0.1009105071425437,479.3221708387137,1093811.2858051308,0.1754290424287319,24849154048.0,
47436,2.289114475250244,6.763765113561249e-06,0.1316539049148559,478.0509911943227,1096719.8262473268,0.1639800611883402,24855445504.0,
47448,2.358072280883789,6.7013765241832334e-06,0.0855999886989593,478.1130310148001,1096577.516172678,0.1825201325118541,24861736960.0,
47460,2.3518528938293457,6.639276036610964e-06,0.0849942341446876,489.01880090124905,1072122.37859516,0.1715100370347499,24868028416.0,
47472,2.3882575035095215,6.577463668856809e-06,0.091104507446289,497.2404208965599,1054395.3748866017,0.1699600834399461,24874319872.0,
47484,2.4009432792663574,6.515939438848762e-06,0.0839594081044197,477.7623019181192,1097382.5224281815,0.155220041051507,24880611328.0,
47496,2.2861409187316895,6.454703364431879e-06,0.0822192430496215,480.40546104311943,1091344.796251061,0.1655297819525003,24886902784.0,
47508,2.483317613601685,6.39375546336729e-06,0.0898783504962921,478.9308609906584,1094704.9829186646,0.191679922863841,24893194240.0,
47520,2.3486762046813965,6.3330957533327405e-06,0.0875983461737632,484.0213621500879,1083191.8609357283,0.1927800476551056,24899485696.0,
47532,2.3071892261505127,6.277744201977131e-06,0.0912839546799659,478.12779108062387,1096543.664226354,0.1889800187200307,24905252864.0,
47544,2.3236706256866455,6.217636907189905e-06,0.0895666182041168,491.8568008579314,1065936.262516854,0.1817401498556137,24911544320.0,
47556,2.3199474811553955,6.157817854515191e-06,0.0943690463900566,478.6673120688647,1095307.7153607097,0.2058099489659071,24917835776.0,
47568,2.418138027191162,6.098287061303109e-06,0.0941081941127777,503.3393588382751,1041619.318644334,0.1834500581026077,24924127232.0,
47580,2.377549648284912,6.039044544820405e-06,0.0892952755093574,480.0381718669086,1092179.81137,6.500029005110264,24930418688.0,
47592,2.3595595359802246,5.980090322249887e-06,0.103751853108406,479.8788810148835,1092542.349209444,0.1910999417304992,24936710144.0,
47604,2.3380730152130127,5.921424410691101e-06,0.0964394137263298,479.70841196365654,1092930.5947624715,0.1820600591599941,24943001600.0,
47616,2.42378568649292,5.863046827159879e-06,0.0860576629638671,478.0450810212642,1096733.3852279068,0.270739896222949,24949293056.0,
47628,2.3392441272735596,5.804957588588455e-06,0.0907309800386428,481.3868401106447,1089119.9266674898,0.2273500431329012,24955584512.0,
47640,2.3249340057373047,5.74715671182513e-06,0.0941710174083709,479.3554409407079,1093735.368834271,0.1811999827623367,24961875968.0,
47652,2.3943140506744385,5.689644213634826e-06,0.0964995771646499,481.3629609998315,1089173.954952848,0.2693398855626583,24968167424.0,
47664,2.3672690391540527,5.632420110698977e-06,0.0830485001206398,494.03032986447215,1061246.5840788125,0.1837799791246652,24974458880.0,
47676,2.376333713531494,5.575484419614863e-06,0.0881942510604858,479.8610210418701,1092583.012601587,0.1914100721478462,24980750336.0,
47688,2.391559362411499,5.518837156896828e-06,0.1144899353384971,501.7175499815494,1044986.3673680156,0.2783199306577444,24987041792.0,
47700,2.3446757793426514,5.46247833897473e-06,0.0904487520456314,479.0199100971222,1094501.4788502208,0.2027999144047498,24993333248.0,
47712,2.4077911376953125,5.4064079821954935e-06,0.0848833546042442,479.41939206793904,1093589.47233762,0.1796199940145015,24999624704.0,
47724,2.3650758266448975,5.350626102821998e-06,0.0978139340877533,479.5907810330391,1093198.661722986,0.1727701164782047,25005916160.0,
47736,2.284015417098999,5.295132717033524e-06,0.0938282087445259,479.9501209054142,1092380.1811132862,0.1873308792710304,25012207616.0,
47748,2.330840826034546,5.23992784092564e-06,0.0903250351548194,478.397331899032,1095925.8445669038,0.1866898965090513,25018499072.0,
47760,2.400178909301758,5.1850114905103165e-06,0.0849940925836563,479.0021809749305,1094541.9892095225,0.1999901141971349,25024790528.0,
47772,2.3124310970306396,5.1303836817157e-06,0.1023209244012832,479.20395084656775,1094081.1299109412,0.2039098180830478,25031081984.0,
47784,2.3088181018829346,5.076044430386451e-06,0.0982240363955497,495.7365698646754,1057593.9558849137,0.2526890020817518,25037373440.0,
47796,2.3944575786590576,5.021993752283405e-06,0.0939216092228889,479.5713019557297,1093243.0649246776,0.1931199803948402,25043664896.0,
47808,2.3258941173553467,4.968231663083689e-06,0.105279728770256,478.75649109482765,1095103.6899803702,0.2023098058998584,25049956352.0,
47820,2.3316686153411865,4.914758178380718e-06,0.0964961349964141,479.1009919717908,1094316.2481092708,0.1849799882620573,25056247808.0,
47832,2.3877053260803223,4.86157331368442e-06,0.0864549353718757,479.61005102843046,1093154.738679405,0.1828100066632032,25062539264.0,
47844,2.343513011932373,4.808677084420565e-06,0.0856744572520256,479.0785198565573,1094367.5791537869,0.2537299878895283,25068830720.0,
47856,2.3771798610687256,4.756069505931659e-06,0.0922102704644203,478.5693809390068,1095531.851559931,0.2082798164337873,25075122176.0,
47868,2.3881781101226807,4.703750593476163e-06,0.0932243093848228,479.61240191943944,1093149.380420035,0.17220014706254,25081413632.0,
47880,2.327676296234131,4.651720362229161e-06,0.0892541259527206,479.0858298074454,1094350.8811578131,0.1881401985883712,25087705088.0,
47892,2.368553638458252,4.59997882728147e-06,0.0936351045966148,494.80926990509033,1059575.9454962595,0.1923099625855684,25093996544.0,
47904,2.3515408039093018,4.548526003640752e-06,0.0839231461286544,479.77145086042583,1092786.9906801204,0.17955107614398,25100288000.0,
47916,2.389449119567871,4.497361906230512e-06,0.1032633483409881,478.79634192213416,1095012.5431101646,0.2002099063247442,25106579456.0,
47928,2.3281354904174805,4.446486549890771e-06,0.0873750671744346,478.7975419312715,1095009.7986828394,0.1705898903310299,25112870912.0,
47940,2.3045053482055664,4.3958999493776135e-06,0.0893972441554069,480.08050001226366,1092083.5151325811,0.1958399079740047,25119162368.0,
47952,2.3326237201690674,4.345602119363523e-06,0.0891803279519081,480.1817911211401,1091853.147483747,0.1765699125826358,25125453824.0,
47964,2.3496458530426025,4.295593074437165e-06,0.0871330723166465,492.4437708687037,1064665.716199681,0.1595800276845693,25131745280.0,
47976,2.325355529785156,4.245872829103381e-06,0.0867548957467079,477.9433910734951,1096966.73244589,0.1761000603437423,25138036736.0,
47988,2.4323344230651855,4.196441397783302e-06,0.0963334217667579,479.60431105457246,1093167.821713644,0.2165799960494041,25144328192.0,
48000,2.388514518737793,4.147298794814347e-06,0.0910073071718216,478.5776811186224,1095512.8512774245,0.1763689797371626,25150619648.0,
48012,2.286384105682373,4.098445034450005e-06,0.0857684016227722,477.05051116645336,1099019.889357302,0.1641900744289159,25156911104.0,
48024,2.3124513626098633,4.049880130860273e-06,0.0971283242106437,478.4229509532451,1095867.1588713918,0.1925898250192403,25163202560.0,
48036,2.360753297805786,4.0016040981309955e-06,0.1007559224963188,481.0680500231683,1089841.655405613,0.1731798984110355,25169494016.0,
48048,2.1980738639831543,3.953616950264638e-06,0.1045636683702468,476.9184810575098,1099324.1420157466,0.1753498800098896,25175785472.0,
48060,2.3719358444213867,3.90591870117929e-06,0.0932608693838119,481.2989020720124,1089318.9195797406,0.1962902024388313,25182076928.0,
48072,2.37415075302124,3.858509364709994e-06,0.0966696143150329,478.3760909922421,1095974.5059844607,0.1803699415177106,25188368384.0,
48084,2.425097942352295,3.811388954607531e-06,0.0869456231594085,479.6383320353925,1093090.282786891,0.1841199118643999,25194659840.0,
48096,2.34220552444458,3.764557484538744e-06,0.0901903808116912,478.4898308571428,1095713.9863574875,0.1941400114446878,25200951296.0,
48108,2.364485263824463,3.7180149680871024e-06,0.0921871736645698,478.10836182907224,1096588.2253016052,0.1844000071287155,25207242752.0,
48120,2.3653433322906494,3.6717614187520286e-06,0.086249865591526,477.3530620150268,1098323.320241938,0.1643700525164604,25213534208.0,
48132,2.4348039627075195,3.625796849949126e-06,0.0942441970109939,477.7889910619706,1097321.2229831356,0.1848901156336069,25219825664.0,
48144,2.391188621520996,3.580121275010062e-06,0.0880590081214904,477.357431082055,1098313.2677154825,0.1709100324660539,25226117120.0,
48156,2.3295624256134033,3.5347347071831294e-06,0.0912445411086082,477.4628309533,1098070.8151736315,0.182420015335083,25232408576.0,
48168,2.3251168727874756,3.4896371596323527e-06,0.0881111100316047,478.17033086903393,1096446.1116756264,0.2002699766308069,25238700032.0,
48180,2.3597660064697266,3.4448286454380474e-06,0.0912940353155136,483.0617809202522,1085343.5744827716,0.1864801160991192,25244991488.0,
48192,2.379457950592041,3.4003091775967055e-06,0.1010128706693649,479.5055810827762,1093392.9044498298,0.1853101421147585,25251282944.0,
48204,2.3501148223876953,3.3560787690209983e-06,0.0871286690235138,479.00862200185657,1094527.2713649983,0.1882698852568864,25257574400.0,
48216,2.3531129360198975,3.3121374325398855e-06,0.0848410800099372,478.62050216645,1095414.8383256432,0.190339982509613,25263865856.0,
48228,2.3341708183288574,3.268485180898284e-06,0.0853120908141136,479.4562410097569,1093505.4237605194,0.1953600440174341,25270157312.0,
48240,2.371666193008423,3.2251220267571766e-06,0.1016752272844314,478.17456093616784,1096436.4122038437,0.2022599801421165,25276448768.0,
48252,2.3624753952026367,3.1820479826940583e-06,0.0879783704876899,478.0344311147928,1096757.81884025,0.1810300163924694,25282740224.0,
48264,2.3468258380889893,3.13926306120238e-06,0.0920475646853447,479.1434509679675,1094219.2759617842,0.1824800856411457,25289031680.0,
48276,2.4255824089050293,3.0967672746915476e-06,0.0868023261427879,479.5343510340899,1093327.3056860291,0.1570601016283035,25295323136.0,
48288,2.3742589950561523,3.0545606354873688e-06,0.0920812785625457,478.5035417880863,1095682.5900197625,0.1649099867790937,25301614592.0,
48300,2.28704833984375,3.012643155831607e-06,0.0889507234096527,478.75045100227,1095117.506213094,0.1809601671993732,25307906048.0,
48312,2.3403704166412354,2.971014847882425e-06,0.0864452943205833,479.1738011408597,1094149.9697014494,0.1982799731194973,25314197504.0,
48324,2.385174512863159,2.9296757237137208e-06,0.0878299549221992,478.2759118825197,1096204.0675148666,0.1960599329322576,25320488960.0,
48336,2.3501172065734863,2.8886257953159025e-06,0.1004558950662612,478.88888185843825,1094800.9441467507,0.1974198967218399,25326780416.0,
48348,2.355487585067749,2.847865074595113e-06,0.0890932902693748,477.9693619348109,1096907.1278495595,0.1904701348394155,25333071872.0,
48360,2.3610455989837646,2.8073935733740064e-06,0.0901549980044364,478.52703207172453,1095628.8043543934,0.189830083400011,25339363328.0,
48372,2.295977830886841,2.767211303391082e-06,0.09859099984169,478.2912209630013,1096168.9803638626,0.1911900471895933,25345654784.0,
48384,2.3843770027160645,2.7273182763009054e-06,0.100405104458332,494.61551988497376,1059991.000933264,0.1808300148695707,25351946240.0,
48396,2.336214065551758,2.6877145036745545e-06,0.0893406793475151,478.3005409408361,1096147.6208425455,0.1953800674527883,25358237696.0,
48408,2.3456273078918457,2.6483999969987293e-06,0.0863057896494865,478.40651194565,1095904.8150656496,0.2132800873368978,25364529152.0,
48420,2.4027414321899414,2.6093747676763092e-06,0.0856446549296379,478.9762811269611,1094601.1747521758,0.1907700207084417,25370820608.0,
48432,2.365467071533203,2.5706388270266836e-06,0.0943005979061126,479.23426190391183,1094011.9304431567,0.207139877602458,25377112064.0,
48444,2.3355050086975098,2.532192186284865e-06,0.0906130895018577,479.9731820821762,1092327.6957382937,0.1865499652922153,25383403520.0,
48456,2.357328414916992,2.494034856602157e-06,0.1004031747579574,479.201901005581,1094085.809968216,0.2245299983769655,25389694976.0,
48468,2.321603298187256,2.4561668490459268e-06,0.0928317010402679,478.4094209317118,1095898.1513761554,0.2192200627177953,25395986432.0,
48480,2.361628770828247,2.418588174599612e-06,0.099757082760334,478.45572093501687,1095792.1016712182,0.2282001078128814,25402277888.0,
48492,2.366394519805908,2.381298844162716e-06,0.0901631414890289,477.4878809694201,1098013.208074651,0.1903299707919359,25408569344.0,
48504,2.3652193546295166,2.3442988685508093e-06,0.0868218764662742,478.93121209926903,1094704.180380981,0.1654899679124355,25414860800.0,
48516,2.388700485229492,2.307588258495752e-06,0.0910965204238891,479.9022008664906,1092489.259381116,0.1964299008250236,25421152256.0,
48528,2.36505126953125,2.271167024645027e-06,0.0940679013729095,477.32491116039455,1098388.0952817576,0.1275800168514251,25427443712.0,
48540,2.3314027786254883,2.2350351775626275e-06,0.0921754390001297,487.10035090334713,1076344.9441735914,0.1977598294615745,25433735168.0,
48552,2.3694815635681152,2.199192727728505e-06,0.0896016135811805,478.63122122362256,1095390.306256361,0.1726900227367878,25440026624.0,
48564,2.399078369140625,2.163639685538343e-06,0.0914738550782203,490.11237104423344,1069730.1904111337,0.2142800949513912,25446318080.0,
48576,2.282763957977295,2.1283760613043378e-06,0.0836483985185623,479.9790109973401,1092314.430396844,0.173139851540327,25452609536.0,
48588,2.3542754650115967,2.0934018652545296e-06,0.0899281054735183,480.27121112681925,1091649.8591908263,0.1938201021403074,25458900992.0,
48600,2.32303237915039,2.0587171075330258e-06,0.086707979440689,480.0612709950656,1092127.258908559,0.1849888358265161,25465192448.0,
48612,2.344862937927246,2.024321798199891e-06,0.083837054669857,478.2337308861315,1096300.754504567,0.2819900400936603,25471483904.0,
48624,2.395498275756836,1.990215947231366e-06,0.097040094435215,477.7617210056633,1097383.8567401369,0.2050399780273437,25477775360.0,
48636,2.331618309020996,1.956399564519762e-06,0.087122693657875,479.3991621118039,1093635.6202427556,0.1948000863194465,25484066816.0,
48648,2.334092378616333,1.9228726598733425e-06,0.0897855684161186,497.63274006545544,1053564.120260734,0.1912000589072704,25490358272.0,
48660,2.318538188934326,1.88963524301633e-06,0.0900333076715469,480.1043609622866,1092029.239120334,0.1882400829344988,25496649728.0,
48672,2.3561201095581055,1.8566873235892345e-06,0.0946692079305648,480.3569009527564,1091455.12213962,0.1817699521780014,25502941184.0,
48684,2.438720941543579,1.8240289111485232e-06,0.100423589348793,479.57680094987154,1093230.529420046,0.1748099457472562,25509232640.0,
48696,2.3277153968811035,1.7916600151662851e-06,0.0887740105390548,484.0375410858542,1083155.6552903953,0.1880000345408916,25515524096.0,
48708,2.334930658340454,1.7595806450313445e-06,0.0873505398631095,478.98938111029565,1094571.2382698387,0.2175301779061556,25521815552.0,
48720,2.319188117980957,1.7277908100479244e-06,0.088013544678688,478.5262420773506,1095630.6131174564,0.1716301776468753,25528107008.0,
48732,2.4413838386535645,1.6962905194367609e-06,0.0874471440911293,478.5626521334052,1095547.2552292866,0.1862889621406793,25534398464.0,
48744,2.3585805892944336,1.6650797823341002e-06,0.0921491310000419,478.4174410160631,1095879.7799815095,0.1755801495164632,25540689920.0,
48756,2.3289551734924316,1.6341586077927018e-06,0.0920626372098922,478.7874410394579,1095032.8999059778,0.2292089629918337,25546981376.0,
48768,2.330486297607422,1.603527004780947e-06,0.085761971771717,479.014732176438,1094513.3098889457,0.1662701833993196,25553272832.0,
48780,2.2761826515197754,1.5731849821833955e-06,0.0924948453903198,479.462101822719,1093492.0570507476,0.2125899773091077,25559564288.0,
48792,2.1194677352905273,1.5431325488007852e-06,0.0890555903315544,478.6974510643631,1095238.7543202252,0.1726900227367878,25565855744.0,
48804,2.3323357105255127,1.5133697133495882e-06,0.1024638786911964,478.9197219070047,1094730.444410065,0.1749098300933838,25572147200.0,
48816,2.309605598449707,1.4838964844624546e-06,0.0829709023237228,480.2143219858408,1091779.182744697,0.2051910851150751,25578438656.0,
48828,2.337186336517334,1.4547128706877689e-06,0.0872280225157737,478.47817093133926,1095740.687562598,0.2067701425403356,25584730112.0,
48840,2.4165172576904297,1.425818880490315e-06,0.0929954126477241,478.86294196359813,1094860.2492607476,0.189109006896615,25591021568.0,
48852,2.3699681758880615,1.3972145222505006e-06,0.0961913838982582,478.48832118324935,1095717.4434341325,0.1791201066225767,25597313024.0,
48864,2.3515143394470215,1.3688998042650225e-06,0.0884437635540962,478.39982085861266,1095920.1428190945,0.2074691001325845,25603604480.0,
48876,2.3205604553222656,1.3408747347463112e-06,0.0936040431261062,477.5938920211047,1097769.483150827,0.1759289298206567,25609895936.0,
48888,2.359687328338623,1.3131393218230869e-06,0.0891659781336784,477.5059020612389,1097971.7690123157,0.18173991702497,25616187392.0,
48900,2.4103517532348633,1.2856935735396925e-06,0.0888165831565857,478.68660115636885,1095263.5789960932,0.1929509453475475,25622478848.0,
48912,2.334925651550293,1.25853749785676e-06,0.090090736746788,478.9800811558962,1094592.4906412908,0.1521199010312557,25628770304.0,
48924,2.329521894454956,1.2316711026508777e-06,0.083098404109478,478.1545018777251,1096482.4088053284,0.2014599740505218,25635061760.0,
48936,2.407224178314209,1.2050943957142567e-06,0.0852633342146873,479.1022918652743,1094313.2790260834,0.1747901551425457,25641353216.0,
48948,2.388832092285156,1.1788073847555093e-06,0.0843649730086326,479.34698197059333,1093754.669831558,0.1814397983253002,25647644672.0,
48960,2.341357707977295,1.1528100773990912e-06,0.0893999263644218,478.0977708287537,1096612.5173333862,0.2223900519311428,25653936128.0,
48972,2.3151087760925293,1.127102481185416e-06,0.0878087431192398,478.0631510075182,1096691.930543199,0.1630601473152637,25660227584.0,
48984,2.3431649208068848,1.1016846035707409e-06,0.0874588638544082,478.469680994749,1095760.130317962,0.1856500748544931,25666519040.0,
48996,2.382232189178467,1.0765564519275018e-06,0.0862254872918129,478.7203019950539,1095186.4748895,0.1906300894916057,25672810496.0,
49008,2.3750064373016357,1.05171803354398e-06,0.090272381901741,479.0796719025821,1094364.9475209017,0.1607199665158987,25679101952.0,
49020,2.394468307495117,1.0271693556244132e-06,0.0897773131728172,479.2638411745429,1093944.4100667294,0.1826910302042961,25685393408.0,
49032,2.3641271591186523,1.0029104252891052e-06,0.1659286022186279,477.7752310037613,1097352.826136507,0.2071799244731664,25691684864.0,
49044,2.3390047550201416,9.789412495742056e-07,0.088136613368988,477.8945918660611,1097078.7469110794,0.1382699701935053,25697976320.0,
49056,2.281442165374756,9.552618354319308e-07,0.0886029601097107,480.0522509030998,1092147.7797753925,0.1702699810266494,25704267776.0,
49068,2.3389382362365723,9.318721897302318e-07,0.1000921353697776,478.7796710152179,1095050.6709866878,0.1843601930886507,25710559232.0,
49080,2.2607626914978027,9.08772319253348e-07,0.0821116268634796,480.8089609723538,1090428.9282373548,0.1865900121629238,25716850688.0,
49092,2.3966524600982666,8.859622307011428e-07,0.0927294716238975,478.903530864045,1094767.4556795843,0.1919199712574482,25723142144.0,
49104,2.3055105209350586,8.634419306897679e-07,0.0996365919709205,479.4910210184753,1093426.1060538162,0.1864000223577022,25729433600.0,
49116,2.3536505699157715,8.412114257508873e-07,0.0940550342202186,481.0094821732491,1089974.3548322876,0.1552100293338298,25735725056.0,
49128,2.4205081462860107,8.192707223325657e-07,0.0888194441795349,478.0353910755366,1096755.6163998635,0.158359995111823,25742016512.0,
49140,2.3458774089813232,7.976198267986012e-07,0.0850315019488334,479.6287820208818,1093112.047594287,0.2351000439375639,25748307968.0,
49152,2.367508888244629,7.762587454285264e-07,0.0867170691490173,477.48529189266264,1098019.1618506615,0.1844500657171011,25754599424.0,
49164,2.3101048469543457,7.551874844182738e-07,0.0888629853725433,477.30509215034544,1098433.7033531072,0.1593800261616706,25760890880.0,
49176,2.4213452339172363,7.344060498792882e-07,0.1077354997396469,478.3889108803123,1095945.1360091646,0.1750101801007986,25767182336.0,
49188,2.323995590209961,7.139144478391923e-07,0.1028415262699127,478.3372220117599,1096063.5632639737,0.1747100614011287,25773473792.0,
49200,2.344165802001953,6.937126842416764e-07,0.0897700190544128,477.3754710331559,1098271.7626134288,0.1629900652915239,25779765248.0,
49212,2.348472595214844,6.738007649458311e-07,0.0876677259802818,479.24802103079855,1093980.5215519231,0.1540591474622488,25786056704.0,
49224,2.3632736206054688,6.541786957271479e-07,0.0926362201571464,479.7423807904124,1092853.208291073,0.1715000253170728,25792348160.0,
49236,2.3307933807373047,6.348464822770739e-07,0.0860605463385582,478.3305211458355,1096078.917866403,0.1763601321727037,25798639616.0,
49248,2.3826723098754883,6.158041302026796e-07,0.0858319923281669,478.4522911068052,1095799.9569552962,0.2244908828288316,25804931072.0,
49260,2.3762810230255127,5.970516450271024e-07,0.0995328426361084,479.032170958817,1094473.4650088327,0.1899499911814928,25811222528.0,
49272,2.366924285888672,5.78589032189436e-07,0.0928478986024856,479.4143410399556,1093600.99421036,0.1631288323551416,25817513984.0,
49284,2.376335620880127,5.604162970448412e-07,0.091412216424942,480.1180209033191,1091998.169561678,0.1904198434203863,25823805440.0,
49296,2.298807144165039,5.425334448639907e-07,0.1078275740146637,478.33798080682755,1096061.824561092,0.1677300315350294,25830096896.0,
49308,2.3703806400299072,5.249404808338465e-07,0.0897592678666114,477.9518120922148,1096947.405021754,0.1586000435054302,25836388352.0,
49320,2.3264198303222656,5.076374100571046e-07,0.0946104526519775,508.55025998316705,1030946.2825116907,0.1674299128353595,25842679808.0,
49332,2.3324999809265137,4.906242375526393e-07,0.0942132472991943,477.16377093456686,1098759.0255922745,0.1509098801761865,25848971264.0,
49344,2.336369037628174,4.739009682547257e-07,0.0919899642467498,492.5811500288546,1064368.7846546464,0.1691700890660286,25855262720.0,
49356,2.4322783946990967,4.5746760701415035e-07,0.0884507372975349,478.85185992345214,1094885.5875464517,0.2088898327201604,25861554176.0,
49368,2.3855443000793457,4.413241585972116e-07,0.0863395258784294,477.7935219462961,1097310.817158651,0.1618401147425174,25867845632.0,
49380,2.2800545692443848,4.254706276862752e-07,0.0895447731018066,478.1328421086073,1096532.0802642305,0.1676490064710378,25874137088.0,
49392,2.3800835609436035,4.099070188795518e-07,0.0886744633316993,478.5006509628147,1095689.2095027547,0.1932301092892885,25880428544.0,
49404,2.31779146194458,3.946333366912081e-07,0.1016736328601837,478.4272511024028,1095857.309114236,0.160209834575653,25886720000.0,
49416,2.327334403991699,3.7964958555136706e-07,0.1127025112509727,477.5508518796414,1097868.421627563,0.1598501112312078,25893011456.0,
49428,2.344162940979004,3.649557698059969e-07,0.0909940525889396,479.55215186811984,1093286.721699839,0.1891900319606065,25899302912.0,
49440,2.319650650024414,3.505518937167995e-07,0.0856209769845008,478.2135919667781,1096346.922812731,0.1626098528504371,25905594368.0,
49452,2.32765531539917,3.364379614617663e-07,0.091570071876049,497.67583003267646,1053472.9001518444,0.2252201084047556,25911885824.0,
49464,2.3273396492004395,3.226139771345116e-07,0.1035380959510803,478.1651711091399,1096457.9431493822,0.2106099855154752,25918177280.0,
49476,2.290196418762207,3.090799447444948e-07,0.0913858413696289,478.10411104001105,1096597.9749881795,0.1704199239611625,25924468736.0,
49488,2.304539203643799,2.958358682174645e-07,0.0847695842385292,478.43090211972594,1095848.946372612,0.1921900548040866,25930760192.0,
49500,2.2932796478271484,2.828817513945703e-07,0.0876690670847892,478.076201165095,1096661.9938877623,0.1814109273254871,25937051648.0,
49512,2.345472812652588,2.702175980331401e-07,0.093976579606533,478.268601000309,1096220.824246962,0.1757899299263954,25943343104.0,
49524,2.332346200942993,2.578434118064577e-07,0.0926073715090751,479.1391610633582,1094229.072899077,0.1918599009513855,25949634560.0,
49536,2.4418325424194336,2.4575919630343e-07,0.0901077464222908,478.606031043455,1095447.9592681883,0.1913309097290039,25955926016.0,
49548,2.2871673107147217,2.339649550292533e-07,0.0898840799927711,479.0913509204984,1094338.2697113263,0.2457699738442897,25962217472.0,
49560,2.3763327598571777,2.2246069140463565e-07,0.0919207781553268,478.9323317818344,1094701.621102553,0.1774909906089306,25968508928.0,
49572,2.368128776550293,2.112464087663524e-07,0.0854715332388877,477.6027610059827,1097749.097797683,0.1730900257825851,25974800384.0,
49584,2.3060073852539062,2.0032211036702386e-07,0.0916416719555854,478.4653619863093,1095770.0215193464,0.2031198237091303,25981091840.0,
49596,2.423534393310547,1.8968779937533765e-07,0.0864770412445068,477.96531091444194,1096916.424744159,0.1623500138521194,25987383296.0,
49608,2.3527753353118896,1.7934347887560433e-07,0.0875513851642608,479.1734309401363,1094150.8150219205,0.2081599086523056,25993674752.0,
49620,2.31909704208374,1.692891518682016e-07,0.0920423567295074,478.9740319829434,1094606.3147295432,0.1834798604249954,25999966208.0,
49632,2.382331371307373,1.595248212693523e-07,0.0947650820016861,478.4547907765955,1095794.231987961,0.1900198403745889,26006257664.0,
49644,2.2864761352539062,1.5005048991112438e-07,0.089891716837883,478.9896609727293,1094570.5987375155,0.2283600624650716,26012549120.0,
49656,2.363506317138672,1.4086616054143078e-07,0.0908146128058433,479.1787110734731,1094138.7584299634,0.1729798968881368,26018840576.0,
49668,2.369063377380371,1.3197183582436266e-07,0.0902530327439308,478.569052182138,1095532.604144369,0.2520689740777015,26025132032.0,
49680,2.3301334381103516,1.233675183394123e-07,0.0890366658568382,477.68449084833264,1097561.277463505,0.1853499561548233,26031423488.0,
49692,2.397968053817749,1.1505321058236097e-07,0.0920216888189315,479.3973308987915,1093639.797737392,0.2350399736315012,26037714944.0,
49704,2.367987155914306,1.0702891496472413e-07,0.0888102650642395,478.3759010024369,1095974.9412571876,0.1807599328458309,26044006400.0,
49716,2.3687925338745117,9.92946338139733e-08,0.088391438126564,479.01673102751374,1094508.7426808188,0.203329836949706,26050297856.0,
49728,2.289283037185669,9.185036937331416e-08,0.0950364023447036,478.3040510956198,1096139.5764870646,0.2027109730988741,26056589312.0,
49740,2.3207273483276367,8.469612380190838e-08,0.0852893069386482,479.3283208273351,1093797.2517356435,0.1704299356788396,26062880768.0,
49752,2.366544723510742,7.783189917498489e-08,0.0865969657897949,482.2792811319232,1087104.5481561662,0.1897199545055627,26069172224.0,
49764,2.3296122550964355,7.125769748317356e-08,0.0869205445051193,479.8448011279106,1092619.9445479503,0.1561800017952919,26075463680.0,
49776,2.379246711730957,6.497352063361552e-08,0.0851689055562019,485.3300810791552,1080270.975238584,0.1799599267542362,26081755136.0,
49788,2.3589959144592285,5.89793704487418e-08,0.0982947051525116,478.5228511318565,1095638.377059517,0.2042199485003948,26088046592.0,
49800,2.341463327407837,5.327524866738376e-08,0.0891454219818115,477.7904520742595,1097317.8675377,0.1672001089900732,26094338048.0,
49812,2.315810441970825,4.7861156943773696e-08,0.0932287648320198,477.6940420269966,1097539.3324465414,0.1772299874573946,26100629504.0,
49824,2.354682445526123,4.2737096848322064e-08,0.0924108624458313,478.78084098920226,1095047.9950634115,0.2035901416093111,26106920960.0,
49836,2.4211173057556152,3.7903069867284424e-08,0.0893879905343055,478.8910010829568,1094796.0993511742,0.182650052011013,26113212416.0,
49848,2.3293519020080566,3.3359077402650435e-08,0.0885568782687187,478.3650911413133,1095999.7075646154,0.1611099578440189,26119503872.0,
49860,2.230855941772461,2.910512077258787e-08,0.0998925119638443,482.94745199382305,1085600.5096113556,0.1733601093292236,26125795328.0,
49872,2.3253817558288574,2.5141201210665546e-08,0.0874184221029281,479.4274109881371,1093571.180920594,0.1699300482869148,26132086784.0,
49884,2.300440788269043,2.146731986674144e-08,0.0912632122635841,478.74891106039286,1095121.028763787,0.2100900746881961,26138378240.0,
49896,2.3219423294067383,1.8083477806518644e-08,0.0926402509212493,478.33736101165414,1096063.2447592283,0.1902400981634855,26144669696.0,
49908,2.338721752166748,1.498967601121226e-08,0.0850138142704963,478.5335611086339,1095613.8557666996,0.201759859919548,26150961152.0,
49920,2.2990713119506836,1.2185915378326584e-08,0.088528424501419,477.1628410089761,1098761.1669244324,0.1991200260818004,26157252608.0,
49932,2.3963003158569336,9.672196721099981e-09,0.0857155695557594,478.3352909144014,1096067.988204997,0.3244499675929546,26163544064.0,
49944,2.1918888092041016,7.448520768615907e-09,0.0984492450952529,478.740971069783,1095139.1915098445,0.1947500277310609,26169835520.0,
49956,2.339235305786133,5.5148881656919e-09,0.0873702391982078,477.81994100660086,1097250.145934695,0.1624289434403181,26176126976.0,
49968,2.366150379180908,3.8712994733236535e-09,0.0864972397685051,479.9770810641349,1092318.822468826,0.1991901081055402,26182418432.0,
49980,2.3936991691589355,2.5177551682409318e-09,0.0893485099077224,478.6506511736661,1095345.8408850585,0.1871699932962656,26188709888.0,
49992,2.392225742340088,1.454255642907576e-09,0.0907077565789222,492.85257095471025,1063782.621615214,0.1888098195195198,26195001344.0,
50004,2.3343920707702637,6.808012059655865e-10,0.0885327756404876,478.8061920553446,1094990.0162097283,0.1793799456208944,26201292800.0,
50016,2.2861549854278564,1.9739208156899222e-10,0.0923324674367904,481.100631179288,1089767.849014976,0.1778800506144762,26207584256.0,
50028,2.4319334030151367,4.0284099389609195e-12,0.1009134501218795,477.3605919908732,1098305.9950831132,0.1845289953052997,26213875712.0,
